<?xml version="1.0" encoding="UTF-8"?>
<window>
	<defaultcontrol always="true">996</defaultcontrol>
	<coordinates>
		<left>0</left>
		<top>0</top>
		<origin x="60" y="0">true</origin>
	</coordinates>
	<animation type="WindowOpen" reversible="false">
		<effect type="fade" delay="300" end="100" time="300" />
	</animation>
	<controls>
		<control type="group">
            <animation effect="fade" end="0" start="100" time="0" condition="Window.IsVisible(DialogButtonMenu.xml) | Window.IsVisible(DialogKeyboard.xml) | Window.IsVisible(DialogNumeric.xml) | Window.IsVisible(DialogSelect.xml) | Window.IsVisible(DialogConfirm.xml)" reversible="false">Conditional</animation>
			<left>0</left>
			<top>604</top>
			<control type="image" id="999">
				<description>background image</description>
				<top>450</top>
				<width>1920</width>
				<height>60</height>
				<texture border="0"></texture>
			</control>
			<control type="grouplist" id="996">
				<animation effect="slide" start="0" end="0,31" time="0" tween="cubic" easing="inout" reversible="true" condition="Integer.IsEqual(Container(996).NumItems,4)">Conditional</animation>
				<animation effect="slide" start="0" end="0,62" time="0" tween="cubic" easing="inout" reversible="true" condition="Integer.IsEqual(Container(996).NumItems,3)">Conditional</animation>
				<animation effect="slide" start="0" end="0,93" time="0" tween="cubic" easing="inout" reversible="true" condition="Integer.IsEqual(Container(996).NumItems,2)">Conditional</animation>
				<animation effect="slide" start="0" end="0,124" time="0" tween="cubic" easing="inout" reversible="true" condition="Integer.IsEqual(Container(996).NumItems,1)">Conditional</animation>

				<description>grouplist for context buttons</description>
				<width>1730</width>
				<height>310</height>
				<onup>996</onup>
				<ondown>996</ondown>
				<onleft>Action(back)</onleft>
				<onright>60</onright>
				<focusposition>2</focusposition>
				<pagecontrol>60</pagecontrol>
				<movement>0</movement>
				<scrolltime tween="quadratic" easing="out">300</scrolltime>
				<orientation>vertical</orientation>
				<control type="button" id="94">
					<label>$LOCALIZE[14098] $LOCALIZE[20410]</label>
					<width>1730</width>
					<height>62</height>
					<align>center</align>
					<onclick>PlayMedia($ESCINFO[ListItem.Trailer])</onclick>
					<onleft>Action(back)</onleft>
					<onright>60</onright>
					<visible>!String.IsEmpty(ListItem.Trailer)</visible>
				</control>
			</control>
			<control type="button" id="1000">
				<description>button template</description>
				<width>1730</width>
				<height>62</height>
				<align>center</align>
				<onleft>Action(back)</onleft>
				<onright>60</onright>
			</control>
			<control type="scrollbar" id="60">
				<left>1730</left>
				<width>10</width>
				<height>310</height>
				<onleft>996</onleft>
				<onright>Action(back)</onright>
				<orientation>vertical</orientation>
				<showonepage>true</showonepage>
			</control>
		</control>
	</controls>
</window>