<?xml version="1.0" encoding="UTF-8"?>
<window type="dialog">
	<defaultcontrol always="true">5</defaultcontrol>
	<onload>Action(enter)</onload>
	<onunload>ClearProperty(RefreshItem,Home)</onunload>
	<coordinates>
		<left>0</left>
		<top>0</top>
		<origin x="60" y="0">true</origin>
	</coordinates>
	<animation type="WindowOpen" reversible="false">
		<effect type="fade" delay="300" end="100" time="300" />
	</animation>
	<controls>
		<control type="group">
            <animation effect="slide" end="0,800" start="0" time="400" condition="Window.IsVisible(DialogSlider.xml)" reversible="true">Conditional</animation>
            <animation effect="fade" end="0" start="100" time="0" condition="Window.IsVisible(DialogAddonSettings.xml) | Window.IsVisible(DialogKeyboard.xml) | Window.IsVisible(DialogNumeric.xml) | Window.IsVisible(DialogSelect.xml) | Window.IsVisible(DialogConfirm.xml) | Window.IsVisible(DialogContextMenu.xml) | Window.IsVisible(FileBrowser.xml) | Window.IsVisible(DialogButtonMenu.xml)" reversible="false">Conditional</animation>
			<top>604</top>
			<include content="DialogBackgroundCommonsFake">
				<param name="DialogBackgroundWidth" value="1090" />
				<param name="DialogBackgroundHeight" value="960" />
				<param name="DialogHeaderLabel" value="" />
				<param name="DialogHeaderId" value="2" />
			</include>
			<control type="grouplist" id="5">
				<description>button area</description>
				<left>60</left>
				<width>1670</width>
				<height>310</height>
				<itemgap>0</itemgap>
				<pagecontrol>6</pagecontrol>
				<onup>5</onup>
				<ondown>5</ondown>
				<onleft>9001</onleft>
				<onright>6</onright>
			</control>
			<control type="scrollbar" id="6">
				<left>1730</left>
				<width>10</width>
				<height>310</height>
				<onleft>5</onleft>
				<onright>Action(back)</onright>
				<orientation>vertical</orientation>
			</control>
			<control type="button" id="7">
				<description>Default Button</description>
				<width>1380</width>
				<height>62</height>
				<font>font30</font>
				<textcolor>$VAR[ColorTextVar]</textcolor>
				<focusedcolor>$VAR[ColorTextVar]</focusedcolor>
			</control>
			<control type="radiobutton" id="8">
				<description>Default RadioButton</description>
				<width>1380</width>
				<height>62</height>
				<font>font30</font>
				<textcolor>$VAR[ColorTextVar]</textcolor>
				<focusedcolor>$VAR[ColorTextVar]</focusedcolor>
				<textwidth>880</textwidth>
			</control>
			<control type="spincontrolex" id="9">
				<description>Default SpinControlex</description>
				<width>1380</width>
				<height>62</height>
				<textcolor>$VAR[ColorTextVar]</textcolor>
				<focusedcolor>$VAR[ColorTextVar]</focusedcolor>
				<font>font30</font>
				
				<reverse>yes</reverse>
			</control>
			<control type="edit" id="12">
				<description>Default Edit Control</description>
				<width>1380</width>
				<height>62</height>
				<font>font30</font>
				<textcolor>$VAR[ColorTextVar]</textcolor>
				<focusedcolor>$VAR[ColorTextVar]</focusedcolor>
			</control>
			<control type="sliderex" id="13">
				<description>Default Slider</description>
				<width>1380</width>
				<height>62</height>
				<font>font30</font>
				<textcolor>$VAR[ColorTextVar]</textcolor>
				<focusedcolor>$VAR[ColorTextVar]</focusedcolor>
			</control>
			<control type="label" id="14">
				<description>Default Label</description>
				<width>1380</width>
				<height>62</height>
				<font>font30</font>
				<label />
				<textcolor>$VAR[ColorHighlightVar]</textcolor>
				<textoffsetx>15</textoffsetx>
			</control>
			<!-- button group -->
			<control type="grouplist" id="9001">
				<top>-62</top>
				<left>-30</left>
				<width>62</width>
				<height>310</height>
				<onup>5</onup>
				<onleft>9001</onleft>
				<onright>9001</onright>
				<ondown>5</ondown>
				<align>center</align>
				<itemgap>0</itemgap>
				<orientation>vertical</orientation>
				<control type="button" id="111">
					<description>OK Button</description>
					<left>-30</left>
					<width>62</width>
					<height>62</height>
					<label></label>
					<align>center</align>
					<font>IconButton</font>
					<onclick>SendClick(28)</onclick>
					<onup>113</onup>
					<ondown>112</ondown>
					<onleft>Action(back)</onleft>
					<onright>5</onright>
					<texturefocus/>
					<focusedcolor>$VAR[MenuListColorHighlightVar]</focusedcolor>
				</control>
				<control type="button" id="112">
					<description>Cancel Button</description>
					<left>-30</left>
					<top>62</top>
					<width>62</width>
					<height>62</height>
					<label></label>
					<align>center</align>
					<font>IconButton</font>
					<onclick>SendClick(29)</onclick>
					<onup>111</onup>
					<ondown>113</ondown>
					<onleft>Action(back)</onleft>
					<onright>5</onright>
					<texturefocus/>
					<focusedcolor>$VAR[MenuListColorHighlightVar]</focusedcolor>
				</control>
				<control type="button" id="113">
					<description>Defaults Button</description>
					<left>-30</left>
					<top>124</top>
					<width>62</width>
					<height>62</height>
					<label></label>
					<align>center</align>
					<font>IconButton</font>
					<onclick>SendClick(30)</onclick>
					<onup>112</onup>
					<ondown>111</ondown>
					<onleft>Action(back)</onleft>
					<onright>5</onright>
					<texturefocus/>
					<focusedcolor>$VAR[MenuListColorHighlightVar]</focusedcolor>
				</control>
			</control>
		</control>
	</controls>
</window>