<?xml version="1.0" encoding="UTF-8"?>
<window type="dialog">
	<defaultcontrol always="true">9010</defaultcontrol>
	<onload>Action(enter)</onload>
	<onload>Dialog.Close(100,true)</onload>
	<onunload>Dialog.Close(100,true)</onunload>
	<coordinates>
		<left>0</left>
		<top>0</top>
		<origin x="60" y="0">true</origin>
	</coordinates>
	<animation type="WindowOpen" reversible="false">
		<effect type="fade" delay="300" end="100" time="300" />
	</animation>
	<controls>
		<control type="group">
            <animation effect="fade" end="0" start="100" time="0" condition="Window.IsVisible(DialogContextMenu.xml) | Window.IsVisible(DialogKeyboard.xml) | Window.IsVisible(DialogNumeric.xml) | Window.IsVisible(DialogConfirm.xml) | Window.IsVisible(FileBrowser.xml) | Window.IsVisible(DialogButtonMenu.xml)" reversible="false">Conditional</animation>
			<include content="DialogBackgroundCommonsFake">
				<param name="DialogBackgroundWidth" value="1090" />
				<param name="DialogBackgroundHeight" value="960" />
				<param name="DialogHeaderLabel" value="" />
				<param name="DialogHeaderId" value="1" />
			</include>
			<control type="label">
				<left>57</left>
				<top>536</top>
				<width>1715</width>
				<height>45</height>
				<font>topbar</font>
				
				
				<textcolor>$VAR[ColorMenuVar]</textcolor>
				<label>$INFO[Control.GetLabel(1),[B],[/B] ]$INFO[Container(6).ListItem.Label]$INFO[Container(3).ListItem.Label]</label>
			</control>
			<control type="group" id="9010">
				<left>0</left>
				<top>604</top>
				<control type="wraplist" id="3">
					<left>60</left>
					<width>1670</width>
					<height>310</height>
					<onup>9010</onup>
					<ondown>9010</ondown>
					<onleft>9001</onleft>
					<onright>60</onright>
					<focusposition>2</focusposition>
					<pagecontrol>60</pagecontrol>
					<movement>0</movement>
					<orientation>Vertical</orientation>
					<scrolltime tween="quadratic" easing="out">300</scrolltime>
					<itemlayout height="62" width="1670">
						<control type="label">
							<font>font30</font>
							<align>center</align>
							<textcolor>$VAR[ColorMenuVar]</textcolor>
							<label>$INFO[ListItem.Label]</label>
						</control>
					</itemlayout>
					<focusedlayout height="62" width="1670">
						<control type="image">
							<texture>listselect_fo.png</texture>
							<colordiffuse>$VAR[ColorMenuVar]</colordiffuse>
						</control>
						<control type="label">
							<font>font30</font>
							<align>center</align>
							<textcolor>$VAR[ColorMenuVar]</textcolor>
							<label>$INFO[ListItem.Label]</label>
						</control>
					</focusedlayout>
				</control>
				<control type="wraplist" id="6">
					<left>-184</left>
					<width>2540</width>
					<height>384</height>
					<onup>Action(back)</onup>
					<ondown>Action(back)</ondown>
					<onleft>9010</onleft>
					<onright>9010</onright>
					<focusposition>3</focusposition>
					<movement>1</movement>
					<orientation>Horizontal</orientation>
					<scrolltime tween="quadratic" easing="out">300</scrolltime>
					<itemlayout height="310" width="310">
						<control type="image">
							<width>310</width>
							<height>310</height>
							<bordersize>6</bordersize>
							<texture>background.png</texture>
							<colordiffuse>$VAR[MenuListColorHighlightVar]</colordiffuse>
						</control>
						<control type="image">
							<visible>String.IsEqual(ListItem.Label, ..)</visible>
							<width>310</width>
							<height>310</height>
							<bordersize>6</bordersize>
							<texture fallback="DefaultFolderBack.png">special://skin/extras/icons/DefaultFolderBack.png</texture>
							<colordiffuse>$VAR[IconColorVar]</colordiffuse>
							<aspectratio align="center" aligny="center">keep</aspectratio>
						</control>
						<control type="image">
							<visible>!String.IsEqual(ListItem.Label, ..)</visible>
							<width>310</width>
							<height>310</height>
							<bordersize>6</bordersize>
							<texture fallback="DefaultAddonSource.png">$INFO[ListItem.Icon]</texture>
							<colordiffuse>$VAR[IconColorVar]</colordiffuse>
							<aspectratio align="center" aligny="center">keep</aspectratio>
						</control>
					</itemlayout>
					<focusedlayout height="310" width="310">
						<control type="image">
							<width>310</width>
							<height>310</height>
							<bordersize>6</bordersize>
							<texture>listselect_fo.png</texture>
							<colordiffuse>$VAR[ColorMenuVar]</colordiffuse>
						</control>
						<control type="image">
							<visible>String.IsEqual(ListItem.Label, ..)</visible>
							<width>310</width>
							<height>310</height>
							<bordersize>6</bordersize>
							<texture fallback="DefaultFolderBack.png">special://skin/extras/icons/DefaultFolderBack.png</texture>
							<aspectratio align="center" aligny="center">keep</aspectratio>
						</control>
						<control type="image">
							<visible>!String.IsEqual(ListItem.Label, ..)</visible>
							<width>310</width>
							<height>310</height>
							<bordersize>6</bordersize>
							<texture fallback="DefaultAddonSource.png">$INFO[ListItem.Icon]</texture>
							<aspectratio align="center" aligny="center">keep</aspectratio>
						</control>
						<!--
						<control type="label">
							<visible>!Window.IsVisible(MyWeather.xml)</visible>
							<visible>!Window.IsVisible(script-skinshortcuts.xml)</visible>
							<animation effect="slide" time="0" start="0,0" end="0,-220">Focus</animation>
							<font>IconBig</font>
							<align>center</align>
							<textcolor>$VAR[ColorMenuVar]</textcolor>
							<label>$VAR[DialogSelectItemLabel1]</label>
							<bordersize>6</bordersize>
						</control>
						<control type="label">
							<visible>!Window.IsVisible(MyWeather.xml)</visible>
							<visible>!Window.IsVisible(script-skinshortcuts.xml)</visible>
							<animation effect="slide" time="0" start="0,0" end="0,-202">Focus</animation>
							<font>IconLarge</font>
							<align>center</align>
							<textcolor>$VAR[MenuListColorHighlightVar]</textcolor>
							<label>$VAR[DialogSelectItemLabel2]</label>
							<bordersize>6</bordersize>
						</control>
						-->
					</focusedlayout>
				</control>
				<control type="scrollbar" id="60">
					<visible>!Control.IsVisible(6)</visible>
					<left>1730</left>
					<width>10</width>
					<height>310</height>
					<onleft>3</onleft>
					<onright>Action(back)</onright>
					<orientation>vertical</orientation>
					<showonepage>true</showonepage>
				</control>
			</control>
			<control type="button" id="5">
				<top>2120</top>
				<visible>false</visible>
			</control>
			<control type="button" id="7">
				<top>2120</top>
				<visible>false</visible>
			</control>
			<control type="grouplist" id="9001">
				<visible>!Control.IsVisible(6)</visible>
				<left>-30</left>
				<top>604</top>
				<width>62</width>
				<height>310</height>
				<ondown condition="Control.IsVisible(3)">3</ondown>
				<ondown condition="Control.IsVisible(6)">6</ondown>
				<onup condition="Control.IsVisible(3)">3</onup>
				<onup condition="Control.IsVisible(6)">6</onup>
				<align>top</align>
				<itemgap>0</itemgap>
				<orientation>vertical</orientation>
				<control type="button" id="115">
					<description>Manual button</description>
					<width>62</width>
					<height>62</height>
					<label></label>
					<align>center</align>
					<font>IconButton</font>
					<onclick>SendClick(5)</onclick>
					<onleft>Action(back)</onleft>
					<onright>3</onright>
					<texturefocus/>
					<focusedcolor>$VAR[MenuListColorHighlightVar]</focusedcolor>
				</control>
				<control type="button" id="117">
					<description>Cancel button</description>
					<width>62</width>
					<height>62</height>
					<label></label>
					<align>center</align>
					<font>IconButton</font>
					<onclick>SendClick(7)</onclick>
					<onleft>Action(back)</onleft>
					<onright>3</onright>
					<texturefocus/>
					<focusedcolor>$VAR[MenuListColorHighlightVar]</focusedcolor>
				</control>
			</control>
		</control>
	</controls>
</window>