<?xml version="1.0" encoding="UTF-8"?>
<window>
	<zorder>0</zorder>
	<defaultcontrol>1</defaultcontrol>
	<visible>!Window.Previous(VideoOSD.xml)</visible>
	<visible>[Window.IsActive(videoosd) | Player.Paused | Player.Seeking | Player.DisplayAfterSeek | Player.Forwarding | Player.Rewinding] + VideoPlayer.IsFullscreen + ![Window.IsVisible(fullscreeninfo) | Window.IsVisible(musicosd) | Window.IsVisible(OSDVideoSettings) | Window.IsVisible(OSDAudioSettings) | Window.IsVisible(PVROSDGuide) | Window.IsVisible(PVROSDTeletext) | Window.IsVisible(PVROSDChannels) | Window.IsVisible(subtitlesearch) | Window.IsVisible(videobookmarks) | Window.IsActive(script.pseudotv.TVOverlay.xml) | Window.IsActive(script.pseudotv.live.TVOverlay.xml)]</visible>
	<controls>
		<control type="group">
			<animation type="WindowOpen" reversible="false">
				<effect type="fade" start="0" end="100" time="400" tween="quadratic" />
			</animation>
			<animation type="WindowClose" reversible="false">
				<effect type="fade" end="0" start="100" time="400" tween="quadratic" />
			</animation>
			<animation effect="fade" start="0" end="100" time="400">WindowOpen</animation>
			<animation effect="fade" start="0" end="100" time="400">VisibleChange</animation>
			<animation type="Conditional" condition="Window.IsVisible(VideoOSD.xml)" reversible="false">
				<effect type="fade" start="100" end="0" delay="0" time="400" />
			</animation>
			<include>FullscreenDimensions</include>
			<control type="progress" id="399">
				<left>30</left>
				<top>1940</top>
				<info>Player.ProgressCache</info>
			</control>
			<control type="progress" id="400">
				<left>300</left>
				<top>-233</top>
				<width>1</width>
				<height>1</height>
				<info>Player.Progress</info>
			</control>
			<control type="slider" id="401">
				<left>300</left>
				<top>-234</top>
				<orientation>horizontal</orientation>
			</control>
			<control type="image">
				<animation effect="fade" start="100" end="0" time="500" delay="500" condition="Player.Caching" reversible="true" loop="true">Conditional</animation>
				<top>280</top>
				<left>700</left>
				<height>520</height>
				<width>520</width>
				<texture>progress/images/$INFO[Control.GetLabel(399),inner,%.png]</texture>
			</control>
			<control type="image">
				<animation effect="fade" start="100" end="0" time="200" delay="300" condition="Player.Seeking" reversible="true" loop="true">Conditional</animation>
				<animation effect="rotate" end="360" time="500" delay="0" condition="Player.Caching" reversible="true" center="auto" loop="true">Conditional</animation>
				<top>290</top>
				<left>710</left>
				<height>500</height>
				<width>500</width>
				<texture>progress/images/$INFO[Control.GetLabel(401),middle,.png]</texture>
			</control>
			<control type="image">
				<animation effect="fade" start="100" end="0" time="400" delay="600" condition="Player.Paused" reversible="true" loop="true">Conditional</animation>
				<animation effect="rotate" start="-360" time="500" delay="0" condition="!String.IsEmpty(Player.SeekStepSize) + !String.Contains(Player.SeekStepSize,-) + Player.Seeking" reversible="true" center="auto" loop="true">Conditional</animation>
				<animation effect="rotate" end="360" time="500" delay="0" condition="!String.IsEmpty(Player.SeekStepSize) + Player.Seeking" reversible="true" center="auto" loop="true">Conditional</animation>
				<top>290</top>
				<left>710</left>
				<height>500</height>
				<width>500</width>
				<texture>progress/images/$INFO[Control.GetLabel(400),outer,%.png]</texture>
			</control>
			<!--
			<control type="grouplist">
				<top>508</top>
				<left>110</left>
				<height>144</height>
				<width>FullScreenWidth</width>
				
				<itemgap>0</itemgap>
				<scrolltime tween="sine">200</scrolltime>
				<orientation>horizontal</orientation>
				<control type="button">
					<texturefocus colordiffuse="$VAR[ColorHighlightVar]">osd/button_bg.png</texturefocus>
					<texturenofocus colordiffuse="22ffffff">osd/button_bg.png</texturenofocus>
					<label>$VAR[OSDStatus]</label>
					<align>center</align>
					<width>100</width>
					<height>64</height>
					<font>IconMedium</font>
				</control>
			</control>
			<control type="group">
				<top>200</top>
				<left>860</left>
				<height>144</height>
				<width>400</width>
				<control type="label">
					<width>auto</width>
					<font>IconTiny</font>
					<align>center</align>
					<label>g$INFO[Player.Time]</label>
				</control>
				<control type="label">
					<top>55</top>
					<width>auto</width>
					<font>IconTiny</font>
					<align>center</align>
					<label>l$INFO[Player.TimeRemaining]</label>
				</control>
				<control type="label">
					<top>110</top>
					<width>auto</width>
					<font>IconTiny</font>
					<align>center</align>
					<label>d$INFO[Player.Duration]</label>
				</control>
			</control>
			-->
		</control>
	</controls>
</window>