<?xml version="1.0" encoding="UTF-8"?>
<window>
	<defaultcontrol always="true">9000</defaultcontrol>
	<allowoverlay>no</allowoverlay>
	<menucontrol>9000</menucontrol>
	<onload>ClearProperty(RefreshItem,Home)</onload>
	<onload condition="!String.IsEmpty(Window(Home).Property(SkinHelper.ListItem.Art.ExtraFanArt))">Skin.SetString(SkinHelper_ExtraFanArtPath,$INFO[Window(Home).Property(SkinHelper.ListItem.Art.ExtraFanArt)])</onload>
	<onunload condition="Window.IsActive(home)">ClearProperty(ImageFiltercfa,Home)</onunload>
	<onunload>AlarmClock(exfa1,SetProperty(SkinHelper.ListItem.Art.ExtraFanArt,$INFO[Skin.String(SkinHelper_ExtraFanArtPath)],home),00:01,silent)</onunload>
	<onunload>AlarmClock(exfa2,Skin.Reset(SkinHelper_ExtraFanArtPath),00:01,true)</onunload>
	<onload>SetFocus(9000,0)</onload>
	<onload>AlarmClock(foc1,SetFocus(61),00:01,silent)</onload>
	<onload condition="Skin.String(OSDCast,1)">SetProperty(cfa_daemon_fire,True,home)</onload>
	<onunload condition="Skin.String(OSDCast,1)">ActivateWindow(fullscreenvideo)</onunload>
	<onunload>Skin.SetString(OSDCast,0)</onunload>
	<controls>
		<control type="multiimage" id="7975">
			<left>-2160</left>
			<imagepath background="true">$VAR[ThumbVarInfo]</imagepath>
		</control>
		<include condition="System.HasAddon(script.extendedinfo)">HiddenActorList</include>
		<include condition="System.HasAddon(script.extendedinfo)">HiddenSetList</include>
		<include condition="System.HasAddon(script.extendedinfo)">HiddenSimilarList</include>
		<include condition="System.HasAddon(script.extendedinfo)">HiddenYTList</include>
		<control type="group">
			<visible>Window.IsActive(movieinformation)</visible>
			<control type="image">
				<fadetime>400</fadetime>
				<left>-580</left>
				<width>640</width>
				<height>960</height>
				<aspectratio align="left" aligny="top">scale</aspectratio>
				<texture background="true" colordiffuse="$VAR[LibColorHighlightVar]">$VAR[FocusImage]</texture>
				<fadetime>400</fadetime>
			</control>
			<control type="group">
				<control type="image">
					<visible>!Container.Content(episodes)</visible>
					<left>1800</left>
					<width>120</width>
					<height>960</height>
					<aspectratio align="right" aligny="top">scale</aspectratio>
					<texture background="true" colordiffuse="$VAR[LibColorHighlightVar]">$VAR[FocusImage]</texture>
					<fadetime>400</fadetime>
				</control>
				<control type="image">
					<visible>!Container.Content(episodes)</visible>
					<left>1160</left>
					<width>640</width>
					<height>960</height>
					<aspectratio align="center" aligny="top">scale</aspectratio>
					<texture background="true">$VAR[ListIcon]</texture>
					<fadetime>400</fadetime>
				</control>
			</control>
			<control type="group">
				<left>1160</left>
				<width>760</width>
				<visible>[Skin.HasSetting(Enable.WideList.Misc) + Container.Content(episodes)] | [Window.IsActive(movieinformation) + Container.Content(episode) + !String.StartsWith(ListItem.Icon,Default)]</visible>
				<control type="image">
					<height>570</height>
					<aspectratio align="center" aligny="center">scale</aspectratio>
					<texture background="true">$VAR[LandscapeArtVar]</texture>
					<fadetime>400</fadetime>
				</control>
				<control type="scrollbar" id="161">
					<top>570</top>
					<height>10</height>
					<orientation>horizontal</orientation>
					<showonepage>true</showonepage>
				</control>
				<control type="image">
					<top>580</top>
					<bottom>120</bottom>
					<aspectratio align="center" aligny="center">scale</aspectratio>
					<fadetime>400</fadetime>
					<texture background="true" diffuse="thumbs/colorbox_poster_mask.png" colordiffuse="$VAR[LibColorHighlightVar]">$VAR[FocusImage]</texture>
				</control>
			</control>
		</control>
		<control type="group">
			<include>Animation.Common</include>
			<left>60</left>
			<top>0</top>
			<width>1090</width>
			<height>960</height>
			<animation effect="fade" start="100" end="0" time="300" condition="Window.IsVisible(script-script.extendedinfo-DialogVideoInfo.xml) | Window.IsVisible(script-script.extendedinfo-DialogInfo.xml)">Conditional</animation>
			<include>FullscreenDimensions</include>
			<control type="image">
				<fadetime>400</fadetime>
				<aspectratio align="center">scale</aspectratio>
				<texture background="true">$INFO[ListItem.Art(fanart)]</texture>
			</control>
			<control type="image">
				<fadetime>400</fadetime>
				<aspectratio align="center">scale</aspectratio>
				<texture background="true">$VAR[ColorboxImage]</texture>
			</control>
			<control type="image">
				<fadetime>400</fadetime>
				<texture background="true">background.png</texture>
				<colordiffuse>$VAR[ColorBackgroundVar]</colordiffuse>
			</control>
		</control>
		<control type="group">
			<top>-120</top>
			<include>Animation.Common</include>
			<left>120</left>
			<control type="group">
				<top>60</top>
				<width>1030</width>
				<height>854</height>
				<control type="panel">
					<top>118</top>
					<width>1030</width>
					<height>300</height>
					<orientation>horizontal</orientation>
					<pagecontrol>61</pagecontrol>
					<scrolltime tween="quadratic" easing="out">200</scrolltime>
					<itemlayout height="50" width="1150">
						<control type="label">
							<width>180</width>
							<height>50</height>
							<font>font15</font>
							<textcolor>$VAR[ColorHighlightVar]</textcolor>
							<label>$INFO[ListItem.Label2]</label>
						</control>
						<control type="label">
							<left>180</left>
							<width>970</width>
							<height>50</height>
							<font>font15</font>
							<label>$INFO[ListItem.Label]</label>
						</control>
					</itemlayout>
					<focusedlayout height="50" width="1150">
						<control type="label">
							<width>180</width>
							<height>50</height>
							<font>font15</font>
							<textcolor>$VAR[ColorHighlightVar]</textcolor>
							<label>$INFO[ListItem.Label2]</label>
						</control>
						<control type="label">
							<left>180</left>
							<width>970</width>
							<height>50</height>
							<font>font15</font>
							<label>$INFO[ListItem.Label]</label>
						</control>
					</focusedlayout>
					<content>
						<item>
							<label>$INFO[ListItem.Year]</label>
							<label2>$LOCALIZE[345]:</label2>
							<onclick>noop</onclick>
							<visible>!String.IsEmpty(ListItem.Year) + ![$EXP[isTvshow] | $EXP[isSeason] | $EXP[isEpisode]]</visible>
						</item>
						<item>
							<label>$INFO[ListItem.Premiered]</label>
							<label2>$LOCALIZE[32003]:</label2>
							<onclick>noop</onclick>
							<visible>!String.IsEmpty(ListItem.Premiered) + [$EXP[isTvshow] | $EXP[isSeason] | $EXP[isEpisode]]</visible>
						</item>
						<item>
							<label>$INFO[ListItem.mpaa]</label>
							<label2>$LOCALIZE[31189]:</label2>
							<onclick>noop</onclick>
							<visible>!String.IsEmpty(ListItem.mpaa)</visible>
						</item>
						<item>
							<label>$VAR[DurationVar] [LOWERCASE]$LOCALIZE[12391][/LOWERCASE]</label>
							<label2>$LOCALIZE[180]:</label2>
							<onclick>noop</onclick>
							<visible>![$EXP[isTvshow]]</visible>
							<visible>Integer.IsGreater(ListItem.Duration,0)</visible>
						</item>
						<item>
							<label>$INFO[ListItem.Top250,#]</label>
							<label2>$LOCALIZE[13409]:</label2>
							<onclick>noop</onclick>
							<visible>!String.IsEmpty(ListItem.Top250)</visible>
						</item>
						<item>
							<label>$INFO[ListItem.UserRating]</label>
							<label2>$LOCALIZE[38018]:</label2>
							<onclick>noop</onclick>
							<visible>!String.IsEmpty(ListItem.UserRating)</visible>
						</item>
						<item>
							<label>$INFO[ListItem.RatingAndVotes]</label>
							<label2>$LOCALIZE[563]:</label2>
							<onclick>noop</onclick>
							<visible>!String.IsEmpty(ListItem.Rating)</visible>
						</item>
						<item>
							<label>$INFO[ListItem.Genre]</label>
							<label2>$LOCALIZE[515]:</label2>
							<onclick>noop</onclick>
							<visible>!String.IsEmpty(ListItem.Genre)</visible>
						</item>
						<item>
							<label>$INFO[ListItem.Studio]</label>
							<label2>$LOCALIZE[572]:</label2>
							<onclick>noop</onclick>
							<visible>!String.IsEmpty(ListItem.Studio)</visible>
						</item>
						<item>
							<label>$INFO[Window(Home).Property(NextAired.NextNumber),, - ]$INFO[Window(Home).Property(NextAired.NextTitle)]</label>
							<label2>$LOCALIZE[31010]:</label2>
							<onclick>noop</onclick>
							<visible>$EXP[isTvshow] + !String.IsEmpty(Window(Home).Property(NextAired.NextDate))</visible>
						</item>
						<item>
							<label>$INFO[Window(Home).Property(NextAired.LatestNumber),, - ]$INFO[Window(Home).Property(NextAired.LatestTitle)]</label>
							<label2>$LOCALIZE[31011]:</label2>
							<onclick>noop</onclick>
							<visible>$EXP[isTvshow] + !String.IsEmpty(Window(Home).Property(NextAired.LatestDate)) + String.IsEmpty(Window(Home).Property(NextAired.NextDate))</visible>
						</item>
						<item>
							<label>$INFO[Window(Home).Property(NextAired.NextDate),, | ]$INFO[Window(Home).Property(NextAired.AirTime)]</label>
							<label2>$LOCALIZE[31012]:</label2>
							<onclick>noop</onclick>
							<visible>$EXP[isTvshow] + !String.IsEmpty(Window(Home).Property(NextAired.NextDate))</visible>
						</item>
						<item>
							<label>$INFO[ListItem.Director]</label>
							<label2>$LOCALIZE[20339]:</label2>
							<onclick>SendClick(2003,13)</onclick>
							<visible>!String.IsEmpty(ListItem.Director)</visible>
						</item>
						<item>
							<label>$INFO[ListItem.Writer]</label>
							<label2>$LOCALIZE[20417]:</label2>
							<onclick>noop</onclick>
							<visible>!String.IsEmpty(ListItem.Writer)</visible>
						</item>
						<item>
							<label>[UPPERCASE]$INFO[ListItem.Property(AudioLanguage.1)]$INFO[ListItem.Property(AudioLanguage.2),/]$INFO[ListItem.Property(AudioLanguage.3),/]$INFO[ListItem.Property(AudioLanguage.4),/]$INFO[ListItem.Property(AudioLanguage.5),/]$INFO[ListItem.Property(AudioLanguage.6),/]$INFO[ListItem.Property(AudioLanguage.7),/][/UPPERCASE]</label>
							<label2>$LOCALIZE[292]:</label2>
							<onclick>noop</onclick>
							<visible>!String.IsEmpty(ListItem.Property(AudioLanguage.1))</visible>
						</item>
						<item>
							<label>[UPPERCASE]$INFO[ListItem.Property(SubtitleLanguage.1)]$INFO[ListItem.Property(SubtitleLanguage.2),/]$INFO[ListItem.Property(SubtitleLanguage.3),/]$INFO[ListItem.Property(SubtitleLanguage.4),/]$INFO[ListItem.Property(SubtitleLanguage.5),/]$INFO[ListItem.Property(SubtitleLanguage.6),/]$INFO[ListItem.Property(SubtitleLanguage.7),/][/UPPERCASE]</label>
							<label2>$LOCALIZE[462]:</label2>
							<onclick>noop</onclick>
							<visible>!String.IsEmpty(ListItem.Property(SubtitleLanguage.1))</visible>
						</item>
						<item>
							<label>$INFO[ListItem.Country]</label>
							<label2>$LOCALIZE[574]:</label2>
							<onclick>noop</onclick>
							<visible>!String.IsEmpty(ListItem.Country)</visible>
						</item>
						<item>
							<label>$INFO[Window(Home).Property(NextAired.Country)]</label>
							<label2>$LOCALIZE[574]:</label2>
							<onclick>noop</onclick>
							<visible>$EXP[isTvshow] + !String.IsEmpty(Window(Home).Property(NextAired.Country))</visible>
						</item>
						<item>
							<label>$INFO[ListItem.PercentPlayed,,%]</label>
							<label2>$LOCALIZE[31997]:</label2>
							<onclick>noop</onclick>
							<visible>ListItem.IsResumable</visible>
						</item>
						<item>
							<label>$INFO[ListItem.LastPlayed]</label>
							<label2>$LOCALIZE[31995]:</label2>
							<onclick>noop</onclick>
							<visible>!String.IsEmpty(ListItem.LastPlayed)</visible>
						</item>
						<item>
							<label>$INFO[ListItem.PlayCount]</label>
							<label2>$LOCALIZE[31996]:</label2>
							<onclick>noop</onclick>
							<visible>!String.IsEmpty(ListItem.PlayCount)</visible>
						</item>
						<item>
							<label>$INFO[ListItem.DateAdded]</label>
							<label2>$LOCALIZE[31190]:</label2>
							<onclick>noop</onclick>
							<visible>!String.IsEmpty(ListItem.DateAdded)</visible>
						</item>
						<item>
							<label>$INFO[ListItem.Path]</label>
							<label2>$LOCALIZE[573]:</label2>
							<onclick>noop</onclick>
							<visible>!String.IsEmpty(ListItem.Path)</visible>
						</item>
						<item>
							<label>$INFO[ListItem.Filename]</label>
							<label2>$LOCALIZE[21800]:</label2>
							<onclick>noop</onclick>
							<visible>!String.IsEmpty(ListItem.Filename)</visible>
						</item>
						<item>
							<label>$INFO[Window(Home).Property(SkinHelper.ListItem.Budget.formatted),$]</label>
							<label2>$LOCALIZE[31993]:</label2>
							<onclick>noop</onclick>
							<visible>!String.IsEqual(Window(Home).Property(SkinHelper.ListItem.Budget.formatted),0)</visible>
							<visible>!String.IsEqual(Window(Home).Property(SkinHelper.ListItem.Budget.formatted),)</visible>
						</item>
						<item>
							<label>$INFO[Window(Home).Property(SkinHelper.ListItem.Revenue.formatted),$]</label>
							<label2>$LOCALIZE[31994]:</label2>
							<onclick>noop</onclick>
							<visible>!String.IsEqual(Window(Home).Property(SkinHelper.ListItem.Revenue.formatted),0)</visible>
							<visible>!String.IsEqual(Window(Home).Property(SkinHelper.ListItem.Revenue.formatted),)</visible>
						</item>
					</content>
				</control>
				<control type="scrollbar" id="61">
					<left>0</left>
					<top>430</top>
					<width>1030</width>
					<height>10</height>
					<onup>Action(back)</onup>
					<ondown>9000</ondown>
					<onleft condition="Control.IsVisible(60)">60</onleft>
					<onleft condition="!Control.IsVisible(60)">9000</onleft>
					<onright>9000</onright>
					<onclick>SendClick(8)</onclick>
					<orientation>horizontal</orientation>
					<showonepage>true</showonepage>
				</control>
				<control type="textbox" id="4">
					<description>Plot</description>
					<include>HiddenObject</include>
				</control>
				<control type="textbox" id="400">
					<description>Plot</description>
					<animation effect="fade" time="300" start="0" end="100" delay="100">Visible</animation>
					<left>20</left>
					<top>440</top>
					<width>1000</width>
					<height>400</height>
					<font>font14</font>
					<label>$VAR[VideoInfoPlotVar]</label>
					<pagecontrol>60</pagecontrol>
					<autoscroll time="2000" delay="2000" repeat="4000">Skin.HasSetting(Enable.AutoScroll)</autoscroll>
					<visible>![Control.HasFocus(50) | Control.HasFocus(150) | Control.HasFocus(250) | Control.HasFocus(555) | Control.HasFocus(206) | Control.HasFocus(350) | ControlGroup(9000).HasFocus(203) | Control.HasFocus(204) | Control.HasFocus(90019) | Control.HasFocus(61)] | [![ControlGroup(9000).HasFocus(555) | ControlGroup(9000).HasFocus(206) | ControlGroup(9000).HasFocus(204)] + Control.HasFocus(61)]</visible>
				</control>
				<control type="scrollbar" id="60">
					<left>0</left>
					<top>440</top>
					<width>10</width>
					<bottom>-166</bottom>
					<onup>61</onup>
					<onleft>9000</onleft>
					<onright>61</onright>
					<ondown>9000</ondown>
					<orientation>vertical</orientation>
				</control>
				<control type="group">
					<visible>![Control.IsVisible(250) | Control.HasFocus(206) | Control.IsVisible(350)]</visible>
					<animation effect="fade" time="300" start="0" end="100" delay="100">Visible</animation>
					<include content="MediaFlags">
						<param name="left" value="15" />
						<param name="top" value="885" />
						<param name="width" value="1000" />
						<param name="align" value="center" />
						<param name="orientation" value="horizontal" />
					</include>
				</control>
				<control type="group">
					<left>200</left>
					<visible>$EXP[isTvshow] + !Control.IsVisible(150) + !Control.IsVisible(90019)</visible>
					<animation effect="fade" time="300" start="0" end="100" delay="100">Visible</animation>
					<animation effect="slide" time="0" start="0" end="100" condition="String.IsEmpty(ListItem.Property(TotalSeasons))">Conditional</animation>
					<top>875</top>
					<control type="group">
						<visible>!String.IsEmpty(ListItem.Property(TotalSeasons))</visible>
						<width>200</width>
						<control type="label">
							<top>4</top>
							<width>200</width>
							<height>60</height>
							<align>center</align>
							<label>$INFO[ListItem.Property(TotalSeasons)]</label>
							<font>font16</font>
							<wrapmultiline>true</wrapmultiline>
						</control>
						<control type="label">
							<top>52</top>
							<width>200</width>
							<height>30</height>
							<align>center</align>
							<label>[LOWERCASE]$VAR[OneOrMoreSeasonsVar][/LOWERCASE]</label>
							<font>font12</font>
						</control>
					</control>
					<control type="group">
						<visible>!String.IsEmpty(ListItem.Property(TotalEpisodes))</visible>
						<animation effect="slide" time="0" start="0" end="-200" condition="String.IsEmpty(ListItem.Property(TotalSeasons))">Conditional</animation>
						<left>200</left>
						<width>200</width>
						<control type="label">
							<top>4</top>
							<width>200</width>
							<height>60</height>
							<align>center</align>
							<label>$INFO[ListItem.Property(TotalEpisodes)]</label>
							<font>font16</font>
							<wrapmultiline>true</wrapmultiline>
						</control>
						<control type="label">
							<top>52</top>
							<width>200</width>
							<height>30</height>
							<align>center</align>
							<label>[LOWERCASE]$VAR[OneOrMoreEpisodesVar][/LOWERCASE]</label>
							<font>font12</font>
						</control>
					</control>
					<control type="group">
						<visible>!String.IsEmpty(ListItem.Property(UnWatchedEpisodes))</visible>
						<animation effect="slide" time="0" start="0" end="-200" condition="String.IsEmpty(ListItem.Property(TotalSeasons))">Conditional</animation>
						<left>400</left>
						<width>200</width>
						<control type="label">
							<top>4</top>
							<width>200</width>
							<height>60</height>
							<align>center</align>
							<label>$INFO[ListItem.Property(UnWatchedEpisodes)]</label>
							<font>font16</font>
							<wrapmultiline>true</wrapmultiline>
						</control>
						<control type="label">
							<top>52</top>
							<width>200</width>
							<height>30</height>
							<align>center</align>
							<label>[LOWERCASE]$LOCALIZE[16101][/LOWERCASE]</label>
							<font>font12</font>
						</control>
					</control>
				</control>
			</control>
			<control type="label">
				<left>-10</left>
				<top>1017</top>
				<width>800</width>
				<height>40</height>
				<font>font13_title</font>
				<textoffsetx>15</textoffsetx>
				<aligny>top</aligny>
				<label>$INFO[ListItem.Set]</label>
				<visible>Integer.IsGreater(Container(250).NumItems,0) + [ControlGroup(9000).HasFocus(206) | Control.HasFocus(250)]</visible>
				<animation effect="fade" start="0" end="100" time="500" tween="sine" easing="inout">Visible</animation>
			</control>
			<control type="label">
				<left>862</left>
				<top>1025</top>
				<width>300</width>
				<height>40</height>
				<font>font13_title</font>
				<textoffsetx>15</textoffsetx>
				<textcolor>disabled</textcolor>
				<align>right</align>
				<label>$INFO[Container(250).NumItems,[B], $LOCALIZE[31025][/B] ]$INFO[Container(250).CurrentPage]$INFO[Container(250).NumPages,/]</label>
				<visible>Integer.IsGreater(Container(250).NumItems,0) + [ControlGroup(9000).HasFocus(206) | Control.HasFocus(250)]</visible>
				<animation effect="fade" start="0" end="100" time="500" tween="sine" easing="inout">Visible</animation>
			</control>
			<control type="label">
				<left>862</left>
				<top>1025</top>
				<width>300</width>
				<height>40</height>
				<font>font13_title</font>
				<textoffsetx>15</textoffsetx>
				<textcolor>disabled</textcolor>
				<align>right</align>
				<label>$INFO[Container(50).NumItems,[B], $LOCALIZE[31025][/B] ]$INFO[Container(50).CurrentPage]$INFO[Container(50).NumPages,/]</label>
				<visible>Integer.IsGreater(Container(50).NumItems,0) + [ControlGroup(9000).HasFocus(555) | Control.HasFocus(50)] + !System.HasAddon(script.extendedinfo)</visible>
				<animation effect="fade" start="0" end="100" time="500" tween="sine" easing="inout">Visible</animation>
			</control>
			<control type="label">
				<left>862</left>
				<top>1025</top>
				<width>300</width>
				<height>40</height>
				<font>font13_title</font>
				<textoffsetx>15</textoffsetx>
				<textcolor>disabled</textcolor>
				<align>right</align>
				<label>$INFO[Container(90019).NumItems,[B], $LOCALIZE[31025][/B] ]$INFO[Container(90019).CurrentPage]$INFO[Container(90019).NumPages,/]</label>
				<visible>Integer.IsGreater(Container(90019).NumItems,0) + [ControlGroup(9000).HasFocus(555) | Control.HasFocus(90019)] + System.HasAddon(script.extendedinfo)</visible>
				<animation effect="fade" start="0" end="100" time="500" tween="sine" easing="inout">Visible</animation>
			</control>
			<control type="group">
				<left>20</left>
				<top>510</top>
				<control type="button" id="11">
					<visible>false</visible>
				</control>
				<control type="button" id="7">
					<visible>false</visible>
				</control>
				<control type="button" id="10">
					<visible>false</visible>
				</control>
				<control type="wraplist" id="9000">
					<width>1000</width>
					<height>60</height>
					<itemgap>10</itemgap>
					<onup condition="!String.IsEmpty(Container(9000).ListItem.Property(widgetName))">9003</onup>
					<onup condition="String.IsEmpty(Container(9000).ListItem.Property(widgetName))">61</onup>
					<onleft>9000</onleft>
					<onright>9000</onright>
					<ondown>9010</ondown>
					<orientation>horizontal</orientation>
					<itemlayout height="525" width="260" />
					<focusedlayout height="525" width="375" />
					<content>
						<item>
							<property name="MovieInfoIconThumbImage">$INFO[ListItem.Path]</property>
							<thumb>$VAR[MovieInfoIconThumbImage]</thumb>
							<onclick>SendClick(8)</onclick>
						</item>
						<item id="90002">
							<label>$LOCALIZE[208] $INFO[ListItem.Label,[LIGHT],[/LIGHT]]</label>
							<label2>$LOCALIZE[208] $INFO[ListItem.Label]</label2>
							<icon>$INFO[Skin.String(MenuDefaultIconsPath)]stopplay.png</icon>
							<thumb>$INFO[Skin.String(MenuDefaultIconsPath)]stopplay.png</thumb>
							<onclick>PlayerControl(Stop)</onclick>
							<onclick>PlayMedia($INFO[Container(150).ListItem.File])</onclick>
							<visible>Window.IsActive(home) + Window.IsActive(movieinformation) + !String.IsEmpty(ListItem.File)</visible>
						</item>
						<item>
							<property name="widgetName">$LOCALIZE[206]</property>
							<label2>cast</label2>
							<thumb>$INFO[Skin.String(MenuDefaultIconsPath)]DefaultActor.png</thumb>
							<onclick>SendClick(555)</onclick>
							<visible>Integer.IsGreater(Container(90019).NumItems,0) | Integer.IsGreater(Container(50).NumItems,0)</visible>
						</item>
						<item>
							<property name="widgetName">Set</property>
							<label2>sets</label2>
							<thumb>$INFO[Skin.String(MenuDefaultIconsPath)]set.png</thumb>
							<onclick>SendClick(206)</onclick>
							<visible>$EXP[isMovie] + !String.IsEmpty(ListItem.SetID)</visible>
							<visible>Integer.IsGreater(Container(88821).NumItems,1)</visible>
						</item>
						<item>
							<property name="widgetName">$LOCALIZE[31185]</property>
							<label2>similar</label2>
							<thumb>$INFO[Skin.String(MenuDefaultIconsPath)]DefaultPlaylist.png</thumb>
							<onclick>SendClick(203)</onclick>
							<visible>!$EXP[isEpisode]</visible>
							<visible>Integer.IsGreater(Container(88820).NumItems,0)</visible>
						</item>
						<item>
							<property name="widgetName">$LOCALIZE[31070]</property>
							<label2>youtube</label2>
							<thumb>$INFO[Skin.String(MenuDefaultIconsPath)]youtube.png</thumb>
							<onclick>SendClick(204)</onclick>
							<visible>Integer.IsGreater(Container(88822).NumItems,0)</visible>
						</item>
						<item>
							<label>12005</label>
							<label2>$LOCALIZE[12005]</label2>
							<thumb>$INFO[Skin.String(MenuDefaultIconsPath)]fullscreen.png</thumb>
							<onclick condition="Control.IsVisible(50)">Action(back)</onclick>
							<onclick>Fullscreen</onclick>
							<visible>Player.HasMedia</visible>
						</item>
						<item>
							<thumb>$INFO[Skin.String(MenuDefaultIconsPath)]DefaultIconHome.png</thumb>
							<property name="labelID">$LOCALIZE[10000]</property>
							<property name="defaultID">$LOCALIZE[10000]</property>
							<onclick>Action(back)</onclick>
							<onclick>ActivateWindow(Home)</onclick>
						</item>
						<item>
							<thumb>$INFO[Skin.String(MenuDefaultIconsPath)]DefaultFolderBack.png</thumb>
							<property name="labelID">$LOCALIZE[210]</property>
							<property name="defaultID">$LOCALIZE[210]</property>
							<onclick>Action(back)</onclick>
							<onclick>Action(back)</onclick>
						</item>
					</content>
				</control>
			</control>
		</control>
		<control type="group">
			<include>Animation.Common</include>
			<include>Scrollbar_Vertical</include>
		</control>
		<control type="group" id="97631">
			<visible>Window.IsActive(movieinformation)</visible>
			<animation effect="slide" tween="cubic" time="600" start="0,700" end="0,0" reversible="false">WindowOpen</animation>
			<animation effect="slide" tween="cubic" time="300" start="0,0" end="0,700" reversible="false">WindowClose</animation>
			<animation effect="slide" tween="cubic" time="600" start="0,700" end="0,0" reversible="false">Visible</animation>
			<animation effect="slide" tween="cubic" time="300" start="0,0" end="0,700" reversible="false">Hidden</animation>
			<animation effect="slide" time="300" delay="0" start="0" end="0,483" tween="cubic" reversible="true" condition="!Window.IsVisible(DialogConfirm.xml) + !Window.IsVisible(DialogTextViewer.xml) + !Window.IsVisible(DialogButtonMenu.xml) + !Window.IsVisible(DialogKeyboard.xml) + !Window.IsVisible(DialogNumeric.xml) + !Window.IsVisible(1130) + !Window.IsVisible(DialogSelect.xml) + !Window.IsVisible(FileBrowser.xml) + [Integer.IsLess(System.CurrentControlID, 6000) | Integer.IsGreaterOrEqual(System.CurrentControlID, 9050)] + [!String.StartsWith(System.CurrentControlID, 8011) + !String.StartsWith(System.CurrentControlID, 909)] + [[String.IsEqual(Container(9000).ListItem.Property(widget),weather) + Weather.IsFetched] | [!Control.IsVisible(12345) + !String.IsEqual(Container(9000).ListItem.Property(widget),weather) + !String.IsEmpty(Container(9000).ListItem.Property(widgetName))]]">Conditional</animation>
			<animation effect="slide" time="300" delay="0" start="0" end="0,163" tween="cubic" reversible="true" condition="!Window.IsVisible(DialogConfirm.xml) + !Window.IsVisible(DialogTextViewer.xml) + !Window.IsVisible(DialogButtonMenu.xml) + !Window.IsVisible(DialogKeyboard.xml) + !Window.IsVisible(DialogNumeric.xml) + !Control.HasFocus(9010) + [Integer.IsLess(System.CurrentControlID, 6000) | Integer.IsGreaterOrEqual(System.CurrentControlID, 9050)] + [!String.StartsWith(System.CurrentControlID, 8011) + !String.StartsWith(System.CurrentControlID, 909)] + [String.IsEmpty(Container(9000).ListItem.Property(widgetName))]">Conditional</animation>
			<control type="group">
				<include>HomeDefault</include>
			</control>
			<control type="group">
				<left>-140</left>
				<top>195</top>
				<include>MenuHome3D</include>
			</control>
		</control>
	</controls>
</window>