<?xml version="1.0" encoding="utf-8"?>
<window>
	<defaultcontrol always="false">9000</defaultcontrol>
	<allowoverlay>no</allowoverlay>
	<onload>RunScript(script.skinshortcuts,type=buildxml&amp;mode=single&amp;options=clonewidgets&amp;mainmenuID=9000&amp;group=mainmenu)</onload>
	<onload>ClearProperty(MediaMenu,Home)</onload>
	<onload condition="String.IsEmpty(Skin.String(background_fx))">Skin.SetString(background_fx,blur)</onload>
	<onload condition="String.IsEmpty(Skin.String(focus_fx))">Skin.SetString(focus_fx,blur)</onload>
	<onload condition="String.IsEmpty(Skin.String(MenuDefaultIconsPath))">Skin.SetString(MenuDefaultIconsPath,special://skin/extras/simple/)</onload>
	<onload>SetProperty(cfa_daemon_set,$INFO[Skin.String(background_fx)],home)</onload>
	<onload>SetProperty(FIVE_daemon_set,$INFO[Skin.String(focus_fx)],home)</onload>
	<onunload>Dialog.Close(all,true)</onunload>
	<!--
	<onload>RunScript(script.colorbox,info=pixelate,id=$VAR[HomeBackgroundVar],prefix=widget1,pixelsize=50)</onload>
	<onload condition="System.HasAddon(script.colorbox)">RunScript(script.colorbox,typeout='"testing testing testing testing testing testing "',prop=testType)</onload>
	<onunload>ClearProperty(ImageFIVE,Home)</onunload>
	<onunload>ClearProperty(ImageFilterFIVE,Home)</onunload>
	<onload condition="String.IsEmpty(Window(home).Property(adonic_loaded))">ReplaceWindow(StartUp.xml)</onload>
	<onload condition="String.IsEmpty(Window(home).Property(adonic_loaded))">AlarmClock(adonic_loaded,Action(back),00:02,silent)</onload>
	<onload condition="String.IsEmpty(Window(home).Property(adonic_loaded))">SetProperty(adonic_loaded,1,home)</onload>
	<onload>SetProperty(NINE_manual_set,"info=pixelrandom,id=special://skin/extras/misc/empty.jpg,prefix=cbx",home)</onload>
	<onload condition="Window.Previous(startup)">XBMC.PlayMedia(special://skin/extras/adonic-intro-kodi.mp4)</onload>
	<onload condition="System.HasAddon(script.randomart)">RunScript(script.randomart,info=randomart_color,prefix=$INFO[System.Time(hh:mm:ss)])</onload>
	<onload condition="System.HasAddon(script.randomart)">RunScript(script.randomart,info=randomart_gray,prefix=$INFO[System.Time(hh:mm:ss)])</onload>
	<onload condition="System.HasAddon(script.randomart)">RunScript(script.randomart,info=randomart_eqn,prefix=$INFO[System.Time(hh:mm:ss)])</onload>
	<onload condition="System.HasAddon(script.randomart)">RunScript(script.randomart,info=randomart_eqn)</onload>
	-->
	<controls>
 		<control type="multiimage" id="7977">
            <fadetime>300</fadetime>
            <animation effect="fade" time="200" tween="cubic">Visible</animation>
            <include>FullscreenDimensions</include>
            <imagepath background="true">$VAR[HomeBackgroundVar]</imagepath>
        </control>
        <include>skinshortcuts-template-WidgetFanart</include>
        <control type="visualisation">
        	<visible>Player.HasAudio + !Skin.HasSetting(Disable.ShowBackgroundVis)</visible>
            <include>FullscreenDimensions</include>
        </control>
        <control type="image">
			<include>FullscreenDimensions</include>
			<texture>black.png</texture>
			<visible>Player.HasVideo + !Skin.HasSetting(Disable.ShowBackgroundVideo)</visible>
		</control>
 		<control type="videowindow">
            <include>FullscreenDimensions</include>
            <visible>Player.HasVideo + [Container(9000).HasFocus(90005) | Container(9000).HasFocus(90004) | Container(9000).HasFocus(90003) | Container(9000).HasFocus(90002)]</visible>
        </control>
        <control type="image">
            <visible>![Player.HasVideo + [Container(9000).HasFocus(90005) | Container(9000).HasFocus(90004) | Container(9000).HasFocus(90003) | Container(9000).HasFocus(90002)]]</visible>
			<animation type="Conditional" condition="!Control.HasFocus(9010) + !Control.HasFocus(9000) + !Control.HasFocus(9001) + Window.IsActive(home)" reversible="false">
				<effect type="fade" delay="0" start="55" end="0" time="1000" />
			</animation>
			<animation type="Conditional" condition="true" reversible="false">
				<effect type="fade" delay="0" start="55" end="55" time="00" />
			</animation>
            <include>FullscreenDimensions</include>
            <texture>background.png</texture>
            <colordiffuse>$VAR[MenuListColorHighlightVar]</colordiffuse>
        </control>
		<control type="group">
			<visible>Skin.HasSetting(ColorBox_Enable_7978)</visible>
			<animation effect="fade" time="25000" delay="0" start="0" end="100" tween="cubic" reversible="false" condition="System.IdleTime(30) + Skin.HasSetting(ColorBox_Enable_7978)">Conditional</animation>
			<animation effect="fade" time="0" delay="0" start="0" end="0" tween="cubic" reversible="false" condition="!System.IdleTime(30) + Skin.HasSetting(ColorBox_Enable_7978)">Conditional</animation>
			<control type="multiimage" id="7978">
				<fadetime>1000</fadetime>
				<animation effect="fade" time="200" tween="cubic">Visible</animation>
				<posx>0</posx>
				<posy>0</posy>
				<width>1920</width>
				<height>1080</height>
				<aspectratio>scale</aspectratio>
				<timeperimage>3000</timeperimage>
				<randomize>true</randomize>
				<imagepath background="true">$INFO[Window(Home).Property(SkinHelper.AllVideosBackground)]</imagepath>
			</control>
			<control type="image">
				<animation type="Conditional" condition="true" reversible="true">
					<effect type="fade" delay="0" start="30" end="30" time="1000" />
				</animation>
				<posx>0</posx>
				<posy>0</posy>
				<width>1920</width>
				<height>1080</height>
				<texture>background.png</texture>
				<aspectratio>scale</aspectratio>
				<colordiffuse>$INFO[Window(home).Property(ImageColorEIGHT)]</colordiffuse>
			</control>
			<control type="image">
				<fadetime>1000</fadetime>
				<left>1400</left>
				<top>820</top>
				<width>400</width>
				<height>200</height>
				<aspectratio>keep</aspectratio>
				<texture>$INFO[Window(Home).Property(SkinHelper.AllVideosBackground.clearlogo)]</texture>
			</control>
		</control>
		<control type="group" id="97631">
			<visible>!Window.IsActive(movieinformation) + !Window.IsActive(DialogVideoInfo.xml)</visible>
			<animation effect="slide" tween="cubic" time="600" start="0,700" end="0,0" reversible="false">WindowOpen</animation>
			<animation effect="slide" tween="cubic" time="300" start="0,0" end="0,700" reversible="false">WindowClose</animation>
			<animation effect="slide" tween="cubic" time="600" start="0,700" end="0,0" reversible="false">Visible</animation>
			<animation effect="slide" tween="cubic" time="300" start="0,0" end="0,700" reversible="false">Hidden</animation>


			<animation effect="slide" time="25000" delay="0" start="0" end="0,700" tween="cubic" reversible="false" condition="System.IdleTime(30) + Skin.HasSetting(ColorBox_Enable_7978)">Conditional</animation>
			

			<control type="group">
				<include>HomeDefault</include>
			</control>
			<control type="group">
				<left>-140</left>
				<top>195</top>
				<include>MenuHome3D</include>
			</control>
        </control>
	</controls>
</window>