<?xml version="1.0" encoding="UTF-8"?>
<includes>
	<include name="VideoButtonsGroup">
		<control type="group" id="97632">
			<top>488</top>
			<control type="wraplist" id="9000">
				<animation effect="fade" start="100" end="0" time="0" tween="quadratic" easing="out" condition="true">Conditional</animation>
				<top>20</top>
				<left>110</left>
				<height>144</height>
				<width>FullScreenWidth</width>
				
				<itemgap>0</itemgap>
				<scrolltime tween="sine">200</scrolltime>
				<orientation>horizontal</orientation>
				<onup>Action(back)</onup>
				<ondown>9010</ondown>
				<onleft>202</onleft>
				<onright>202</onright>
					<itemlayout height="120" width="1150"></itemlayout>
					<focusedlayout height="120" width="1150"></focusedlayout>
					<content>
						<item>
							<label></label>
							<label2>$LOCALIZE[478] $LOCALIZE[14221] $LOCALIZE[1390]</label2>
							<icon>$INFO[Skin.String(MenuDefaultIconsPath)]audiodsp.png</icon>
							<thumb>$INFO[Skin.String(MenuDefaultIconsPath)]audiodsp.png</thumb>
					<onclick>SetProperty(RefreshItem,$LOCALIZE[13396],home)</onclick>
							<onclick>ActivateWindow(osdaudiosettings)</onclick>
						</item>
						<item>
							<label></label>
							<label2>$LOCALIZE[478] $LOCALIZE[13280] $LOCALIZE[1390]</label2>
							<icon>$INFO[Skin.String(MenuDefaultIconsPath)]DefaultVideo.png</icon>
							<thumb>$INFO[Skin.String(MenuDefaultIconsPath)]DefaultVideo.png</thumb>
					<onclick>SetProperty(RefreshItem,$LOCALIZE[13395],home)</onclick>
							<onclick>ActivateWindow(osdvideosettings)</onclick>
						</item>
						<item>
							<label></label>
							<label2>210</label2>
							<icon>$INFO[Skin.String(MenuDefaultIconsPath)]previous.png</icon>
							<thumb>$INFO[Skin.String(MenuDefaultIconsPath)]previous.png</thumb>
							<onclick>PlayerControl(Previous)</onclick>
						</item>
						<item>
							<label></label>
							<label2>31990</label2>
							<icon>$INFO[Skin.String(MenuDefaultIconsPath)]rewind.png</icon>
							<thumb>$INFO[Skin.String(MenuDefaultIconsPath)]rewind.png</thumb>
							<onclick>PlayerControl(Rewind)</onclick>
						</item>
						<item>
							<label></label>
							<label2>208</label2>
							<icon>$INFO[Skin.String(MenuDefaultIconsPath)]play.png</icon>
							<thumb>$INFO[Skin.String(MenuDefaultIconsPath)]play.png</thumb>
							<onclick>PlayerControl(Play)</onclick>
							<onclick>AlarmClock(foc1,Action(back),00:02,silent)</onclick>
							<visible>Player.Paused | Player.Forwarding | Player.Rewinding</visible>
						</item>
						<item>
							<label></label>
							<label2>36045</label2>
							<icon>$INFO[Skin.String(MenuDefaultIconsPath)]pause.png</icon>
							<thumb>$INFO[Skin.String(MenuDefaultIconsPath)]pause.png</thumb>
							<onclick>PlayerControl(Play)</onclick>
							<visible>!Player.Paused + !Player.Forwarding + !Player.Rewinding</visible>
						</item>
						<item>
							<label></label>
							<label2>298</label2>
							<icon>$INFO[Skin.String(MenuDefaultIconsPath)]DefaultTags.png</icon>
							<thumb>$INFO[Skin.String(MenuDefaultIconsPath)]DefaultTags.png</thumb>
							<onclick>ActivateWindow(videobookmarks)</onclick>
						</item>
						<item>
							<label></label>
							<label2>244</label2>
							<icon>$INFO[Skin.String(MenuDefaultIconsPath)]DefaultIconHome.png</icon>
							<thumb>$INFO[Skin.String(MenuDefaultIconsPath)]DefaultIconHome.png</thumb>
							<onclick>Skin.SetString(_kill_feking_seekbar,1)</onclick>
							<onclick>Action(back)</onclick>
							<onclick>Dialog.Close(all,true)</onclick>
							<onclick>ActivateWindow(Home)</onclick>
						</item>
						<item>
							<label></label>
							<label2>36044</label2>
							<icon>$INFO[Skin.String(MenuDefaultIconsPath)]stop.png</icon>
							<thumb>$INFO[Skin.String(MenuDefaultIconsPath)]stop.png</thumb>
							<onclick>PlayerControl(Stop)</onclick>
							<onclick>Dialog.Close(all,true)</onclick>
						</item>
						<item>
							<label></label>
							<label2>31991</label2>
							<icon>$INFO[Skin.String(MenuDefaultIconsPath)]forward.png</icon>
							<thumb>$INFO[Skin.String(MenuDefaultIconsPath)]forward.png</thumb>
							<onclick>PlayerControl(Forward)</onclick>
						</item>
						<item>
							<label></label>
							<label2>209</label2>
							<icon>$INFO[Skin.String(MenuDefaultIconsPath)]next.png</icon>
							<thumb>$INFO[Skin.String(MenuDefaultIconsPath)]next.png</thumb>
							<onclick>PlayerControl(Next)</onclick>
						</item>
						<item>
							<label></label>
							<label2>287</label2>
							<icon>$INFO[Skin.String(MenuDefaultIconsPath)]subtitles.png</icon>
							<thumb>$INFO[Skin.String(MenuDefaultIconsPath)]subtitles.png</thumb>
							<onclick>Close</onclick>
							<onclick>ActivateWindow(SubtitleSearch)</onclick>
						</item>
						<item>
							<label></label>
							<label2>$LOCALIZE[13280] $LOCALIZE[29915]</label2>
							<icon>$INFO[Skin.String(MenuDefaultIconsPath)]DefaultIconInfo.png</icon>
							<thumb>$INFO[Skin.String(MenuDefaultIconsPath)]DefaultIconInfo.png</thumb>
							<onclick>PlayerControl(ShowVideoMenu)</onclick>
							<visible>VideoPlayer.HasMenu</visible>
						</item>
						<item>
							<label></label>
							<label2>$LOCALIZE[14022] $LOCALIZE[29915]</label2>
							<icon>$INFO[Skin.String(MenuDefaultIconsPath)]DefaultActor.png</icon>
							<thumb>$INFO[Skin.String(MenuDefaultIconsPath)]DefaultActor.png</thumb>
							<onclick>Skin.SetString(OSDCast,1)</onclick>
							<onclick>Dialog.Close(videoosd)</onclick>
							<onclick>activateWindow(videoplaylist)</onclick>
							<onclick>Action(info)</onclick>
							<visible>VideoPlayer.Content(movies) | VideoPlayer.Content(episodes) | VideoPlayer.Content(files)</visible>
						</item>
						<item>
							<label></label>
							<label2>13320</label2>
							<icon>$INFO[Skin.String(MenuDefaultIconsPath)]stereo.png</icon>
							<thumb>$INFO[Skin.String(MenuDefaultIconsPath)]stereo.png</thumb>
							<onclick>StereoMode</onclick>
							<visible>VideoPlayer.IsStereoscopic</visible>
						</item>
						<item>
							<label></label>
							<label2>29915</label2>
							<icon>$INFO[Skin.String(MenuDefaultIconsPath)]DefaultIconInfo.png</icon>
							<thumb>$INFO[Skin.String(MenuDefaultIconsPath)]DefaultIconInfo.png</thumb>
							<onclick>Close</onclick>
							<onclick>ActivateWindow(fullscreeninfo)</onclick>
							<visible>VideoPlayer.Content(movies) | VideoPlayer.Content(episodes) | VideoPlayer.Content(files)</visible>
						</item>
					</content>
					<!--
				-->
			</control>
		</control>
	</include>
	<include name="AudioButtonsGroup">
		<control type="group" id="97632">
			<top>488</top>
			<control type="wraplist" id="9000">
				<animation effect="fade" start="100" end="0" time="0" tween="quadratic" easing="out" condition="true">Conditional</animation>
				<top>20</top>
				<left>110</left>
				<height>144</height>
				<width>FullScreenWidth</width>
				
				<itemgap>0</itemgap>
				<scrolltime tween="sine">200</scrolltime>
				<orientation>horizontal</orientation>
				<onup>Action(back)</onup>
				<ondown>703</ondown>
				<onleft>202</onleft>
				<onright>202</onright>
					<itemlayout height="120" width="1150"></itemlayout>
					<focusedlayout height="120" width="1150"></focusedlayout>
					<content>
						<item>
							<label></label>
							<label2>559</label2>
							<icon>$INFO[Skin.String(MenuDefaultIconsPath)]DefaultPlaylist.png</icon>
							<thumb>$INFO[Skin.String(MenuDefaultIconsPath)]DefaultPlaylist.png</thumb>
							<onclick>SetProperty(RefreshItem,$LOCALIZE[13396],home)</onclick>
							<onclick>Action(back)</onclick>
							<onclick>ActivateWindow(musicplaylist)</onclick>
						</item>
						<item>
							<label></label>
							<label2>24010</label2>
							<icon>$INFO[Skin.String(MenuDefaultIconsPath)]DefaultVideo.png</icon>
							<thumb>$INFO[Skin.String(MenuDefaultIconsPath)]DefaultVideo.png</thumb>
							<onclick>SetProperty(RefreshItem,$LOCALIZE[13395],home)</onclick>
							<onclick>SendClick(500)</onclick>
						</item>
						<item>
							<label></label>
							<label2>$LOCALIZE[24010] $LOCALIZE[5]</label2>
							<icon>$INFO[Skin.String(MenuDefaultIconsPath)]audiodsp.png</icon>
							<thumb>$INFO[Skin.String(MenuDefaultIconsPath)]audiodsp.png</thumb>
							<onclick>Addon.Default.OpenSettings(xbmc.player.musicviz)</onclick>
							<visible>Visualisation.Enabled</visible>
						</item>
						<item>
							<label></label>
							<label2>$LOCALIZE[22080] $LOCALIZE[24010] $LOCALIZE[13388]</label2>
							<icon>$INFO[Skin.String(MenuDefaultIconsPath)]tv.png</icon>
							<thumb>$INFO[Skin.String(MenuDefaultIconsPath)]tv.png</thumb>
							<onclick>ActivateWindow(visualisationpresetlist)</onclick>
							<visible>Visualisation.Enabled + Visualisation.HasPresets</visible>
						</item>
						<item>
							<label></label>
							<label2>38023</label2>
							<icon>$INFO[Skin.String(MenuDefaultIconsPath)]star.png</icon>
							<thumb>$INFO[Skin.String(MenuDefaultIconsPath)]star.png</thumb>
							<onclick>setrating</onclick>
						</item>
						<item>
							<label></label>
							<label2>210</label2>
							<icon>$INFO[Skin.String(MenuDefaultIconsPath)]previous.png</icon>
							<thumb>$INFO[Skin.String(MenuDefaultIconsPath)]previous.png</thumb>
							<onclick>PlayerControl(Previous)</onclick>
						</item>
						<item>
							<label></label>
							<label2>31990</label2>
							<icon>$INFO[Skin.String(MenuDefaultIconsPath)]rewind.png</icon>
							<thumb>$INFO[Skin.String(MenuDefaultIconsPath)]rewind.png</thumb>
							<onclick>PlayerControl(Rewind)</onclick>
						</item>
						<item>
							<label></label>
							<label2>208</label2>
							<icon>$INFO[Skin.String(MenuDefaultIconsPath)]play.png</icon>
							<thumb>$INFO[Skin.String(MenuDefaultIconsPath)]play.png</thumb>
							<onclick>PlayerControl(Play)</onclick>
							<visible>Player.Paused | Player.Forwarding | Player.Rewinding</visible>
						</item>
						<item>
							<label></label>
							<label2>36045</label2>
							<icon>$INFO[Skin.String(MenuDefaultIconsPath)]pause.png</icon>
							<thumb>$INFO[Skin.String(MenuDefaultIconsPath)]pause.png</thumb>
							<onclick>PlayerControl(Play)</onclick>
							<visible>!Player.Paused + !Player.Forwarding + !Player.Rewinding</visible>
						</item>
						<item>
							<label></label>
							<label2>10000</label2>
							<icon>$INFO[Skin.String(MenuDefaultIconsPath)]DefaultIconHome.png</icon>
							<thumb>$INFO[Skin.String(MenuDefaultIconsPath)]DefaultIconHome.png</thumb>
							<onclick>Skin.SetString(_kill_feking_seekbar,1)</onclick>
							<onclick>Action(back)</onclick>
							<onclick>Dialog.Close(all,true)</onclick>
							<onclick>ActivateWindow(Home)</onclick>
						</item>
						<item>
							<label></label>
							<label2>36044</label2>
							<icon>$INFO[Skin.String(MenuDefaultIconsPath)]stop.png</icon>
							<thumb>$INFO[Skin.String(MenuDefaultIconsPath)]stop.png</thumb>
							<onclick>PlayerControl(Stop)</onclick>
							<onclick>Dialog.Close(all,true)</onclick>
						</item>
						<item>
							<label></label>
							<label2>31991</label2>
							<icon>$INFO[Skin.String(MenuDefaultIconsPath)]forward.png</icon>
							<thumb>$INFO[Skin.String(MenuDefaultIconsPath)]forward.png</thumb>
							<onclick>PlayerControl(Forward)</onclick>
						</item>
						<item>
							<label></label>
							<label2>209</label2>
							<icon>$INFO[Skin.String(MenuDefaultIconsPath)]next.png</icon>
							<thumb>$INFO[Skin.String(MenuDefaultIconsPath)]next.png</thumb>
							<onclick>PlayerControl(Next)</onclick>
						</item>
						<item>
							<label></label>
							<label2>287</label2>
							<icon>$INFO[Skin.String(MenuDefaultIconsPath)]subtitles.png</icon>
							<thumb>$INFO[Skin.String(MenuDefaultIconsPath)]subtitles.png</thumb>
							<onclick>Close</onclick>
							<onclick>RunScript(script.cu.lrclyrics)</onclick>
							<visible>System.HasAddon(script.cu.lrclyrics)</visible>
						</item>
						<item>
							<label></label>
							<label2>191</label2>
							<icon>$INFO[Skin.String(MenuDefaultIconsPath)]shuffle.png</icon>
							<thumb>$INFO[Skin.String(MenuDefaultIconsPath)]shuffle.png</thumb>
							<onclick>PlayerControl(Random)</onclick>
							<visible>!Playlist.IsRandom</visible>
						</item>
						<item>
							<label></label>
							<label2>$LOCALIZE[192] $LOCALIZE[191]</label2>
							<icon>$INFO[Skin.String(MenuDefaultIconsPath)]order.png</icon>
							<thumb>$INFO[Skin.String(MenuDefaultIconsPath)]order.png</thumb>
							<onclick>PlayerControl(Random)</onclick>
							<visible>Playlist.IsRandom</visible>
						</item>
						<item>
							<label></label>
							<label2>$LOCALIZE[486]$INFO[Playlist.Repeat, [LIGHT]: ,[/LIGHT]]</label2>
							<icon>$INFO[Skin.String(MenuDefaultIconsPath)]repeat.png</icon>
							<thumb>$INFO[Skin.String(MenuDefaultIconsPath)]repeat.png</thumb>
							<onclick>PlayerControl(Repeat)</onclick>
						</item>
					</content>
					<!--
				-->
			</control>
		</control>
	</include>
</includes>
