<?xml version="1.0" encoding="UTF-8"?>
<includes>
	<!-- ######## -->
	<!-- Defaults -->
	<!-- ######## -->
	<include name="FullscreenDimensions">
		<left>0</left>
		<top>0</top>
		<width>FullScreenWidth</width>
		<height>1080</height>
	</include>
	<include name="ParentItem">
		<control type="label">
			<visible>String.IsEqual(ListItem.Label, ..) + [[Skin.HasSetting(Enable.SlimList.Movies) + [Container.Content(movies) | Container.Content(movie)]] | [Skin.HasSetting(Enable.SlimList.Misc) + ![Container.Content(movies) | Container.Content(movie)]]]</visible>
			<align>center</align>
			
			<font>IconMedium</font>
			<label></label>
		</control>
		<control type="label">
			<visible>String.IsEqual(ListItem.Label, ..) + ![[Skin.HasSetting(Enable.SlimList.Movies) + [Container.Content(movies) | Container.Content(movie)]] | [Skin.HasSetting(Enable.SlimList.Misc) + ![Container.Content(movies) | Container.Content(movie)]]]</visible>
			<align>center</align>
			
			<font>IconButton</font>
			<label></label>
		</control>
	</include>
	<include name="HiddenObject">
		<left>-300</left>
		<top>-300</top>
		<width>1</width>
		<height>1</height>
		<texturefocus>-</texturefocus>
		<texturenofocus>-</texturenofocus>
		<label>-</label>
		<font>-</font>
	</include>
	<include name="HiddenList">
		<left>-100</left>
		<top>-100</top>
		<width>100</width>
		<height>100</height>
		<itemlayout height="100" width="100" />
		<focusedlayout height="100" width="100" />
	</include>
	<!-- Buttons -->
	<include name="ButtonCommonValues">
		<width>400</width>
		<textwidth>300</textwidth>
		<font>font13</font>
		<radioposx>340</radioposx>
	</include>
	<include name="ButtonInfoDialogsCommonValues">
		<width>221</width>
		<align>center</align>
		<font>font15</font>
		<textoffsetx>10</textoffsetx>
		<texturefocus colordiffuse="$VAR[ListColorHighlightVar]">white.png</texturefocus>
		<texturenofocus colordiffuse="white11">white.png</texturenofocus>
		<alttexturenofocus colordiffuse="white11">white.png</alttexturenofocus>
	</include>
	<!-- KeyBoard -->
	<include name="Objects_KeyOffVars">
		<textoffsety>32</textoffsety>
		<align>center</align>
		<font>font15_keyboard</font>
		<selectedcolor>$VAR[ListColorHighlightVar]</selectedcolor>
		<texturenofocus colordiffuse="white11">white.png</texturenofocus>
		<alttexturenofocus colordiffuse="$VAR[ColorMenuVar]">white.png</alttexturenofocus>
	</include>
	<include name="Objects_DoubleKeyOff">
		<left>-123</left>
		<width>480</width>
		<height>60</height>
		<include>Objects_KeyOffVars</include>
	</include>
	<include name="Objects_SingleKeyOff">
		<width>124</width>
		<height>60</height>
		<include>Objects_KeyOffVars</include>
	</include>
	<include name="Objects_NumericSingleKeyOff">
		<width>158.66</width>
		<height>60</height>
		<include>Objects_KeyOffVars</include>
	</include>
	<!-- Media Flags -->
	<include name="MediaFlagVars">
		<width>125</width>
		<height>90</height>
		<aspectratio>keep</aspectratio>
		<fadetime>250</fadetime>
		<colordiffuse>$VAR[ColorTextVar]</colordiffuse>
		<animation effect="fade" time="200">VisibleChange</animation>
	</include>
	<!-- Music Flags -->
	<include name="MusicFlagVars">
		<width>135</width>
		<height>90</height>
		<fadetime>250</fadetime>
		<colordiffuse>$VAR[ColorTextVar]</colordiffuse>
		<animation effect="fade" time="200">VisibleChange</animation>
	</include>
</includes>