<?xml version="1.0" encoding="UTF-8"?>
<includes>
	<!-- Main Menu Includes -->
	<include name="MainMenuList">
		<control type="panel" id="9000">
			<include content="MainMenuListContent">
				<param name="MainMenuTopWidth" value="1920" />
				<param name="MainMenuItemWidth" value="384" />
			</include>
		</control>
		<control type="group" id="9001">
			<animation effect="fade" start="0" end="100" delay="200" time="300" easing="out" condition="Control.HasFocus(9010)" reversible="false">Conditional</animation>
			<animation effect="fade" end="0" start="100" time="0" condition="Window.IsVisible(DialogTextViewer.xml) | [!ControlGroup(97631).HasFocus + String.Contains(Window.Property(xmlfile), etting)] | Window.IsVisible(DialogButtonMenu.xml) | Window.IsVisible(DialogSelect.xml) | Window.IsVisible(FileBrowser.xml)" reversible="false">Conditional</animation>
			<control type="wraplist" id="9010">
				<animation effect="fade" end="0" start="100" time="0" condition="Window.IsVisible(DialogKeyboard.xml) | Window.IsVisible(DialogNumeric.xml) | Window.IsVisible(DialogConfirm.xml) | Window.IsVisible(FileBrowser.xml) | Window.IsVisible(DialogButtonMenu.xml)" reversible="false">Conditional</animation>
				<include content="SubMenuListDefault">
					<param name="SubmenuLeft" value="-124" />
					<param name="SubmenuTop" value="-193" />
					<param name="SubMenuContainerWidth" value="2540" />
					<param name="SubmenuItemHeight" value="384" />
					<param name="SubmenuOrientation" value="Horizontal" />
					<param name="SubmenuFocusposition" value="3" />
				</include>
			</control>
		</control>
	</include>
	<include name="MainMenuListContent">
		<left>0</left>
		<top>0</top>
		<width>$PARAM[MainMenuTopWidth]</width>
		<height>120</height>
		<onup condition="!String.IsEmpty(Container(9000).ListItem.Property(widget))">9003</onup>
		<onup condition="Control.IsVisible(9990)">9990</onup>
		<onup condition="Window.IsVisible(SettingsCategory.xml)">3</onup>
		<onup condition="Window.IsVisible(script-skinshortcuts.xml)">211</onup>
		<onup condition="Window.IsVisible(MyWeather.xml)">97632</onup>
		<onup condition="!Window.IsVisible(home)">50</onup>
		<ondown>9010</ondown>
		<onback>50</onback>
		<pagecontrol>-</pagecontrol>
		<scrolltime tween="quadratic" easing="out">300</scrolltime>
		<orientation>Horizontal</orientation>
		<itemlayout height="120" width="$PARAM[MainMenuItemWidth]"/>
		<focusedlayout height="120" width="$PARAM[MainMenuItemWidth]"/>
		<content>
			<item id="90001">
				<label>31980</label>
				<label2>$LOCALIZE[31980]</label2>
				<icon>$INFO[Skin.String(MenuDefaultIconsPath)]DefaultIconInfo.png</icon>
				<thumb>$INFO[Skin.String(MenuDefaultIconsPath)]DefaultIconInfo.png</thumb>
				<onclick>Action(back)</onclick>
				<onclick>Info</onclick>
				<visible>!String.Contains(Window.Property(xmlfile),settings)</visible>
				<visible>!Window.IsActive(script-skinshortcuts.xml)</visible>
				<visible>!Window.IsActive(AddonBrowser.xml)</visible>
				<visible>!Window.IsActive(settings)</visible>
				<visible>!Window.IsActive(home)</visible>
				<visible>!Window.IsActive(movieinformation)</visible>
				<visible>!Window.IsActive(MyWeather.xml)</visible>
				<visible>!String.IsEqual(ListItem.DBTYPE,set)</visible>
			</item>
			<item id="90002">
				<label>$LOCALIZE[208] $INFO[ListItem.Label,[LIGHT],[/LIGHT]]</label>
				<label2>$LOCALIZE[208] $INFO[ListItem.Label]</label2>
				<icon>$INFO[Skin.String(MenuDefaultIconsPath)]stopplay.png</icon>
				<thumb>$INFO[Skin.String(MenuDefaultIconsPath)]stopplay.png</thumb>
				<onclick>PlayerControl(Stop)</onclick>
				<onclick>PlayMedia($ESCINFO[ListItem.FileNameAndPath])</onclick>
				<visible>!ListItem.IsPlaying</visible>
				<visible>!String.IsEmpty(ListItem.FileNameAndPath)</visible>
				<visible>!Window.IsActive(AddonBrowser.xml)</visible>
				<visible>!Container.Content(addons)</visible>
				<visible>!Container.Content()</visible>
				<visible>!String.IsEqual(ListItem.DBTYPE,set)</visible>
			</item>
			<item id="90002">
				<label>208</label>
				<label2>$LOCALIZE[208]</label2>
				<icon>$INFO[Skin.String(MenuDefaultIconsPath)]play.png</icon>
				<thumb>$INFO[Skin.String(MenuDefaultIconsPath)]play.png</thumb>
				<onclick condition="Control.IsVisible(50)">Fullscreen</onclick>
				<onclick>PlayerControl(Play)</onclick>
				<visible>[Player.HasMedia + Player.Paused]</visible>
			</item>
			<item id="90003">
				<label>36045</label>
				<label2>$LOCALIZE[36045]</label2>
				<icon>$INFO[Skin.String(MenuDefaultIconsPath)]pause.png</icon>
				<thumb>$INFO[Skin.String(MenuDefaultIconsPath)]pause.png</thumb>
				<onclick condition="Control.IsVisible(50)">Fullscreen</onclick>
				<onclick>PlayerControl(Play)</onclick>
				<visible>!Player.Paused + Player.HasMedia</visible>
			</item>
			<item id="90004">
				<label>36044</label>
				<label2>$LOCALIZE[36044]</label2>
				<icon>$INFO[Skin.String(MenuDefaultIconsPath)]stop.png</icon>
				<thumb>$INFO[Skin.String(MenuDefaultIconsPath)]stop.png</thumb>
				<onclick>PlayerControl(Stop)</onclick>
				<visible>Player.HasMedia</visible>
			</item>
			<item id="90005">
				<label>12005</label>
				<label2>$LOCALIZE[12005]</label2>
				<icon>$INFO[Skin.String(MenuDefaultIconsPath)]fullscreen.png</icon>
				<thumb>$INFO[Skin.String(MenuDefaultIconsPath)]fullscreen.png</thumb>
				<onclick condition="Control.IsVisible(50)">Action(back)</onclick>
				<onclick>Fullscreen</onclick>
				<visible>Player.HasMedia</visible>
			</item>
			<item id="90006">
				<label>31003</label>
				<label2>$LOCALIZE[31003]</label2>
				<icon>$INFO[Skin.String(MenuDefaultIconsPath)]tvroot.png</icon>
				<thumb>$INFO[Skin.String(MenuDefaultIconsPath)]tvroot.png</thumb>
				<onclick>Action(back)</onclick>
				<onclick>Action(back)</onclick>
				<onclick condition="Container.Content(episodes)">Action(back)</onclick>
				<onclick>ReplaceWindow(videos, videodb://tvshows/titles/)</onclick>
				<visible>String.StartsWith(Container.FolderPath,videodb://tvshows/) + [Container.Content(episodes) | Container.Content(seasons)]</visible>
			</item>
			<item id="90007">
				<label>24025</label>
				<label2>$LOCALIZE[24025]</label2>
				<icon>$INFO[Skin.String(MenuDefaultIconsPath)]context.png</icon>
				<thumb>$INFO[Skin.String(MenuDefaultIconsPath)]context.png</thumb>
				<onclick>Action(back)</onclick>
				<onclick>ContextMenu</onclick>
				<visible>!String.Contains(Window.Property(xmlfile),settings)</visible>
				<visible>!Window.IsActive(script-skinshortcuts.xml)</visible>
				<visible>!Window.IsActive(AddonBrowser.xml)</visible>
				<visible>!Window.IsActive(settings)</visible>
				<visible>!Window.IsActive(home)</visible>
				<visible>!Window.IsActive(movieinformation)</visible>
				<visible>!Window.IsActive(MyWeather.xml)</visible>
			</item>
			<!--
			<item id="90002">
				<label>10000</label>
				<label2>$LOCALIZE[10000]</label2>
				<icon>$INFO[Skin.String(MenuDefaultIconsPath)]DefaultIconHome.png</icon>
				<thumb>$INFO[Skin.String(MenuDefaultIconsPath)]DefaultIconHome.png</thumb>
				<onclick>Action(back)</onclick>
				<onclick>ActivateWindow(Home)</onclick>
				<visible>!Window.IsActive(home)</visible>
			</item>
			<item id="90003">
				<label>210</label>
				<label2>$LOCALIZE[210]</label2>
				<icon>$INFO[Skin.String(MenuDefaultIconsPath)]DefaultFolderBack.png</icon>
				<thumb>$INFO[Skin.String(MenuDefaultIconsPath)]DefaultFolderBack.png</thumb>
				<onclick>Action(back)</onclick>
				<onclick>Action(back)</onclick>
				<visible>!Window.IsActive(home)</visible>
			</item>
			-->
			<include>skinshortcuts-mainmenu</include>
		</content>
	</include>
	<include name="SubMenuListDefault">
		<animation effect="fade" start="100" end="0" time="0" reversible="false" condition="!ControlGroup(9001).HasFocus()">conditional</animation>
		<include>VisibleFadeEffect</include>
		<left>$PARAM[SubmenuLeft]</left>
		<top>$PARAM[SubmenuTop]</top>
		<width>$PARAM[SubMenuContainerWidth]</width>
		<height>$PARAM[SubmenuItemHeight]</height>
		<onup condition="Window.IsVisible(script-skinshortcuts.xml)">211</onup>
		<onup condition="Window.IsActive(movieinformation) | Window.IsActive(musicinformation) | Window.IsVisible(songinformation)">61</onup>
		<onup condition="String.Contains(Window.Property(xmlfile),settings)">9990</onup>
		<onup condition="Window.IsVisible(MyWeather.xml)">97632</onup>
		<onup condition="Window.IsVisible(DialogButtonMenu.xml) + Window.IsActive(VideoFullScreen.xml)">SetFocus(9000)</onup>
		<onup condition="Window.IsVisible(DialogButtonMenu.xml)">Action(back)</onup>
		<onup condition="Window.IsVisible(DialogConfirm.xml)">Action(back)</onup>
		<onup condition="!Window.IsVisible(home)">50</onup>
		<ondown condition="Window.IsVisible(DialogButtonMenu.xml)">Action(back)</ondown>
		<ondown condition="Window.IsVisible(DialogConfirm.xml)">Action(back)</ondown>
		<ondown condition="Window.IsVisible(DialogButtonMenu.xml) + Window.IsActive(VideoFullScreen.xml)">SetFocus(9000)</ondown>
		<onup>9000</onup>
		<ondown>9000</ondown>
		<pagecontrol>-</pagecontrol>
		<scrolltime tween="quadratic" easing="out">300</scrolltime>
		<focusposition>$PARAM[SubmenuFocusposition]</focusposition>
		<movement>1</movement>
		<orientation>$PARAM[SubmenuOrientation]</orientation>
		<include content="SubmenuListContent">
			<param name="SubmenuItemHeight" value="310" />
			<param name="SubmenuItemWidth" value="310" />
			<param name="SubmenuAlignY" value="top" />
			<param name="SubmenuAlignX" value="center" />
			<param name="SubmenuTextOffset" value="0" />
		</include>
	</include>
	<include name="SubmenuListContent">
		<itemlayout height="$PARAM[SubmenuItemHeight]" width="$PARAM[SubmenuItemWidth]">
			<control type="image">
				<width>$PARAM[SubmenuItemWidth]</width>
				<height>$PARAM[SubmenuItemHeight]</height>
				<bordersize>6</bordersize>
				<texture fallback="DefaultFolder.png">$INFO[ListItem.Icon]</texture>
				<colordiffuse>$VAR[IconColorVar]</colordiffuse>
			</control>
		</itemlayout>
		<focusedlayout height="$PARAM[SubmenuItemHeight]" width="$PARAM[SubmenuItemWidth]">
			<control type="image">
				<width>$PARAM[SubmenuItemWidth]</width>
				<height>$PARAM[SubmenuItemHeight]</height>
				<bordersize>6</bordersize>
				<texture fallback="DefaultFolder.png">$INFO[ListItem.Icon]</texture>
			</control>
		</focusedlayout>
		<content>
			<include condition="Window.IsVisible(DialogConfirm.xml)">dialogconfirm-submenu</include>
			<include condition="!Window.IsActive(musicinformation) + !Window.IsVisible(songinformation) + !Window.IsActive(movieinformation)">skinshortcuts-submenu</include>
			<include condition="[Window.IsActive(musicinformation) | Window.IsVisible(songinformation)] + !Window.IsVisible(DialogButtonMenu.xml)">musicinformation-submenu</include>
			<include condition="Window.IsActive(movieinformation) + !Window.IsVisible(DialogButtonMenu.xml)">movieinformation-submenu</include>
			<include condition="Window.IsVisible(DialogButtonMenu.xml)">dialogbutton-submenu</include>
		</content>
	</include>
	<include name="MenuClockWeather">
		<control type="group">
			<left>$PARAM[MenuClockLeft]</left>
			<top>$PARAM[MenuClockTop]</top>
			<control type="grouplist">
				<top>8</top>
				<left>15</left>
				<width>354</width>
				<height>45</height>
				<align>$PARAM[MenuClockAlign]</align>
				<orientation>Horizontal</orientation>
				<control type="label" id="1">
					<width>auto</width>
					<height>45</height>
					<font>font28_title</font>
					<label>$INFO[System.Time,, ]</label>
					<visible>Weather.IsFetched + !String.IsEmpty(Weather.Plugin) + !String.Contains(Weather.Temperature,$LOCALIZE[503])</visible>
				</control>
				<control type="label" id="2">
					<width>auto</width>
					<height>45</height>
					<label>$INFO[Weather.Temperature,[LIGHT],[/LIGHT]]</label>
					<font>font28_title</font>
				</control>
			</control>
			<control type="label">
				<top>55</top>
				<width>384</width>
				<height>45</height>
				<label>[B]$INFO[System.Date(ddd)], $INFO[System.Date(mmm d)], $INFO[System.Date(yyyy)][/B]</label>
				<font>topbar</font>
				<align>$PARAM[MenuClockAlign]</align>
				<textoffsetx>15</textoffsetx>
				<textcolor>$VAR[ColorHighlightVar]</textcolor>
			</control>
		</control>
	</include>
	<include name="movieinformation-submenu">
		<item id="1">
			<label>20410</label>
			<label2>$LOCALIZE[20410]</label2>
			<icon>$INFO[Skin.String(MenuDefaultIconsPath)]DefaultVideo.png</icon>
			<thumb />
			<onclick>SendClick(11)</onclick>
			<visible>$EXP[isMovie]</visible>
			<visible>StringCompare(System.ProfileName,Master user)</visible>
		</item>
		<item id="2">
			<label>$LOCALIZE[31979]</label>
			<label2>31979</label2>
			<icon>$INFO[Skin.String(MenuDefaultIconsPath)]network.png</icon>
			<thumb />
			<visible>System.hasAddon(script.extendedinfo) + String.IsEqual(ListItem.DBType,movie) + String.IsEmpty(ListItem.Trailer)</visible>
			<onclick>Action(close)</onclick>
			<onclick>RunScript(script.extendedinfo,info=youtubebrowser,id=$INFO[ListItem.Title] $INFO[ListItem.Year])</onclick>
			<visible>StringCompare(System.ProfileName,Master user)</visible>
		</item>
		<item id="3">
			<label>$LOCALIZE[31081]</label>
			<label2>$LOCALIZE[31081]</label2>
			<icon>$INFO[Skin.String(MenuDefaultIconsPath)]DefaultIconInfo.png</icon>
			<thumb />
			<visible>System.hasAddon(script.extendedinfo) + String.IsEqual(ListItem.DBType,movie)</visible>
			<onclick>RunScript(script.extendedinfo,info=extendedinfo,dbid=$INFO[ListItem.DBID],id=$INFO[ListItem.Property(id)])</onclick>
			<visible>StringCompare(System.ProfileName,Master user)</visible>
		</item>
		<item id="4">
			<label>$LOCALIZE[31081]</label>
			<label2>$LOCALIZE[31081]</label2>
			<icon>$INFO[Skin.String(MenuDefaultIconsPath)]DefaultIconInfo.png</icon>
			<thumb />
			<visible>System.hasAddon(script.extendedinfo) + String.IsEqual(ListItem.DBType,tvshow)</visible>
			<onclick>RunScript(script.extendedinfo,info=extendedtvinfo,dbid=$INFO[ListItem.DBID],id=$INFO[ListItem.Property(id)])</onclick>
			<visible>StringCompare(System.ProfileName,Master user)</visible>
		</item>
		<item id="5">
			<label>$LOCALIZE[31225]</label>
			<label2>$LOCALIZE[31225]</label2>
			<icon>$INFO[Skin.String(MenuDefaultIconsPath)]DefaultAddonSkin.png</icon>
			<thumb />
			<visible>System.HasAddon(script.artwork.downloader) + String.IsEqual(ListItem.DBType,movie)</visible>
			<onclick>RunScript(script.artwork.downloader,mediatype=movie,dbid=$INFO[ListItem.DBID])</onclick>
			<visible>StringCompare(System.ProfileName,Master user)</visible>
		</item>
		<item id="6">
			<label>$LOCALIZE[31225]</label>
			<label2>$LOCALIZE[31225]</label2>
			<icon>$INFO[Skin.String(MenuDefaultIconsPath)]DefaultAddonSkin.png</icon>
			<thumb />
			<visible>System.HasAddon(script.artwork.downloader) + String.IsEqual(ListItem.DBType,tvshow)</visible>
			<onclick>RunScript(script.artwork.downloader,mediatype=tvshow,dbid=$INFO[ListItem.DBID])</onclick>
			<visible>StringCompare(System.ProfileName,Master user)</visible>
		</item>
		<item id="6">
			<label>$LOCALIZE[38023]</label>
			<label2>$LOCALIZE[38023]</label2>
			<icon>$INFO[Skin.String(MenuDefaultIconsPath)]star.png</icon>
			<thumb />
			<onclick>SetProperty(RefreshItem,$LOCALIZE[38023],home)</onclick>
			<onclick>SendClick(7)</onclick>
			<visible>StringCompare(System.ProfileName,Master user)</visible>
		</item>
		<item id="6">
			<label>$LOCALIZE[13511]</label>
			<label2>$LOCALIZE[13511]</label2>
			<icon>$INFO[Skin.String(MenuDefaultIconsPath)]DefaultPicture.png</icon>
			<thumb />
			<onclick>SendClick(10)</onclick>
			<visible>StringCompare(System.ProfileName,Master user)</visible>
		</item>
		<item id="6">
			<label>$LOCALIZE[184]</label>
			<label2>$LOCALIZE[184]</label2>
			<icon>$INFO[Skin.String(MenuDefaultIconsPath)]refresh.png</icon>
			<thumb />
			<onclick>SetProperty(RefreshItem,$LOCALIZE[184],home)</onclick>
			<onclick>SendClick(6)</onclick>
			<visible>StringCompare(System.ProfileName,Master user)</visible>
		</item>
	</include>
	<include name="musicinformation-submenu">
		<item id="1">
			<label>20410</label>
			<label2>$LOCALIZE[20410]</label2>
			<icon>$INFO[Skin.String(MenuDefaultIconsPath)]DefaultVideo.png</icon>
			<thumb />
			<onclick>SendClick(11)</onclick>
			<visible>$EXP[isMovie]</visible>
			<visible>StringCompare(System.ProfileName,Master user)</visible>
		</item>
		<item id="2">
			<label>$LOCALIZE[31979]</label>
			<label2>31979</label2>
			<icon>$INFO[Skin.String(MenuDefaultIconsPath)]network.png</icon>
			<thumb />
			<visible>System.hasAddon(script.extendedinfo) + String.IsEqual(ListItem.DBType,movie) + String.IsEmpty(ListItem.Trailer)</visible>
			<onclick>Action(close)</onclick>
			<onclick>RunScript(script.extendedinfo,info=youtubebrowser,id=$INFO[ListItem.Title] $INFO[ListItem.Year])</onclick>
			<visible>StringCompare(System.ProfileName,Master user)</visible>
		</item>
		<item id="3">
			<label>$LOCALIZE[31081]</label>
			<label2>$LOCALIZE[31081]</label2>
			<icon>$INFO[Skin.String(MenuDefaultIconsPath)]DefaultIconInfo.png</icon>
			<thumb />
			<visible>System.hasAddon(script.extendedinfo) + String.IsEqual(ListItem.DBType,movie)</visible>
			<onclick>RunScript(script.extendedinfo,info=extendedinfo,dbid=$INFO[ListItem.DBID],id=$INFO[ListItem.Property(id)])</onclick>
			<visible>StringCompare(System.ProfileName,Master user)</visible>
		</item>
		<item id="4">
			<label>$LOCALIZE[31081]</label>
			<label2>$LOCALIZE[31081]</label2>
			<icon>$INFO[Skin.String(MenuDefaultIconsPath)]DefaultIconInfo.png</icon>
			<thumb />
			<visible>System.hasAddon(script.extendedinfo) + String.IsEqual(ListItem.DBType,tvshow)</visible>
			<onclick>RunScript(script.extendedinfo,info=extendedtvinfo,dbid=$INFO[ListItem.DBID],id=$INFO[ListItem.Property(id)])</onclick>
			<visible>StringCompare(System.ProfileName,Master user)</visible>
		</item>
		<item id="5">
			<label>$LOCALIZE[31225]</label>
			<label2>$LOCALIZE[31225]</label2>
			<icon>$INFO[Skin.String(MenuDefaultIconsPath)]DefaultAddonSkin.png</icon>
			<thumb />
			<visible>System.HasAddon(script.artwork.downloader) + String.IsEqual(ListItem.DBType,movie)</visible>
			<onclick>RunScript(script.artwork.downloader,mediatype=movie,dbid=$INFO[ListItem.DBID])</onclick>
			<visible>StringCompare(System.ProfileName,Master user)</visible>
		</item>
		<item id="6">
			<label>$LOCALIZE[31225]</label>
			<label2>$LOCALIZE[31225]</label2>
			<icon>$INFO[Skin.String(MenuDefaultIconsPath)]DefaultAddonSkin.png</icon>
			<thumb />
			<visible>System.HasAddon(script.artwork.downloader) + String.IsEqual(ListItem.DBType,tvshow)</visible>
			<onclick>RunScript(script.artwork.downloader,mediatype=tvshow,dbid=$INFO[ListItem.DBID])</onclick>
			<visible>StringCompare(System.ProfileName,Master user)</visible>
		</item>
		<item id="6">
			<label>$LOCALIZE[38023]</label>
			<label2>$LOCALIZE[38023]</label2>
			<icon>$INFO[Skin.String(MenuDefaultIconsPath)]star.png</icon>
			<thumb />
			<onclick>SetProperty(RefreshItem,$LOCALIZE[38023],home)</onclick>
			<onclick>SendClick(7)</onclick>
			<visible>StringCompare(System.ProfileName,Master user)</visible>
		</item>
		<item id="6">
			<label>$LOCALIZE[13511]</label>
			<label2>$LOCALIZE[13511]</label2>
			<icon>$INFO[Skin.String(MenuDefaultIconsPath)]DefaultPicture.png</icon>
			<thumb />
			<onclick>SendClick(10)</onclick>
			<visible>StringCompare(System.ProfileName,Master user)</visible>
		</item>
		<item id="6">
			<label>$LOCALIZE[184]</label>
			<label2>$LOCALIZE[184]</label2>
			<icon>$INFO[Skin.String(MenuDefaultIconsPath)]refresh.png</icon>
			<thumb />
			<onclick>SetProperty(RefreshItem,$LOCALIZE[184],home)</onclick>
			<onclick>SendClick(6)</onclick>
			<visible>StringCompare(System.ProfileName,Master user)</visible>
		</item>
	</include>
	<include name="dialogbutton-submenu">
		<item id="2">
			<description>Exit button</description>
			<onclick>Quit()</onclick>
			<label>13012</label>
			<thumb>$INFO[Skin.String(MenuDefaultIconsPath)]error.png</thumb>
			<visible>System.ShowExitButton</visible>
		</item>
		<item id="3">
			<description>Shutdown button</description>
			<onclick>Powerdown()</onclick>
			<thumb>$INFO[Skin.String(MenuDefaultIconsPath)]power.png</thumb>
			<visible>System.CanPowerDown</visible>
			<label>13016</label>
		</item>
		<item id="4">
			<description>Custom Shutdown Timer</description>
			<onclick>AlarmClock(shutdowntimer,Shutdown())</onclick>
			<label>20150</label>
			<thumb>$INFO[Skin.String(MenuDefaultIconsPath)]timer.png</thumb>
			<visible>!System.HasAlarm(shutdowntimer)</visible>
			<visible>System.CanPowerDown | System.CanSuspend | System.CanHibernate</visible>
		</item>
		<item id="5">
			<description>Cancel Shutdown Timer</description>
			<onclick>CancelAlarm(shutdowntimer)</onclick>
			<thumb>$INFO[Skin.String(MenuDefaultIconsPath)]warning.png</thumb>
			<label>$LOCALIZE[20151]$INFO[System.Alarmpos, (,)]</label>
			<visible>System.HasAlarm(shutdowntimer)</visible>
		</item>
		<item id="6">
			<description>Suspend button</description>
			<onclick>Suspend()</onclick>
			<thumb>$INFO[Skin.String(MenuDefaultIconsPath)]reboot.png</thumb>
			<visible>System.CanSuspend</visible>
			<label>13011</label>
		</item>
		<item id="7">
			<description>Hibernate button</description>
			<onclick>Hibernate()</onclick>
			<thumb>$INFO[Skin.String(MenuDefaultIconsPath)]progress.png</thumb>
			<visible>System.CanHibernate</visible>
			<label>13010</label>
		</item>
		<item id="8">
			<description>Reboot button</description>
			<onclick>Reset()</onclick>
			<thumb>$INFO[Skin.String(MenuDefaultIconsPath)]DefaultFolderBack.png</thumb>
			<visible>System.CanReboot</visible>
			<label>13013</label>
		</item>
		<item id="9">
			<description>Logoff button</description>
			<onclick>dialog.close(all,true)</onclick>
			<onclick>System.LogOff</onclick>
			<label>$LOCALIZE[20126] $INFO[system.profilename]</label>
			<thumb>$INFO[Skin.String(MenuDefaultIconsPath)]actor.png</thumb>
			<visible>System.HasLoginScreen | Integer.IsGreater(System.ProfileCount,1)</visible>
			<visible>System.Loggedon</visible>
		</item>
		<item id="10">
			<description>Master mode button</description>
			<onclick>mastermode</onclick>
			<label>20046</label>
			<thumb>$INFO[Skin.String(MenuDefaultIconsPath)]warning.png</thumb>
			<visible>System.HasLocks</visible>
		</item>
		<item id="12">
			<description>Inhibit idle shutdown</description>
			<onclick>InhibitIdleShutdown(true)</onclick>
			<thumb>$INFO[Skin.String(MenuDefaultIconsPath)]none.png</thumb>
			<label>13017</label>
			<visible>System.HasShutdown +!System.IsInhibit</visible>
		</item>
		<item id="13">
			<description>Allow idle shutdown</description>
			<onclick>InhibitIdleShutdown(false)</onclick>
			<thumb>$INFO[Skin.String(MenuDefaultIconsPath)]mouse.png</thumb>
			<label>13018</label>
			<visible>System.HasShutdown + System.IsInhibit</visible>
		</item>
		<item id="14">
			<description>Settings</description>
			<onclick>Dialog.Close(all,true)</onclick>
			<thumb>$INFO[Skin.String(MenuDefaultIconsPath)]DefaultIconSettings.png</thumb>
			<onclick>ActivateWindow(settings)</onclick>
			<label>$LOCALIZE[5]</label>
		</item>
		<item id="15">
			<description>Reload Skin</description>
			<onclick>Dialog.Close(all,true)</onclick>
			<thumb>$INFO[Skin.String(MenuDefaultIconsPath)]refresh.png</thumb>
			<onclick>ReloadSkin()</onclick>
			<label>20183</label>
		</item>
	</include>
	<include name="dialogselect-submenu-buttons">
		<item id="90012">
			<description>Add art</description>
			<label>$INFO[Container(9001).ListItem(0).Label]</label>
			<icon>$INFO[Skin.String(MenuDefaultIconsPath)]DefaultIconInfo.png</icon>
			<thumb>$INFO[Skin.String(MenuDefaultIconsPath)]DefaultIconInfo.png</thumb>
			<onclick>SendClick(9001,5)</onclick>
		</item>
		<item id="90013">
			<description>Cancel</description>
			<label>$INFO[Container(9001).ListItem(1).Label]</label>
			<icon>$INFO[Skin.String(MenuDefaultIconsPath)]DefaultIconInfo.png</icon>
			<thumb>$INFO[Skin.String(MenuDefaultIconsPath)]DefaultIconInfo.png</thumb>
			<onclick>SendClick(9001,7)</onclick>
		</item>
	</include>
	<include name="dialogconfirm-submenu">
		<item id="11">
			<description>Ok</description>
			<label>Ok</label>
			<icon>$INFO[Skin.String(MenuDefaultIconsPath)]yes.png</icon>
			<thumb>$INFO[Skin.String(MenuDefaultIconsPath)]yes.png</thumb>
			<onclick>SendClick(11)</onclick>
		</item>
		<item id="10">
			<description>Cancel</description>
			<label>Cancel</label>
			<icon>$INFO[Skin.String(MenuDefaultIconsPath)]DefaultAddonNone.png</icon>
			<thumb>$INFO[Skin.String(MenuDefaultIconsPath)]DefaultAddonNone.png</thumb>
			<onclick>SendClick(10)</onclick>
		</item>
		<item id="12">
			<description>Custom</description>
			<label>Custom</label>
			<icon>$INFO[Skin.String(MenuDefaultIconsPath)]DefaultIconInfo.png</icon>
			<thumb>$INFO[Skin.String(MenuDefaultIconsPath)]DefaultIconInfo.png</thumb>
			<onclick>SendClick(12)</onclick>
			<visible>Control.IsVisible(12)</visible>
		</item>
	</include>
</includes>