<?xml version="1.0" encoding="UTF-8"?>
<window>
	<defaultcontrol always="true">6661</defaultcontrol>
	<menucontrol>9000</menucontrol>
	<onload>Dialog.Close(all,true)</onload>
	<onload>Skin.Reset(SS_Helper)</onload>
	<onload>SetProperty(Window.HasSettings,True,home)</onload>
	<onload>ClearProperty(MediaMenu,Home)</onload>
	<onunload>ClearProperty(MediaMenu,Home)</onunload>
	<onunload>ClearProperty(Window.HasSettings,Home)</onunload>
	<allowoverlay>no</allowoverlay>
	<controls>
		<control type="multiimage" id="7977">
			<fadetime>300</fadetime>
			<animation effect="fade" time="200" tween="cubic">Visible</animation>
			<include>FullscreenDimensions</include>
			<imagepath background="true">$VAR[HomeBackgroundVar]</imagepath>
		</control>
		<include>skinshortcuts-template-WidgetFanart</include>
		<control type="visualisation">
			<visible>Player.HasAudio + !Skin.HasSetting(Disable.ShowBackgroundVis)</visible>
			<include>FullscreenDimensions</include>
		</control>
		<control type="image">
			<include>FullscreenDimensions</include>
			<texture>black.png</texture>
			<visible>Player.HasVideo + !Skin.HasSetting(Disable.ShowBackgroundVideo)</visible>
		</control>
		<control type="videowindow">
			<include>FullscreenDimensions</include>
			<visible>Player.HasVideo + !Skin.HasSetting(Disable.ShowBackgroundVideo)</visible>
		</control>
		<control type="image">
			<animation type="Conditional" condition="!Control.HasFocus(9010) + !Control.HasFocus(9000) + !Control.HasFocus(9001) + Window.IsActive(home)" reversible="false">
				<effect type="fade" delay="0" start="55" end="0" time="1000" />
			</animation>
			<animation type="Conditional" condition="true" reversible="false">
				<effect type="fade" delay="0" start="55" end="55" time="00" />
			</animation>
			<include>FullscreenDimensions</include>
			<texture>background.png</texture>
			<colordiffuse>$VAR[MenuListColorHighlightVar]</colordiffuse>
		</control>
		<control type="group" id="97631">
			<visible>!Window.IsActive(songinformation) + !Window.IsActive(musicinformation) + !Window.IsActive(movieinformation) + !Window.IsActive(DialogVideoInfo.xml) + !Window.IsActive(script-skinshortcuts.xml)</visible>
			<animation effect="slide" tween="cubic" time="600" start="0,700" end="0,0" reversible="false">WindowOpen</animation>
			<animation effect="slide" tween="cubic" time="300" start="0,0" end="0,700" reversible="false">WindowClose</animation>
			<animation effect="slide" tween="cubic" time="600" start="0,700" end="0,0" reversible="false">Visible</animation>
			<animation effect="slide" tween="cubic" time="300" start="0,0" end="0,700" reversible="false">Hidden</animation>
			<animation effect="slide" time="300" delay="0" start="0" end="0,483" tween="cubic" reversible="true" condition="!Window.IsVisible(DialogConfirm.xml) + !Window.IsVisible(DialogTextViewer.xml) + !Window.IsVisible(DialogFavourites.xml) + !Window.IsVisible(DialogButtonMenu.xml) + !Window.IsVisible(DialogKeyboard.xml) + !Window.IsVisible(DialogNumeric.xml) + !Window.IsVisible(DialogAddonInfo.xml) + !Window.IsVisible(DialogContextMenu.xml) + !Window.IsVisible(DialogAddonSettings.xml) + !Window.IsVisible(FileBrowser.xml) + !Window.IsVisible(DialogSelect.xml) + !Window.IsVisible(Settings.xml) + !Window.IsVisible(DialogMediaSource.xml) + ![ControlGroup(97632).HasFocus] + [Integer.IsLessOrEqual(System.CurrentControlID, 6002) | Integer.IsGreaterOrEqual(System.CurrentControlID, 9050)] + !String.StartsWith(System.CurrentControlID, 8011) + [[String.IsEqual(Container(9000).ListItem.Property(widget),weather) + Weather.IsFetched] | [!Control.IsVisible(12345) + !String.IsEqual(Container(9000).ListItem.Property(widget),weather) + !String.IsEmpty(Container(9000).ListItem.Property(widgetName))]]">Conditional</animation>
			
			<animation effect="slide" time="300" delay="0" start="0" end="0,163" tween="cubic" reversible="true" condition="!Window.IsVisible(DialogConfirm.xml) + !Window.IsVisible(DialogTextViewer.xml) + !Window.IsVisible(DialogFavourites.xml) + !Window.IsVisible(DialogButtonMenu.xml) + !Window.IsVisible(DialogKeyboard.xml) + !Window.IsVisible(DialogNumeric.xml) + !Window.IsVisible(DialogAddonInfo.xml) + !Window.IsVisible(DialogContextMenu.xml) + !Window.IsVisible(DialogAddonSettings.xml) + !Window.IsVisible(FileBrowser.xml) + !Window.IsVisible(DialogSelect.xml) + !Window.IsVisible(Settings.xml) + !Window.IsVisible(DialogMediaSource.xml) + ![ControlGroup(97632).HasFocus] + [Integer.IsLessOrEqual(System.CurrentControlID, 6002) | Integer.IsGreaterOrEqual(System.CurrentControlID, 9050)] + !String.StartsWith(System.CurrentControlID, 8011) + [String.IsEmpty(Container(9000).ListItem.Property(widgetName))]">Conditional</animation>
			<control type="group">
				<include>HomeDefault</include>
			</control>
			<control type="group">
				<left>-140</left>
				<top>195</top>
				<include>MenuHome3D</include>
			</control>
		</control>
		<control type="group" id="97632">
			<visible>!Window.IsActive(songinformation) + !Window.IsActive(musicinformation) + !Window.IsActive(movieinformation) + !Window.IsActive(DialogVideoInfo.xml) + !Window.IsActive(script-skinshortcuts.xml)</visible>
			<animation effect="slide" tween="cubic" time="600" start="0,700" end="0,0" reversible="false">WindowOpen</animation>
			<animation effect="slide" tween="cubic" time="300" start="0,0" end="0,700" reversible="false">WindowClose</animation>
			<animation effect="slide" tween="cubic" time="600" start="0,700" end="0,0" reversible="false">Visible</animation>
			<animation effect="slide" tween="cubic" time="300" start="0,0" end="0,700" reversible="false">Hidden</animation>
			<animation effect="fade" start="100" end="0" time="200" reversible="true" condition="Window.IsVisible(custom_1121_Dependencies.xml) | Window.IsVisible(DialogFavourites.xml) | Window.IsVisible(DialogButtonMenu.xml) | Window.IsVisible(DialogKeyboard.xml) | Window.IsVisible(DialogNumeric.xml) | Window.IsActive(DialogConfirm.xml) | Window.IsActive(DialogSelect.xml) | Window.IsActive(FileBrowser.xml) | [ControlGroup(97631).HasFocus + Window.IsActive(MyWeather.xml)]">conditional</animation>
			<animation effect="slide" start="400,0" end="0,0" time="400" tween="quadratic" easing="out" condition="String.IsEmpty(Window(home).Property(MediaMenu))">Conditional</animation>
			<top>0</top>
			<control type="list" id="6661">
				<left>70</left>
				<top>604</top>
				<width>340</width>
				<height>310</height>
				<onup>6661</onup>
				<ondown>6661</ondown>
				<onleft>59</onleft>
				<onright>9991</onright>
				<focusposition>0</focusposition>
				<movement>0</movement>
				<pagecontrol>59</pagecontrol>
				<orientation>Vertical</orientation>
				<scrolltime tween="quadratic" easing="out">300</scrolltime>
				<itemlayout height="62" width="340">
					<control type="label">
						<font>font30</font>
						<textcolor>$VAR[ColorMenuVar]</textcolor>
						<label>$INFO[ListItem.Label]</label>
					</control>
				</itemlayout>
				<focusedlayout height="62" width="340">
					<control type="image">
						<animation effect="fade" time="50" start="100" end="50" condition="!Control.HasFocus(6661)">Conditional</animation>
						<texture>listselect_fo.png</texture>
						<colordiffuse>$VAR[MenuListColorHighlightVar]</colordiffuse>
						<include>VisibleFadeEffect</include>
					</control>
					<control type="label">
						<left>0</left>
						<font>font30</font>
						<textcolor>$VAR[ColorMenuVar]</textcolor>
						<label>$INFO[ListItem.Label]</label>
					</control>
				</focusedlayout>
				<content>
					<item id="1">
						<label>31300</label>
						<onclick>noop</onclick>
						<icon>-</icon>
					</item>
					<item id="2">
						<label>31904</label>
						<onclick>noop</onclick>
						<icon>-</icon>
						<visible>!String.IsEmpty(Window.Property(Daily.IsFetched))</visible>
					</item>
					<item id="3">
						<label>31901</label>
						<onclick>noop</onclick>
						<icon>-</icon>
						<visible>!String.IsEmpty(Window.Property(36Hour.IsFetched))</visible>
					</item>
					<item id="4">
						<label>31903</label>
						<onclick>noop</onclick>
						<icon>-</icon>
						<visible>!String.IsEmpty(Window.Property(Weekend.IsFetched))</visible>
					</item>
					<item id="5">
						<label>31902</label>
						<onclick>noop</onclick>
						<icon>-</icon>
						<visible>!String.IsEmpty(Window.Property(Hourly.IsFetched))</visible>
					</item>
					<item id="6">
						<label>31158</label>
						<onclick>RunScript(script.image.resource.select,property=weathericons&amp;type=resource.images.weathericons)</onclick>
						<onfocus>Skin.SetString(SS_Helper,$INFO[System.CurrentControl])</onfocus>
						<visible>System.HasAddon(script.image.resource.select)</visible>
					</item>
					<item id="7">
						<label>$LOCALIZE[424] [LOWERCASE]$LOCALIZE[20445][/LOWERCASE]</label>
						<onclick>RunScript(script.image.resource.select,property=weatherfanart&amp;type=resource.images.weatherfanart)</onclick>
						<onfocus>Skin.SetString(SS_Helper,$LOCALIZE[424,, ][LOWERCASE]$LOCALIZE[20445][/LOWERCASE])</onfocus>
						<visible>System.HasAddon(script.image.resource.select)</visible>
					</item>
					<item id="8">
						<label>184</label>
						<onclick>SendClick(2)</onclick>
						<icon>-</icon>
					</item>
				</content>
			</control>
			<control type="multiimage">
				<left>410</left>
				<top>604</top>
				<width>1380</width>
				<height>310</height>
				<fadetime>300</fadetime>
				<timeperimage>1000</timeperimage>
				<aspectratio align="center">keep</aspectratio>
				<animation effect="fade" time="200" tween="cubic">Visible</animation>
				<imagepath background="true">$VAR[WeatherIconVar]</imagepath>
				<visible>Container(6661).HasFocus(6)</visible>
			</control>
			<control type="multiimage">
				<left>410</left>
				<top>604</top>
				<width>1380</width>
				<height>310</height>
				<fadetime>300</fadetime>
				<timeperimage>1000</timeperimage>
				<animation effect="fade" time="200" tween="cubic">Visible</animation>
				<imagepath background="true">$INFO[Skin.String(weatherfanart.path)]/</imagepath>
				<visible>Container(6661).HasFocus(7)</visible>
			</control>
			<control type="multiimage">
				<left>410</left>
				<top>604</top>
				<width>1380</width>
				<height>310</height>
				<fadetime>300</fadetime>
				<timeperimage>1000</timeperimage>
				<animation effect="fade" time="200" tween="cubic">Visible</animation>
				<imagepath>$INFO[Skin.String(weatherfanart.path)]$INFO[Window.Property(Current.FanartCode)]$VAR[WeatherFanartExtension]</imagepath>
				<visible>Container(6661).HasFocus(8)</visible>
			</control>
			<control type="group" id="9991">
				<control type="group">
					<visible>Container(6661).HasFocus(1)</visible>
					<include>SettingsFadeEffect</include>
					<left>410</left>
					<top>604</top>
					<width>1380</width>
					<height>310</height>
					<control type="group">
						<control type="grouplist" id="9007">
							<width>1380</width>
							<height>310</height>
							<itemgap>0</itemgap>
							<pagecontrol>60</pagecontrol>
							<onleft>6661</onleft>
							<onright>60</onright>
							<onup>9007</onup>
							<ondown>9007</ondown>
							<control type="button" id="101">
								<description>current condition label</description>
								<width>1380</width>
								<height>62</height>
								<font>font30</font>
								<focusedcolor>$VAR[ColorMenuVar]</focusedcolor>
								<textcolor>$VAR[ColorMenuVar]</textcolor>
								<label>$INFO[Window(weather).Property(Current.Condition)], $LOCALIZE[402] $INFO[Window(weather).Property(Current.FeelsLike)]$INFO[System.TemperatureUnits]</label>
							</control>
							<control type="button" id="102">
								<label>$LOCALIZE[406]: $INFO[Window(weather).Property(Current.Humidity)]</label>
								<width>1380</width>
								<height>62</height>
								<font>font30</font>
								<focusedcolor>$VAR[ColorMenuVar]</focusedcolor>
								<textcolor>$VAR[ColorMenuVar]</textcolor>
							</control>
							<control type="button" id="103">
								<label>$LOCALIZE[404]: $INFO[Window(weather).Property(Current.Wind)]</label>
								<width>1380</width>
								<height>62</height>
								<font>font30</font>
								<focusedcolor>$VAR[ColorMenuVar]</focusedcolor>
								<textcolor>$VAR[ColorMenuVar]</textcolor>
							</control>
							<control type="button" id="104">
								<label>$LOCALIZE[33027]: $INFO[Window(weather).Property(Today.Sunrise)]</label>
								<width>1380</width>
								<height>62</height>
								<font>font30</font>
								<focusedcolor>$VAR[ColorMenuVar]</focusedcolor>
								<textcolor>$VAR[ColorMenuVar]</textcolor>
							</control>
							<control type="button" id="105">
								<label>$LOCALIZE[33028]: $INFO[Window(weather).Property(Today.Sunset)]</label>
								<width>1380</width>
								<height>62</height>
								<font>font30</font>
								<focusedcolor>$VAR[ColorMenuVar]</focusedcolor>
								<textcolor>$VAR[ColorMenuVar]</textcolor>
							</control>
						</control>
					</control>
				</control>
				<control type="group">
					<visible>Container(6661).HasFocus(2)</visible>
					<include>SettingsFadeEffect</include>
					<left>410</left>
					<top>604</top>
					<width>1380</width>
					<height>310</height>
					<control type="panel" id="301">
						<left>0</left>
						<top>0</top>
						<width>1380</width>
						<height>310</height>
						<onup>301</onup>
						<ondown>301</ondown>
						<onleft>6661</onleft>
						<onright>60</onright>
						<pagecontrol>60</pagecontrol>
						<orientation>vertical</orientation>
						<scrolltime tween="quadratic" easing="out">200</scrolltime>
						<itemlayout height="310" width="1380">
							<control type="image">
								<texture colordiffuse="$VAR[MenuListColorHighlightVar]">listselect_fo.png</texture>
							</control>
							<control type="image">
								<description>current weather icon</description>
								<width>310</width>
								<height>310</height>
								<texture>$INFO[ListItem.Icon]</texture>
								<aspectratio align="center" aligny="center">keep</aspectratio>
							</control>
							<control type="label">
								<left>310</left><font>font30</font>
								<top>0</top>
								<height>62</height>
								<selectedcolor>$VAR[ColorHighlightVar]</selectedcolor>
								<label>$INFO[ListItem.Label]</label>
							</control>
							<control type="label">
								<left>310</left><font>font30</font>
								<top>62</top>
								<height>62</height>
								<selectedcolor>$VAR[ColorHighlightVar]</selectedcolor>
								<label>$INFO[ListItem.Label2,[UPPERCASE],[/UPPERCASE]]</label>
							</control>
							<control type="label">
								<left>310</left><font>font30</font>
								<top>124</top>
								<height>62</height>
								<selectedcolor>$VAR[ColorHighlightVar]</selectedcolor>
								<label>$INFO[ListItem.Property(HighTemperature),[COLOR invalid],[/COLOR]]$INFO[ListItem.Property(LowTemperature), | [COLOR ff8de0ff],[/COLOR]]</label>
							</control>
							<control type="label">
								<left>310</left><font>font30</font>
								<top>186</top>
								<height>62</height>
								<selectedcolor>$VAR[ColorHighlightVar]</selectedcolor>
								<label>$INFO[ListItem.Property(WindSpeed),$LOCALIZE[383]: ] $INFO[ListItem.Property(WindDirection)]</label>
							</control>
						</itemlayout>
						<focusedlayout height="310" width="1380">
							<control type="image">
								<animation effect="fade" time="50" start="100" end="50" condition="!Control.HasFocus(301)">Conditional</animation>
								<texture colordiffuse="$VAR[ColorMenuVar]">listselect_fo.png</texture>
								<include>VisibleFadeEffect</include>
							</control>
							<control type="image">
								<description>current weather icon</description>
								<width>310</width>
								<height>310</height>
								<texture>$INFO[ListItem.Icon]</texture>
								<aspectratio align="center" aligny="center">keep</aspectratio>
							</control>
							<control type="label">
								<left>310</left><font>font30</font>
								<top>0</top>
								<height>62</height>
								<selectedcolor>$VAR[ColorHighlightVar]</selectedcolor>
								<label>$INFO[ListItem.Label]</label>
							</control>
							<control type="label">
								<left>310</left><font>font30</font>
								<top>62</top>
								<height>62</height>
								<selectedcolor>$VAR[ColorHighlightVar]</selectedcolor>
								<label>$INFO[ListItem.Label2,[UPPERCASE],[/UPPERCASE]]</label>
							</control>
							<control type="label">
								<left>310</left><font>font30</font>
								<top>124</top>
								<height>62</height>
								<selectedcolor>$VAR[ColorHighlightVar]</selectedcolor>
								<label>$INFO[ListItem.Property(HighTemperature),[COLOR invalid],[/COLOR]]$INFO[ListItem.Property(LowTemperature), | [COLOR ff8de0ff],[/COLOR]]</label>
							</control>
							<control type="label">
								<left>310</left><font>font30</font>
								<top>186</top>
								<height>62</height>
								<selectedcolor>$VAR[ColorHighlightVar]</selectedcolor>
								<label>$INFO[ListItem.Property(WindSpeed),$LOCALIZE[383]: ] $INFO[ListItem.Property(WindDirection)]</label>
							</control>
						</focusedlayout>
						<content>
							<item>
								<label>$LOCALIZE[31909]</label>
								<icon>-</icon>
								<onclick>noop</onclick>
								<visible>String.IsEmpty(Window.Property(Daily.IsFetched))</visible>
							</item>
							<item>
								<label>$INFO[Window.Property(Daily.1.LongDay)] $INFO[Window.Property(Daily.1.ShortDate)]</label>
								<icon>$VAR[WeatherIconVar]$INFO[Window.Property(Daily.1.FanartCode),,.png]</icon>
								<property name="HighTemperature">$INFO[Window.Property(Daily.1.HighTemperature)]</property>
								<property name="LowTemperature">$INFO[Window.Property(Daily.1.LowTemperature)]</property>
								<property name="Precipitation">$INFO[Window.Property(Daily.1.Precipitation)]</property>
								<property name="WindSpeed">$INFO[Window.Property(Daily.1.WindSpeed)]</property>
								<property name="WindDirection">$INFO[Window.Property(Daily.1.WindDirection)]</property>
								<label2>$INFO[Window.Property(Daily.1.Outlook)]</label2>
								<onclick>noop</onclick>
								<visible>!String.IsEmpty(Window.Property(Daily.IsFetched))</visible>
							</item>
							<item>
								<label>$INFO[Window.Property(Daily.2.LongDay)] $INFO[Window.Property(Daily.2.ShortDate)]</label>
								<icon>$VAR[WeatherIconVar]$INFO[Window.Property(Daily.2.FanartCode),,.png]</icon>
								<property name="HighTemperature">$INFO[Window.Property(Daily.2.HighTemperature)]</property>
								<property name="LowTemperature">$INFO[Window.Property(Daily.2.LowTemperature)]</property>
								<property name="Precipitation">$INFO[Window.Property(Daily.2.Precipitation)]</property>
								<property name="WindSpeed">$INFO[Window.Property(Daily.2.WindSpeed)]</property>
								<property name="WindDirection">$INFO[Window.Property(Daily.2.WindDirection)]</property>
								<label2>$INFO[Window.Property(Daily.2.Outlook)]</label2>
								<onclick>noop</onclick>
								<visible>!String.IsEmpty(Window.Property(Daily.IsFetched))</visible>
							</item>
							<item>
								<label>$INFO[Window.Property(Daily.3.LongDay)] $INFO[Window.Property(Daily.3.ShortDate)]</label>
								<icon>$VAR[WeatherIconVar]$INFO[Window.Property(Daily.3.FanartCode),,.png]</icon>
								<property name="HighTemperature">$INFO[Window.Property(Daily.3.HighTemperature)]</property>
								<property name="LowTemperature">$INFO[Window.Property(Daily.3.LowTemperature)]</property>
								<property name="Precipitation">$INFO[Window.Property(Daily.3.Precipitation)]</property>
								<property name="WindSpeed">$INFO[Window.Property(Daily.3.WindSpeed)]</property>
								<property name="WindDirection">$INFO[Window.Property(Daily.3.WindDirection)]</property>
								<label2>$INFO[Window.Property(Daily.3.Outlook)]</label2>
								<onclick>noop</onclick>
								<visible>!String.IsEmpty(Window.Property(Daily.IsFetched))</visible>
							</item>
							<item>
								<label>$INFO[Window.Property(Daily.4.LongDay)] $INFO[Window.Property(Daily.4.ShortDate)]</label>
								<icon>$VAR[WeatherIconVar]$INFO[Window.Property(Daily.4.FanartCode),,.png]</icon>
								<property name="HighTemperature">$INFO[Window.Property(Daily.4.HighTemperature)]</property>
								<property name="LowTemperature">$INFO[Window.Property(Daily.4.LowTemperature)]</property>
								<property name="Precipitation">$INFO[Window.Property(Daily.4.Precipitation)]</property>
								<property name="WindSpeed">$INFO[Window.Property(Daily.4.WindSpeed)]</property>
								<property name="WindDirection">$INFO[Window.Property(Daily.4.WindDirection)]</property>
								<label2>$INFO[Window.Property(Daily.4.Outlook)]</label2>
								<onclick>noop</onclick>
								<visible>!String.IsEmpty(Window.Property(Daily.IsFetched))</visible>
							</item>
							<item>
								<label>$INFO[Window.Property(Daily.5.LongDay)] $INFO[Window.Property(Daily.5.ShortDate)]</label>
								<icon>$VAR[WeatherIconVar]$INFO[Window.Property(Daily.5.FanartCode),,.png]</icon>
								<property name="HighTemperature">$INFO[Window.Property(Daily.5.HighTemperature)]</property>
								<property name="LowTemperature">$INFO[Window.Property(Daily.5.LowTemperature)]</property>
								<property name="Precipitation">$INFO[Window.Property(Daily.5.Precipitation)]</property>
								<property name="WindSpeed">$INFO[Window.Property(Daily.5.WindSpeed)]</property>
								<property name="WindDirection">$INFO[Window.Property(Daily.5.WindDirection)]</property>
								<label2>$INFO[Window.Property(Daily.5.Outlook)]</label2>
								<onclick>noop</onclick>
								<visible>!String.IsEmpty(Window.Property(Daily.IsFetched))</visible>
							</item>
							<item>
								<label>$INFO[Window.Property(Daily.6.LongDay)] $INFO[Window.Property(Daily.6.ShortDate)]</label>
								<icon>$VAR[WeatherIconVar]$INFO[Window.Property(Daily.6.FanartCode),,.png]</icon>
								<property name="HighTemperature">$INFO[Window.Property(Daily.6.HighTemperature)]</property>
								<property name="LowTemperature">$INFO[Window.Property(Daily.6.LowTemperature)]</property>
								<property name="Precipitation">$INFO[Window.Property(Daily.6.Precipitation)]</property>
								<property name="WindSpeed">$INFO[Window.Property(Daily.6.WindSpeed)]</property>
								<property name="WindDirection">$INFO[Window.Property(Daily.6.WindDirection)]</property>
								<label2>$INFO[Window.Property(Daily.6.Outlook)]</label2>
								<onclick>noop</onclick>
								<visible>!String.IsEmpty(Window.Property(Daily.IsFetched))</visible>
							</item>
							<item>
								<label>$INFO[Window.Property(Daily.7.LongDay)] $INFO[Window.Property(Daily.7.ShortDate)]</label>
								<icon>$VAR[WeatherIconVar]$INFO[Window.Property(Daily.7.FanartCode),,.png]</icon>
								<property name="HighTemperature">$INFO[Window.Property(Daily.7.HighTemperature)]</property>
								<property name="LowTemperature">$INFO[Window.Property(Daily.7.LowTemperature)]</property>
								<property name="Precipitation">$INFO[Window.Property(Daily.7.Precipitation)]</property>
								<property name="WindSpeed">$INFO[Window.Property(Daily.7.WindSpeed)]</property>
								<property name="WindDirection">$INFO[Window.Property(Daily.7.WindDirection)]</property>
								<label2>$INFO[Window.Property(Daily.7.Outlook)]</label2>
								<onclick>noop</onclick>
								<visible>!String.IsEmpty(Window.Property(Daily.IsFetched))</visible>
							</item>
							<item>
								<label>$INFO[Window.Property(Daily.8.LongDay)] $INFO[Window.Property(Daily.8.ShortDate)]</label>
								<icon>$VAR[WeatherIconVar]$INFO[Window.Property(Daily.8.FanartCode),,.png]</icon>
								<property name="HighTemperature">$INFO[Window.Property(Daily.8.HighTemperature)]</property>
								<property name="LowTemperature">$INFO[Window.Property(Daily.8.LowTemperature)]</property>
								<property name="Precipitation">$INFO[Window.Property(Daily.8.Precipitation)]</property>
								<property name="WindSpeed">$INFO[Window.Property(Daily.8.WindSpeed)]</property>
								<property name="WindDirection">$INFO[Window.Property(Daily.8.WindDirection)]</property>
								<label2>$INFO[Window.Property(Daily.8.Outlook)]</label2>
								<onclick>noop</onclick>
								<visible>!String.IsEmpty(Window.Property(Daily.IsFetched))</visible>
							</item>
							<item>
								<label>$INFO[Window.Property(Daily.9.LongDay)] $INFO[Window.Property(Daily.9.ShortDate)]</label>
								<icon>$VAR[WeatherIconVar]$INFO[Window.Property(Daily.9.FanartCode),,.png]</icon>
								<property name="HighTemperature">$INFO[Window.Property(Daily.9.HighTemperature)]</property>
								<property name="LowTemperature">$INFO[Window.Property(Daily.9.LowTemperature)]</property>
								<property name="Precipitation">$INFO[Window.Property(Daily.9.Precipitation)]</property>
								<property name="WindSpeed">$INFO[Window.Property(Daily.9.WindSpeed)]</property>
								<property name="WindDirection">$INFO[Window.Property(Daily.9.WindDirection)]</property>
								<label2>$INFO[Window.Property(Daily.9.Outlook)]</label2>
								<onclick>noop</onclick>
								<visible>!String.IsEmpty(Window.Property(Daily.IsFetched))</visible>
							</item>
							<item>
								<label>$INFO[Window.Property(Daily.10.LongDay)] $INFO[Window.Property(Daily.10.ShortDate)]</label>
								<icon>$VAR[WeatherIconVar]$INFO[Window.Property(Daily.10.FanartCode),,.png]</icon>
								<property name="HighTemperature">$INFO[Window.Property(Daily.10.HighTemperature)]</property>
								<property name="LowTemperature">$INFO[Window.Property(Daily.10.LowTemperature)]</property>
								<property name="Precipitation">$INFO[Window.Property(Daily.10.Precipitation)]</property>
								<property name="WindSpeed">$INFO[Window.Property(Daily.10.WindSpeed)]</property>
								<property name="WindDirection">$INFO[Window.Property(Daily.10.WindDirection)]</property>
								<label2>$INFO[Window.Property(Daily.10.Outlook)]</label2>
								<onclick>noop</onclick>
								<visible>!String.IsEmpty(Window.Property(Daily.IsFetched))</visible>
							</item>
						</content>
					</control>
				</control>
				<control type="group">
					<visible>Container(6661).HasFocus(3)</visible>
					<include>SettingsFadeEffect</include>
					<left>410</left>
					<top>604</top>
					<width>1380</width>
					<height>310</height>
					<control type="panel" id="302">
						<left>0</left>
						<top>0</top>
						<width>1380</width>
						<height>310</height>
						<onup>302</onup>
						<ondown>302</ondown>
						<onleft>6661</onleft>
						<onright>60</onright>
						<pagecontrol>60</pagecontrol>
						<orientation>vertical</orientation>
						<scrolltime tween="quadratic" easing="out">200</scrolltime>
						<itemlayout height="310" width="1380">
							<control type="image">
								<texture colordiffuse="$VAR[MenuListColorHighlightVar]">listselect_fo.png</texture>
							</control>
							<control type="image">
								<description>current weather icon</description>
								<width>310</width>
								<height>310</height>
								<texture>$INFO[ListItem.Icon]</texture>
								<aspectratio align="center" aligny="center">keep</aspectratio>
							</control>
							<control type="label">
								<left>310</left><font>font30</font>
								<top>0</top>
								<height>62</height>
								<selectedcolor>$VAR[ColorHighlightVar]</selectedcolor>
								<label>$INFO[ListItem.Label]</label>
							</control>
							<control type="label">
								<left>310</left><font>font30</font>
								<top>62</top>
								<height>62</height>
								<selectedcolor>$VAR[ColorHighlightVar]</selectedcolor>
								<label>$INFO[ListItem.Label2,[UPPERCASE],[/UPPERCASE]]</label>
							</control>
							<control type="label">
								<left>310</left><font>font30</font>
								<top>124</top>
								<height>62</height>
								<selectedcolor>$VAR[ColorHighlightVar]</selectedcolor>
								<label>$INFO[ListItem.Property(HighTemperature),[COLOR invalid],[/COLOR]]$INFO[ListItem.Property(LowTemperature), | [COLOR ff8de0ff],[/COLOR]]</label>
							</control>
							<control type="label">
								<left>310</left><font>font30</font>
								<top>186</top>
								<height>62</height>
								<selectedcolor>$VAR[ColorHighlightVar]</selectedcolor>
								<label>$INFO[ListItem.Property(WindSpeed),$LOCALIZE[383]: ] $INFO[ListItem.Property(WindDirection)]</label>
							</control>
						</itemlayout>
						<focusedlayout height="310" width="1380">
							<control type="image">
								<animation effect="fade" time="50" start="100" end="50" condition="!Control.HasFocus(302)">Conditional</animation>
								<texture colordiffuse="$VAR[ColorMenuVar]">listselect_fo.png</texture>
								<include>VisibleFadeEffect</include>
							</control>
							<control type="image">
								<description>current weather icon</description>
								<width>310</width>
								<height>310</height>
								<texture>$INFO[ListItem.Icon]</texture>
								<aspectratio align="center" aligny="center">keep</aspectratio>
							</control>
							<control type="label">
								<left>310</left><font>font30</font>
								<top>0</top>
								<height>62</height>
								<selectedcolor>$VAR[ColorHighlightVar]</selectedcolor>
								<label>$INFO[ListItem.Label]</label>
							</control>
							<control type="label">
								<left>310</left><font>font30</font>
								<top>62</top>
								<height>62</height>
								<selectedcolor>$VAR[ColorHighlightVar]</selectedcolor>
								<label>$INFO[ListItem.Label2,[UPPERCASE],[/UPPERCASE]]</label>
							</control>
							<control type="label">
								<left>310</left><font>font30</font>
								<top>124</top>
								<height>62</height>
								<selectedcolor>$VAR[ColorHighlightVar]</selectedcolor>
								<label>$INFO[ListItem.Property(HighTemperature),[COLOR invalid],[/COLOR]]$INFO[ListItem.Property(LowTemperature), | [COLOR ff8de0ff],[/COLOR]]</label>
							</control>
							<control type="label">
								<left>310</left><font>font30</font>
								<top>186</top>
								<height>62</height>
								<selectedcolor>$VAR[ColorHighlightVar]</selectedcolor>
								<label>$INFO[ListItem.Property(WindSpeed),$LOCALIZE[383]: ] $INFO[ListItem.Property(WindDirection)]</label>
							</control>
						</focusedlayout>
						<content>
							<item>
								<label>$LOCALIZE[31909]</label>
								<icon>-</icon>
								<onclick>noop</onclick>
								<visible>String.IsEmpty(Window.Property(36Hour.IsFetched))</visible>
							</item>
							<item>
								<label>$INFO[Window.Property(36Hour.1.Heading)]</label>
								<label2>$INFO[Window.Property(36Hour.1.Outlook)]</label2>
								<icon>$VAR[WeatherIconVar]$INFO[Window.Property(36Hour.1.FanartCode),,.png]</icon>
								<property name="TemperatureHeading">$INFO[Window.Property(36Hour.1.TemperatureHeading)]</property>
								<property name="Temperature">$INFO[Window.Property(36Hour.1.Temperature)]</property>
								<property name="Precipitation">$INFO[Window.Property(36Hour.1.Precipitation)]</property>
								<property name="FeelsLike">$INFO[Window.Property(36Hour.1.FeelsLike)]</property>
								<property name="Humidity">$INFO[Window.Property(36Hour.1.Humidity)]</property>
								<property name="Wind">$INFO[Window.Property(36Hour.1.WindSpeed)]$INFO[Window.Property(36Hour.1.WindDirection),  ]$INFO[Window.Property(36Hour.1.WindDegree),  ]</property>
								<onclick>noop</onclick>
								<visible>!String.IsEmpty(Window.Property(36Hour.IsFetched))</visible>
							</item>
							<item>
								<label>$INFO[Window.Property(36Hour.2.Heading)]</label>
								<label2>$INFO[Window.Property(36Hour.2.Outlook)]</label2>
								<icon>$VAR[WeatherIconVar]$INFO[Window.Property(36Hour.2.FanartCode),,.png]</icon>
								<property name="TemperatureHeading">$INFO[Window.Property(36Hour.2.TemperatureHeading)]</property>
								<property name="Temperature">$INFO[Window.Property(36Hour.2.Temperature)]</property>
								<property name="Precipitation">$INFO[Window.Property(36Hour.2.Precipitation)]</property>
								<property name="FeelsLike">$INFO[Window.Property(36Hour.2.FeelsLike)]</property>
								<property name="Humidity">$INFO[Window.Property(36Hour.2.Humidity)]</property>
								<property name="Wind">$INFO[Window.Property(36Hour.2.WindSpeed)]$INFO[Window.Property(36Hour.2.WindDirection),  ]$INFO[Window.Property(36Hour.2.WindDegree),  ]</property>
								<onclick>noop</onclick>
								<visible>!String.IsEmpty(Window.Property(36Hour.IsFetched))</visible>
							</item>
							<item>
								<label>$INFO[Window.Property(36Hour.3.Heading)]</label>
								<label2>$INFO[Window.Property(36Hour.3.Outlook)]</label2>
								<icon>$VAR[WeatherIconVar]$INFO[Window.Property(36Hour.3.FanartCode),,.png]</icon>
								<property name="TemperatureHeading">$INFO[Window.Property(36Hour.3.TemperatureHeading)]</property>
								<property name="Temperature">$INFO[Window.Property(36Hour.3.Temperature)]</property>
								<property name="Precipitation">$INFO[Window.Property(36Hour.3.Precipitation)]</property>
								<property name="FeelsLike">$INFO[Window.Property(36Hour.3.FeelsLike)]</property>
								<property name="Humidity">$INFO[Window.Property(36Hour.3.Humidity)]</property>
								<property name="Wind">$INFO[Window.Property(36Hour.3.WindSpeed)]$INFO[Window.Property(36Hour.3.WindDirection),  ]$INFO[Window.Property(36Hour.3.WindDegree),  ]</property>
								<onclick>noop</onclick>
								<visible>!String.IsEmpty(Window.Property(36Hour.IsFetched))</visible>
							</item>
						</content>
					</control>
				</control>
				<control type="group">
					<visible>Container(6661).HasFocus(4)</visible>
					<include>SettingsFadeEffect</include>
					<left>410</left>
					<top>604</top>
					<width>1380</width>
					<height>310</height>
					<control type="panel" id="303">
						<left>0</left>
						<top>0</top>
						<width>1380</width>
						<height>310</height>
						<onup>303</onup>
						<ondown>303</ondown>
						<onleft>6661</onleft>
						<onright>60</onright>
						<pagecontrol>60</pagecontrol>
						<orientation>vertical</orientation>
						<scrolltime tween="quadratic" easing="out">200</scrolltime>
						<itemlayout height="310" width="1380">
							<control type="image">
								<texture colordiffuse="$VAR[MenuListColorHighlightVar]">listselect_fo.png</texture>
							</control>
							<control type="image">
								<description>current weather icon</description>
								<width>310</width>
								<height>310</height>
								<texture>$INFO[ListItem.Icon]</texture>
								<aspectratio align="center" aligny="center">keep</aspectratio>
							</control>
							<control type="label">
								<left>310</left><font>font30</font>
								<top>0</top>
								<height>62</height>
								<selectedcolor>$VAR[ColorHighlightVar]</selectedcolor>
								<label>$INFO[ListItem.Label]</label>
							</control>
							<control type="label">
								<left>310</left><font>font30</font>
								<top>62</top>
								<height>62</height>
								<selectedcolor>$VAR[ColorHighlightVar]</selectedcolor>
								<label>$INFO[ListItem.Label2,[UPPERCASE],[/UPPERCASE]]</label>
							</control>
							<control type="label">
								<left>310</left><font>font30</font>
								<top>124</top>
								<height>62</height>
								<selectedcolor>$VAR[ColorHighlightVar]</selectedcolor>
								<label>$INFO[ListItem.Property(HighTemperature),[COLOR invalid],[/COLOR]]$INFO[ListItem.Property(LowTemperature), | [COLOR ff8de0ff],[/COLOR]]</label>
							</control>
							<control type="label">
								<left>310</left><font>font30</font>
								<top>186</top>
								<height>62</height>
								<selectedcolor>$VAR[ColorHighlightVar]</selectedcolor>
								<label>$INFO[ListItem.Property(WindSpeed),$LOCALIZE[383]: ] $INFO[ListItem.Property(WindDirection)]</label>
							</control>
						</itemlayout>
						<focusedlayout height="310" width="1380">
							<control type="image">
								<animation effect="fade" time="50" start="100" end="50" condition="!Control.HasFocus(303)">Conditional</animation>
								<texture colordiffuse="$VAR[ColorMenuVar]">listselect_fo.png</texture>
								<include>VisibleFadeEffect</include>
							</control>
							<control type="image">
								<description>current weather icon</description>
								<width>310</width>
								<height>310</height>
								<texture>$INFO[ListItem.Icon]</texture>
								<aspectratio align="center" aligny="center">keep</aspectratio>
							</control>
							<control type="label">
								<left>310</left><font>font30</font>
								<top>0</top>
								<height>62</height>
								<selectedcolor>$VAR[ColorHighlightVar]</selectedcolor>
								<label>$INFO[ListItem.Label]</label>
							</control>
							<control type="label">
								<left>310</left><font>font30</font>
								<top>62</top>
								<height>62</height>
								<selectedcolor>$VAR[ColorHighlightVar]</selectedcolor>
								<label>$INFO[ListItem.Label2,[UPPERCASE],[/UPPERCASE]]</label>
							</control>
							<control type="label">
								<left>310</left><font>font30</font>
								<top>124</top>
								<height>62</height>
								<selectedcolor>$VAR[ColorHighlightVar]</selectedcolor>
								<label>$INFO[ListItem.Property(HighTemperature),[COLOR invalid],[/COLOR]]$INFO[ListItem.Property(LowTemperature), | [COLOR ff8de0ff],[/COLOR]]</label>
							</control>
							<control type="label">
								<left>310</left><font>font30</font>
								<top>186</top>
								<height>62</height>
								<selectedcolor>$VAR[ColorHighlightVar]</selectedcolor>
								<label>$INFO[ListItem.Property(WindSpeed),$LOCALIZE[383]: ] $INFO[ListItem.Property(WindDirection)]</label>
							</control>
						</focusedlayout>
						<content>
							<item>
								<label>$LOCALIZE[31909]</label>
								<icon>-</icon>
								<onclick>noop</onclick>
								<visible>String.IsEmpty(Window.Property(Weekend.IsFetched))</visible>
							</item>
							<item>
								<label>$INFO[Window.Property(Weekend.1.LongDay)] $INFO[Window.Property(Weekend.1.LongDate)]</label>
								<label2>$INFO[Window.Property(Weekend.1.Outlook)]</label2>
								<icon>$VAR[WeatherIconVar]$INFO[Window.Property(Weekend.1.FanartCode),,.png]</icon>
								<property name="HighTemperature">$INFO[Window.Property(Weekend.1.HighTemperature)]</property>
								<property name="LowTemperature">$INFO[Window.Property(Weekend.1.LowTemperature)]</property>
								<property name="Precipitation">$INFO[Window.Property(Weekend.1.Precipitation)]</property>
								<property name="WindSpeed">$INFO[Window.Property(Weekend.1.WindSpeed)]</property>
								<property name="WindDirection">$INFO[Window.Property(Weekend.1.WindDirection)]</property>
								<property name="Humidity">$INFO[Window.Property(Weekend.1.Humidity)]</property>
								<property name="ChancePrecipitation">$INFO[Window.Property(Weekend.1.ChancePrecipitation)]</property>
								<onclick>noop</onclick>
								<visible>!String.IsEmpty(Window.Property(Weekend.IsFetched))</visible>
							</item>
							<item>
								<label>$INFO[Window.Property(Weekend.2.LongDay)] $INFO[Window.Property(Weekend.2.LongDate)]</label>
								<label2>$INFO[Window.Property(Weekend.2.Outlook)]</label2>
								<icon>$VAR[WeatherIconVar]$INFO[Window.Property(Weekend.2.FanartCode),,.png]</icon>
								<property name="HighTemperature">$INFO[Window.Property(Weekend.2.HighTemperature)]</property>
								<property name="LowTemperature">$INFO[Window.Property(Weekend.2.LowTemperature)]</property>
								<property name="Precipitation">$INFO[Window.Property(Weekend.2.Precipitation)]</property>
								<property name="WindSpeed">$INFO[Window.Property(Weekend.2.WindSpeed)]</property>
								<property name="WindDirection">$INFO[Window.Property(Weekend.2.WindDirection)]</property>
								<property name="Humidity">$INFO[Window.Property(Weekend.2.Humidity)]</property>
								<property name="ChancePrecipitation">$INFO[Window.Property(Weekend.2.ChancePrecipitation)]</property>
								<onclick>noop</onclick>
								<visible>!String.IsEmpty(Window.Property(Weekend.IsFetched))</visible>
							</item>
						</content>
					</control>
				</control>
				<control type="group">
					<visible>Container(6661).HasFocus(5)</visible>
					<include>SettingsFadeEffect</include>
					<left>410</left>
					<top>604</top>
					<width>1380</width>
					<height>310</height>
					<control type="panel" id="304">
						<left>0</left>
						<top>0</top>
						<width>1380</width>
						<height>310</height>
						<onup>304</onup>
						<ondown>304</ondown>
						<onleft>6661</onleft>
						<onright>60</onright>
						<pagecontrol>60</pagecontrol>
						<orientation>vertical</orientation>
						<scrolltime tween="quadratic" easing="out">200</scrolltime>
						<itemlayout height="310" width="1380">
							<control type="image">
								<texture colordiffuse="$VAR[MenuListColorHighlightVar]">listselect_fo.png</texture>
							</control>
							<control type="image">
								<description>current weather icon</description>
								<width>310</width>
								<height>310</height>
								<texture>$INFO[ListItem.Icon]</texture>
								<aspectratio align="center" aligny="center">keep</aspectratio>
							</control>
							<control type="label">
								<left>310</left><font>font30</font>
								<top>0</top>
								<height>62</height>
								<selectedcolor>$VAR[ColorHighlightVar]</selectedcolor>
								<label>$INFO[ListItem.Label]</label>
							</control>
							<control type="label">
								<left>310</left><font>font30</font>
								<top>62</top>
								<height>62</height>
								<selectedcolor>$VAR[ColorHighlightVar]</selectedcolor>
								<label>$INFO[ListItem.Label2,[UPPERCASE],[/UPPERCASE]]</label>
							</control>
							<control type="label">
								<left>310</left><font>font30</font>
								<top>124</top>
								<height>62</height>
								<selectedcolor>$VAR[ColorHighlightVar]</selectedcolor>
								<label>$INFO[ListItem.Property(HighTemperature),[COLOR invalid],[/COLOR]]$INFO[ListItem.Property(LowTemperature), | [COLOR ff8de0ff],[/COLOR]]</label>
							</control>
							<control type="label">
								<left>310</left><font>font30</font>
								<top>186</top>
								<height>62</height>
								<selectedcolor>$VAR[ColorHighlightVar]</selectedcolor>
								<label>$INFO[ListItem.Property(WindSpeed),$LOCALIZE[383]: ] $INFO[ListItem.Property(WindDirection)]</label>
							</control>
						</itemlayout>
						<focusedlayout height="310" width="1380">
							<control type="image">
								<animation effect="fade" time="50" start="100" end="50" condition="!Control.HasFocus(304)">Conditional</animation>
								<texture colordiffuse="$VAR[ColorMenuVar]">listselect_fo.png</texture>
								<include>VisibleFadeEffect</include>
							</control>
							<control type="image">
								<description>current weather icon</description>
								<width>310</width>
								<height>310</height>
								<texture>$INFO[ListItem.Icon]</texture>
								<aspectratio align="center" aligny="center">keep</aspectratio>
							</control>
							<control type="label">
								<left>310</left><font>font30</font>
								<top>0</top>
								<height>62</height>
								<selectedcolor>$VAR[ColorHighlightVar]</selectedcolor>
								<label>$INFO[ListItem.Label]</label>
							</control>
							<control type="label">
								<left>310</left><font>font30</font>
								<top>62</top>
								<height>62</height>
								<selectedcolor>$VAR[ColorHighlightVar]</selectedcolor>
								<label>$INFO[ListItem.Label2,[UPPERCASE],[/UPPERCASE]]</label>
							</control>
							<control type="label">
								<left>310</left><font>font30</font>
								<top>124</top>
								<height>62</height>
								<selectedcolor>$VAR[ColorHighlightVar]</selectedcolor>
								<label>$INFO[ListItem.Property(HighTemperature),[COLOR invalid],[/COLOR]]$INFO[ListItem.Property(LowTemperature), | [COLOR ff8de0ff],[/COLOR]]</label>
							</control>
							<control type="label">
								<left>310</left><font>font30</font>
								<top>186</top>
								<height>62</height>
								<selectedcolor>$VAR[ColorHighlightVar]</selectedcolor>
								<label>$INFO[ListItem.Property(WindSpeed),$LOCALIZE[383]: ] $INFO[ListItem.Property(WindDirection)]</label>
							</control>
						</focusedlayout>
						<content>
							<item>
								<label>$LOCALIZE[31909]</label>
								<icon>-</icon>
								<onclick>noop</onclick>
								<visible>String.IsEmpty(Window.Property(Hourly.IsFetched))</visible>
							</item>
							<item>
								<label>$INFO[Window.Property(Hourly.1.Time)]</label>
								<icon>$VAR[WeatherIconVar]$INFO[Window.Property(Hourly.1.FanartCode),,.png]</icon>
								<property name="Temperature">$INFO[Window.Property(Hourly.1.Temperature)]</property>
								<property name="FeelsLike">$INFO[Window.Property(Hourly.1.FeelsLike)]</property>
								<property name="Precipitation">$INFO[Window.Property(Hourly.1.Precipitation)]</property>
								<property name="WindSpeed">$INFO[Window.Property(Hourly.1.WindSpeed)]</property>
								<property name="WindDirection">$INFO[Window.Property(Hourly.1.WindDirection)]</property>
								<property name="Humidity">$INFO[Window.Property(Hourly.1.Humidity)]</property>
								<property name="UVIndex">$INFO[Window.Property(Hourly.1.UVIndex)]</property>
								<property name="ChancePrecipitation">$INFO[Window.Property(Hourly.1.ChancePrecipitation)]</property>
								<property name="Snow">$INFO[Window.Property(Hourly.1.Snow)]</property>
								<property name="HeatIndex">$INFO[Window.Property(Hourly.1.HeatIndex)]</property>
								<property name="WindChill">$INFO[Window.Property(Hourly.1.WindChill)]</property>
								<label2>$INFO[Window.Property(Hourly.1.Outlook)]</label2>
								<onclick>noop</onclick>
								<visible>!String.IsEmpty(Window.Property(Hourly.IsFetched))</visible>
							</item>
							<item>
								<label>$INFO[Window.Property(Hourly.2.Time)]</label>
								<icon>$VAR[WeatherIconVar]$INFO[Window.Property(Hourly.2.FanartCode),,.png]</icon>
								<property name="Temperature">$INFO[Window.Property(Hourly.2.Temperature)]</property>
								<property name="FeelsLike">$INFO[Window.Property(Hourly.2.FeelsLike)]</property>
								<property name="Precipitation">$INFO[Window.Property(Hourly.2.Precipitation)]</property>
								<property name="WindSpeed">$INFO[Window.Property(Hourly.2.WindSpeed)]</property>
								<property name="WindDirection">$INFO[Window.Property(Hourly.2.WindDirection)]</property>
								<property name="Humidity">$INFO[Window.Property(Hourly.2.Humidity)]</property>
								<property name="UVIndex">$INFO[Window.Property(Hourly.2.UVIndex)]</property>
								<property name="ChancePrecipitation">$INFO[Window.Property(Hourly.2.ChancePrecipitation)]</property>
								<property name="Snow">$INFO[Window.Property(Hourly.2.Snow)]</property>
								<property name="HeatIndex">$INFO[Window.Property(Hourly.2.HeatIndex)]</property>
								<property name="WindChill">$INFO[Window.Property(Hourly.2.WindChill)]</property>
								<label2>$INFO[Window.Property(Hourly.2.Outlook)]</label2>
								<onclick>noop</onclick>
								<visible>!String.IsEmpty(Window.Property(Hourly.IsFetched))</visible>
							</item>
							<item>
								<label>$INFO[Window.Property(Hourly.3.Time)]</label>
								<icon>$VAR[WeatherIconVar]$INFO[Window.Property(Hourly.3.FanartCode),,.png]</icon>
								<property name="Temperature">$INFO[Window.Property(Hourly.3.Temperature)]</property>
								<property name="FeelsLike">$INFO[Window.Property(Hourly.3.FeelsLike)]</property>
								<property name="Precipitation">$INFO[Window.Property(Hourly.3.Precipitation)]</property>
								<property name="WindSpeed">$INFO[Window.Property(Hourly.3.WindSpeed)]</property>
								<property name="WindDirection">$INFO[Window.Property(Hourly.3.WindDirection)]</property>
								<property name="Humidity">$INFO[Window.Property(Hourly.3.Humidity)]</property>
								<property name="UVIndex">$INFO[Window.Property(Hourly.3.UVIndex)]</property>
								<property name="ChancePrecipitation">$INFO[Window.Property(Hourly.3.ChancePrecipitation)]</property>
								<property name="Snow">$INFO[Window.Property(Hourly.3.Snow)]</property>
								<property name="HeatIndex">$INFO[Window.Property(Hourly.3.HeatIndex)]</property>
								<property name="WindChill">$INFO[Window.Property(Hourly.3.WindChill)]</property>
								<label2>$INFO[Window.Property(Hourly.3.Outlook)]</label2>
								<onclick>noop</onclick>
								<visible>!String.IsEmpty(Window.Property(Hourly.IsFetched))</visible>
							</item>
							<item>
								<label>$INFO[Window.Property(Hourly.4.Time)]</label>
								<icon>$VAR[WeatherIconVar]$INFO[Window.Property(Hourly.4.FanartCode),,.png]</icon>
								<property name="Temperature">$INFO[Window.Property(Hourly.4.Temperature)]</property>
								<property name="FeelsLike">$INFO[Window.Property(Hourly.4.FeelsLike)]</property>
								<property name="Precipitation">$INFO[Window.Property(Hourly.4.Precipitation)]</property>
								<property name="WindSpeed">$INFO[Window.Property(Hourly.4.WindSpeed)]</property>
								<property name="WindDirection">$INFO[Window.Property(Hourly.4.WindDirection)]</property>
								<property name="Humidity">$INFO[Window.Property(Hourly.4.Humidity)]</property>
								<property name="UVIndex">$INFO[Window.Property(Hourly.4.UVIndex)]</property>
								<property name="ChancePrecipitation">$INFO[Window.Property(Hourly.4.ChancePrecipitation)]</property>
								<property name="Snow">$INFO[Window.Property(Hourly.4.Snow)]</property>
								<property name="HeatIndex">$INFO[Window.Property(Hourly.4.HeatIndex)]</property>
								<property name="WindChill">$INFO[Window.Property(Hourly.4.WindChill)]</property>
								<label2>$INFO[Window.Property(Hourly.4.Outlook)]</label2>
								<onclick>noop</onclick>
								<visible>!String.IsEmpty(Window.Property(Hourly.IsFetched))</visible>
							</item>
							<item>
								<label>$INFO[Window.Property(Hourly.5.Time)]</label>
								<icon>$VAR[WeatherIconVar]$INFO[Window.Property(Hourly.5.FanartCode),,.png]</icon>
								<property name="Temperature">$INFO[Window.Property(Hourly.5.Temperature)]</property>
								<property name="FeelsLike">$INFO[Window.Property(Hourly.5.FeelsLike)]</property>
								<property name="Precipitation">$INFO[Window.Property(Hourly.5.Precipitation)]</property>
								<property name="WindSpeed">$INFO[Window.Property(Hourly.5.WindSpeed)]</property>
								<property name="WindDirection">$INFO[Window.Property(Hourly.5.WindDirection)]</property>
								<property name="Humidity">$INFO[Window.Property(Hourly.5.Humidity)]</property>
								<property name="UVIndex">$INFO[Window.Property(Hourly.5.UVIndex)]</property>
								<property name="ChancePrecipitation">$INFO[Window.Property(Hourly.5.ChancePrecipitation)]</property>
								<property name="Snow">$INFO[Window.Property(Hourly.5.Snow)]</property>
								<property name="HeatIndex">$INFO[Window.Property(Hourly.5.HeatIndex)]</property>
								<property name="WindChill">$INFO[Window.Property(Hourly.5.WindChill)]</property>
								<label2>$INFO[Window.Property(Hourly.5.Outlook)]</label2>
								<onclick>noop</onclick>
								<visible>!String.IsEmpty(Window.Property(Hourly.IsFetched))</visible>
							</item>
							<item>
								<label>$INFO[Window.Property(Hourly.6.Time)]</label>
								<icon>$VAR[WeatherIconVar]$INFO[Window.Property(Hourly.6.FanartCode),,.png]</icon>
								<property name="Temperature">$INFO[Window.Property(Hourly.6.Temperature)]</property>
								<property name="FeelsLike">$INFO[Window.Property(Hourly.6.FeelsLike)]</property>
								<property name="Precipitation">$INFO[Window.Property(Hourly.6.Precipitation)]</property>
								<property name="WindSpeed">$INFO[Window.Property(Hourly.6.WindSpeed)]</property>
								<property name="WindDirection">$INFO[Window.Property(Hourly.6.WindDirection)]</property>
								<property name="Humidity">$INFO[Window.Property(Hourly.6.Humidity)]</property>
								<property name="UVIndex">$INFO[Window.Property(Hourly.6.UVIndex)]</property>
								<property name="ChancePrecipitation">$INFO[Window.Property(Hourly.6.ChancePrecipitation)]</property>
								<property name="Snow">$INFO[Window.Property(Hourly.6.Snow)]</property>
								<property name="HeatIndex">$INFO[Window.Property(Hourly.6.HeatIndex)]</property>
								<property name="WindChill">$INFO[Window.Property(Hourly.6.WindChill)]</property>
								<label2>$INFO[Window.Property(Hourly.6.Outlook)]</label2>
								<onclick>noop</onclick>
								<visible>!String.IsEmpty(Window.Property(Hourly.IsFetched))</visible>
							</item>
							<item>
								<label>$INFO[Window.Property(Hourly.7.Time)]</label>
								<icon>$VAR[WeatherIconVar]$INFO[Window.Property(Hourly.7.FanartCode),,.png]</icon>
								<property name="Temperature">$INFO[Window.Property(Hourly.7.Temperature)]</property>
								<property name="FeelsLike">$INFO[Window.Property(Hourly.7.FeelsLike)]</property>
								<property name="Precipitation">$INFO[Window.Property(Hourly.7.Precipitation)]</property>
								<property name="WindSpeed">$INFO[Window.Property(Hourly.7.WindSpeed)]</property>
								<property name="WindDirection">$INFO[Window.Property(Hourly.7.WindDirection)]</property>
								<property name="Humidity">$INFO[Window.Property(Hourly.7.Humidity)]</property>
								<property name="UVIndex">$INFO[Window.Property(Hourly.7.UVIndex)]</property>
								<property name="ChancePrecipitation">$INFO[Window.Property(Hourly.7.ChancePrecipitation)]</property>
								<property name="Snow">$INFO[Window.Property(Hourly.7.Snow)]</property>
								<property name="HeatIndex">$INFO[Window.Property(Hourly.7.HeatIndex)]</property>
								<property name="WindChill">$INFO[Window.Property(Hourly.7.WindChill)]</property>
								<label2>$INFO[Window.Property(Hourly.7.Outlook)]</label2>
								<onclick>noop</onclick>
								<visible>!String.IsEmpty(Window.Property(Hourly.IsFetched))</visible>
							</item>
							<item>
								<label>$INFO[Window.Property(Hourly.8.Time)]</label>
								<icon>$VAR[WeatherIconVar]$INFO[Window.Property(Hourly.8.FanartCode),,.png]</icon>
								<property name="Temperature">$INFO[Window.Property(Hourly.8.Temperature)]</property>
								<property name="FeelsLike">$INFO[Window.Property(Hourly.8.FeelsLike)]</property>
								<property name="Precipitation">$INFO[Window.Property(Hourly.8.Precipitation)]</property>
								<property name="WindSpeed">$INFO[Window.Property(Hourly.8.WindSpeed)]</property>
								<property name="WindDirection">$INFO[Window.Property(Hourly.8.WindDirection)]</property>
								<property name="Humidity">$INFO[Window.Property(Hourly.8.Humidity)]</property>
								<property name="UVIndex">$INFO[Window.Property(Hourly.8.UVIndex)]</property>
								<property name="ChancePrecipitation">$INFO[Window.Property(Hourly.8.ChancePrecipitation)]</property>
								<property name="Snow">$INFO[Window.Property(Hourly.8.Snow)]</property>
								<property name="HeatIndex">$INFO[Window.Property(Hourly.8.HeatIndex)]</property>
								<property name="WindChill">$INFO[Window.Property(Hourly.8.WindChill)]</property>
								<label2>$INFO[Window.Property(Hourly.8.Outlook)]</label2>
								<onclick>noop</onclick>
								<visible>!String.IsEmpty(Window.Property(Hourly.IsFetched))</visible>
							</item>
							<item>
								<label>$INFO[Window.Property(Hourly.9.Time)]</label>
								<icon>$VAR[WeatherIconVar]$INFO[Window.Property(Hourly.9.FanartCode),,.png]</icon>
								<property name="Temperature">$INFO[Window.Property(Hourly.9.Temperature)]</property>
								<property name="FeelsLike">$INFO[Window.Property(Hourly.9.FeelsLike)]</property>
								<property name="Precipitation">$INFO[Window.Property(Hourly.9.Precipitation)]</property>
								<property name="WindSpeed">$INFO[Window.Property(Hourly.9.WindSpeed)]</property>
								<property name="WindDirection">$INFO[Window.Property(Hourly.9.WindDirection)]</property>
								<property name="Humidity">$INFO[Window.Property(Hourly.9.Humidity)]</property>
								<property name="UVIndex">$INFO[Window.Property(Hourly.9.UVIndex)]</property>
								<property name="ChancePrecipitation">$INFO[Window.Property(Hourly.9.ChancePrecipitation)]</property>
								<property name="Snow">$INFO[Window.Property(Hourly.9.Snow)]</property>
								<property name="HeatIndex">$INFO[Window.Property(Hourly.9.HeatIndex)]</property>
								<property name="WindChill">$INFO[Window.Property(Hourly.9.WindChill)]</property>
								<label2>$INFO[Window.Property(Hourly.9.Outlook)]</label2>
								<onclick>noop</onclick>
								<visible>!String.IsEmpty(Window.Property(Hourly.IsFetched))</visible>
							</item>
							<item>
								<label>$INFO[Window.Property(Hourly.10.Time)]</label>
								<icon>$VAR[WeatherIconVar]$INFO[Window.Property(Hourly.10.FanartCode),,.png]</icon>
								<property name="Temperature">$INFO[Window.Property(Hourly.10.Temperature)]</property>
								<property name="FeelsLike">$INFO[Window.Property(Hourly.10.FeelsLike)]</property>
								<property name="Precipitation">$INFO[Window.Property(Hourly.10.Precipitation)]</property>
								<property name="WindSpeed">$INFO[Window.Property(Hourly.10.WindSpeed)]</property>
								<property name="WindDirection">$INFO[Window.Property(Hourly.10.WindDirection)]</property>
								<property name="Humidity">$INFO[Window.Property(Hourly.10.Humidity)]</property>
								<property name="UVIndex">$INFO[Window.Property(Hourly.10.UVIndex)]</property>
								<property name="ChancePrecipitation">$INFO[Window.Property(Hourly.10.ChancePrecipitation)]</property>
								<property name="Snow">$INFO[Window.Property(Hourly.10.Snow)]</property>
								<property name="HeatIndex">$INFO[Window.Property(Hourly.10.HeatIndex)]</property>
								<property name="WindChill">$INFO[Window.Property(Hourly.10.WindChill)]</property>
								<label2>$INFO[Window.Property(Hourly.10.Outlook)]</label2>
								<onclick>noop</onclick>
								<visible>!String.IsEmpty(Window.Property(Hourly.IsFetched))</visible>
							</item>
							<item>
								<label>$INFO[Window.Property(Hourly.11.Time)]</label>
								<icon>$VAR[WeatherIconVar]$INFO[Window.Property(Hourly.11.FanartCode),,.png]</icon>
								<property name="Temperature">$INFO[Window.Property(Hourly.11.Temperature)]</property>
								<property name="FeelsLike">$INFO[Window.Property(Hourly.11.FeelsLike)]</property>
								<property name="Precipitation">$INFO[Window.Property(Hourly.11.Precipitation)]</property>
								<property name="WindSpeed">$INFO[Window.Property(Hourly.11.WindSpeed)]</property>
								<property name="WindDirection">$INFO[Window.Property(Hourly.11.WindDirection)]</property>
								<property name="Humidity">$INFO[Window.Property(Hourly.11.Humidity)]</property>
								<property name="UVIndex">$INFO[Window.Property(Hourly.11.UVIndex)]</property>
								<property name="ChancePrecipitation">$INFO[Window.Property(Hourly.11.ChancePrecipitation)]</property>
								<property name="Snow">$INFO[Window.Property(Hourly.11.Snow)]</property>
								<property name="HeatIndex">$INFO[Window.Property(Hourly.11.HeatIndex)]</property>
								<property name="WindChill">$INFO[Window.Property(Hourly.11.WindChill)]</property>
								<label2>$INFO[Window.Property(Hourly.11.Outlook)]</label2>
								<onclick>noop</onclick>
								<visible>!String.IsEmpty(Window.Property(Hourly.IsFetched))</visible>
							</item>
							<item>
								<label>$INFO[Window.Property(Hourly.12.Time)]</label>
								<icon>$VAR[WeatherIconVar]$INFO[Window.Property(Hourly.12.FanartCode),,.png]</icon>
								<property name="Temperature">$INFO[Window.Property(Hourly.12.Temperature)]</property>
								<property name="FeelsLike">$INFO[Window.Property(Hourly.12.FeelsLike)]</property>
								<property name="Precipitation">$INFO[Window.Property(Hourly.12.Precipitation)]</property>
								<property name="WindSpeed">$INFO[Window.Property(Hourly.12.WindSpeed)]</property>
								<property name="WindDirection">$INFO[Window.Property(Hourly.12.WindDirection)]</property>
								<property name="Humidity">$INFO[Window.Property(Hourly.12.Humidity)]</property>
								<property name="UVIndex">$INFO[Window.Property(Hourly.12.UVIndex)]</property>
								<property name="ChancePrecipitation">$INFO[Window.Property(Hourly.12.ChancePrecipitation)]</property>
								<property name="Snow">$INFO[Window.Property(Hourly.12.Snow)]</property>
								<property name="HeatIndex">$INFO[Window.Property(Hourly.12.HeatIndex)]</property>
								<property name="WindChill">$INFO[Window.Property(Hourly.12.WindChill)]</property>
								<label2>$INFO[Window.Property(Hourly.12.Outlook)]</label2>
								<onclick>noop</onclick>
								<visible>!String.IsEmpty(Window.Property(Hourly.IsFetched))</visible>
							</item>
							<item>
								<label>$INFO[Window.Property(Hourly.13.Time)]</label>
								<icon>$VAR[WeatherIconVar]$INFO[Window.Property(Hourly.13.FanartCode),,.png]</icon>
								<property name="Temperature">$INFO[Window.Property(Hourly.13.Temperature)]</property>
								<property name="FeelsLike">$INFO[Window.Property(Hourly.13.FeelsLike)]</property>
								<property name="Precipitation">$INFO[Window.Property(Hourly.13.Precipitation)]</property>
								<property name="WindSpeed">$INFO[Window.Property(Hourly.13.WindSpeed)]</property>
								<property name="WindDirection">$INFO[Window.Property(Hourly.13.WindDirection)]</property>
								<property name="Humidity">$INFO[Window.Property(Hourly.13.Humidity)]</property>
								<property name="UVIndex">$INFO[Window.Property(Hourly.13.UVIndex)]</property>
								<property name="ChancePrecipitation">$INFO[Window.Property(Hourly.13.ChancePrecipitation)]</property>
								<property name="Snow">$INFO[Window.Property(Hourly.13.Snow)]</property>
								<property name="HeatIndex">$INFO[Window.Property(Hourly.13.HeatIndex)]</property>
								<property name="WindChill">$INFO[Window.Property(Hourly.13.WindChill)]</property>
								<label2>$INFO[Window.Property(Hourly.13.Outlook)]</label2>
								<onclick>noop</onclick>
								<visible>!String.IsEmpty(Window.Property(Hourly.IsFetched))</visible>
							</item>
							<item>
								<label>$INFO[Window.Property(Hourly.14.Time)]</label>
								<icon>$VAR[WeatherIconVar]$INFO[Window.Property(Hourly.14.FanartCode),,.png]</icon>
								<property name="Temperature">$INFO[Window.Property(Hourly.14.Temperature)]</property>
								<property name="FeelsLike">$INFO[Window.Property(Hourly.14.FeelsLike)]</property>
								<property name="Precipitation">$INFO[Window.Property(Hourly.14.Precipitation)]</property>
								<property name="WindSpeed">$INFO[Window.Property(Hourly.14.WindSpeed)]</property>
								<property name="WindDirection">$INFO[Window.Property(Hourly.14.WindDirection)]</property>
								<property name="Humidity">$INFO[Window.Property(Hourly.14.Humidity)]</property>
								<property name="UVIndex">$INFO[Window.Property(Hourly.14.UVIndex)]</property>
								<property name="ChancePrecipitation">$INFO[Window.Property(Hourly.14.ChancePrecipitation)]</property>
								<property name="Snow">$INFO[Window.Property(Hourly.14.Snow)]</property>
								<property name="HeatIndex">$INFO[Window.Property(Hourly.14.HeatIndex)]</property>
								<property name="WindChill">$INFO[Window.Property(Hourly.14.WindChill)]</property>
								<label2>$INFO[Window.Property(Hourly.14.Outlook)]</label2>
								<onclick>noop</onclick>
								<visible>!String.IsEmpty(Window.Property(Hourly.IsFetched))</visible>
							</item>
							<item>
								<label>$INFO[Window.Property(Hourly.15.Time)]</label>
								<icon>$VAR[WeatherIconVar]$INFO[Window.Property(Hourly.15.FanartCode),,.png]</icon>
								<property name="Temperature">$INFO[Window.Property(Hourly.15.Temperature)]</property>
								<property name="FeelsLike">$INFO[Window.Property(Hourly.15.FeelsLike)]</property>
								<property name="Precipitation">$INFO[Window.Property(Hourly.15.Precipitation)]</property>
								<property name="WindSpeed">$INFO[Window.Property(Hourly.15.WindSpeed)]</property>
								<property name="WindDirection">$INFO[Window.Property(Hourly.15.WindDirection)]</property>
								<property name="Humidity">$INFO[Window.Property(Hourly.15.Humidity)]</property>
								<property name="UVIndex">$INFO[Window.Property(Hourly.15.UVIndex)]</property>
								<property name="ChancePrecipitation">$INFO[Window.Property(Hourly.15.ChancePrecipitation)]</property>
								<property name="Snow">$INFO[Window.Property(Hourly.15.Snow)]</property>
								<property name="HeatIndex">$INFO[Window.Property(Hourly.15.HeatIndex)]</property>
								<property name="WindChill">$INFO[Window.Property(Hourly.15.WindChill)]</property>
								<label2>$INFO[Window.Property(Hourly.15.Outlook)]</label2>
								<onclick>noop</onclick>
								<visible>!String.IsEmpty(Window.Property(Hourly.IsFetched))</visible>
							</item>
							<item>
								<label>$INFO[Window.Property(Hourly.16.Time)]</label>
								<icon>$VAR[WeatherIconVar]$INFO[Window.Property(Hourly.16.FanartCode),,.png]</icon>
								<property name="Temperature">$INFO[Window.Property(Hourly.16.Temperature)]</property>
								<property name="FeelsLike">$INFO[Window.Property(Hourly.16.FeelsLike)]</property>
								<property name="Precipitation">$INFO[Window.Property(Hourly.16.Precipitation)]</property>
								<property name="WindSpeed">$INFO[Window.Property(Hourly.16.WindSpeed)]</property>
								<property name="WindDirection">$INFO[Window.Property(Hourly.16.WindDirection)]</property>
								<property name="Humidity">$INFO[Window.Property(Hourly.16.Humidity)]</property>
								<property name="UVIndex">$INFO[Window.Property(Hourly.16.UVIndex)]</property>
								<property name="ChancePrecipitation">$INFO[Window.Property(Hourly.16.ChancePrecipitation)]</property>
								<property name="Snow">$INFO[Window.Property(Hourly.16.Snow)]</property>
								<property name="HeatIndex">$INFO[Window.Property(Hourly.16.HeatIndex)]</property>
								<property name="WindChill">$INFO[Window.Property(Hourly.16.WindChill)]</property>
								<label2>$INFO[Window.Property(Hourly.16.Outlook)]</label2>
								<onclick>noop</onclick>
								<visible>!String.IsEmpty(Window.Property(Hourly.IsFetched))</visible>
							</item>
							<item>
								<label>$INFO[Window.Property(Hourly.17.Time)]</label>
								<icon>$VAR[WeatherIconVar]$INFO[Window.Property(Hourly.17.FanartCode),,.png]</icon>
								<property name="Temperature">$INFO[Window.Property(Hourly.17.Temperature)]</property>
								<property name="FeelsLike">$INFO[Window.Property(Hourly.17.FeelsLike)]</property>
								<property name="Precipitation">$INFO[Window.Property(Hourly.17.Precipitation)]</property>
								<property name="WindSpeed">$INFO[Window.Property(Hourly.17.WindSpeed)]</property>
								<property name="WindDirection">$INFO[Window.Property(Hourly.17.WindDirection)]</property>
								<property name="Humidity">$INFO[Window.Property(Hourly.17.Humidity)]</property>
								<property name="UVIndex">$INFO[Window.Property(Hourly.17.UVIndex)]</property>
								<property name="ChancePrecipitation">$INFO[Window.Property(Hourly.17.ChancePrecipitation)]</property>
								<property name="Snow">$INFO[Window.Property(Hourly.17.Snow)]</property>
								<property name="HeatIndex">$INFO[Window.Property(Hourly.17.HeatIndex)]</property>
								<property name="WindChill">$INFO[Window.Property(Hourly.17.WindChill)]</property>
								<label2>$INFO[Window.Property(Hourly.17.Outlook)]</label2>
								<onclick>noop</onclick>
								<visible>!String.IsEmpty(Window.Property(Hourly.IsFetched))</visible>
							</item>
							<item>
								<label>$INFO[Window.Property(Hourly.18.Time)]</label>
								<icon>$VAR[WeatherIconVar]$INFO[Window.Property(Hourly.18.FanartCode),,.png]</icon>
								<property name="Temperature">$INFO[Window.Property(Hourly.18.Temperature)]</property>
								<property name="FeelsLike">$INFO[Window.Property(Hourly.18.FeelsLike)]</property>
								<property name="Precipitation">$INFO[Window.Property(Hourly.18.Precipitation)]</property>
								<property name="WindSpeed">$INFO[Window.Property(Hourly.18.WindSpeed)]</property>
								<property name="WindDirection">$INFO[Window.Property(Hourly.18.WindDirection)]</property>
								<property name="Humidity">$INFO[Window.Property(Hourly.18.Humidity)]</property>
								<property name="UVIndex">$INFO[Window.Property(Hourly.18.UVIndex)]</property>
								<property name="ChancePrecipitation">$INFO[Window.Property(Hourly.18.ChancePrecipitation)]</property>
								<property name="Snow">$INFO[Window.Property(Hourly.18.Snow)]</property>
								<property name="HeatIndex">$INFO[Window.Property(Hourly.18.HeatIndex)]</property>
								<property name="WindChill">$INFO[Window.Property(Hourly.18.WindChill)]</property>
								<label2>$INFO[Window.Property(Hourly.18.Outlook)]</label2>
								<onclick>noop</onclick>
								<visible>!String.IsEmpty(Window.Property(Hourly.IsFetched))</visible>
							</item>
							<item>
								<label>$INFO[Window.Property(Hourly.19.Time)]</label>
								<icon>$VAR[WeatherIconVar]$INFO[Window.Property(Hourly.19.FanartCode),,.png]</icon>
								<property name="Temperature">$INFO[Window.Property(Hourly.19.Temperature)]</property>
								<property name="FeelsLike">$INFO[Window.Property(Hourly.19.FeelsLike)]</property>
								<property name="Precipitation">$INFO[Window.Property(Hourly.19.Precipitation)]</property>
								<property name="WindSpeed">$INFO[Window.Property(Hourly.19.WindSpeed)]</property>
								<property name="WindDirection">$INFO[Window.Property(Hourly.19.WindDirection)]</property>
								<property name="Humidity">$INFO[Window.Property(Hourly.19.Humidity)]</property>
								<property name="UVIndex">$INFO[Window.Property(Hourly.19.UVIndex)]</property>
								<property name="ChancePrecipitation">$INFO[Window.Property(Hourly.19.ChancePrecipitation)]</property>
								<property name="Snow">$INFO[Window.Property(Hourly.19.Snow)]</property>
								<property name="HeatIndex">$INFO[Window.Property(Hourly.19.HeatIndex)]</property>
								<property name="WindChill">$INFO[Window.Property(Hourly.19.WindChill)]</property>
								<label2>$INFO[Window.Property(Hourly.19.Outlook)]</label2>
								<onclick>noop</onclick>
								<visible>!String.IsEmpty(Window.Property(Hourly.IsFetched))</visible>
							</item>
							<item>
								<label>$INFO[Window.Property(Hourly.20.Time)]</label>
								<icon>$VAR[WeatherIconVar]$INFO[Window.Property(Hourly.20.FanartCode),,.png]</icon>
								<property name="Temperature">$INFO[Window.Property(Hourly.20.Temperature)]</property>
								<property name="FeelsLike">$INFO[Window.Property(Hourly.20.FeelsLike)]</property>
								<property name="Precipitation">$INFO[Window.Property(Hourly.20.Precipitation)]</property>
								<property name="WindSpeed">$INFO[Window.Property(Hourly.20.WindSpeed)]</property>
								<property name="WindDirection">$INFO[Window.Property(Hourly.20.WindDirection)]</property>
								<property name="Humidity">$INFO[Window.Property(Hourly.20.Humidity)]</property>
								<property name="UVIndex">$INFO[Window.Property(Hourly.20.UVIndex)]</property>
								<property name="ChancePrecipitation">$INFO[Window.Property(Hourly.20.ChancePrecipitation)]</property>
								<property name="Snow">$INFO[Window.Property(Hourly.20.Snow)]</property>
								<property name="HeatIndex">$INFO[Window.Property(Hourly.20.HeatIndex)]</property>
								<property name="WindChill">$INFO[Window.Property(Hourly.20.WindChill)]</property>
								<label2>$INFO[Window.Property(Hourly.20.Outlook)]</label2>
								<onclick>noop</onclick>
								<visible>!String.IsEmpty(Window.Property(Hourly.IsFetched))</visible>
							</item>
							<item>
								<label>$INFO[Window.Property(Hourly.21.Time)]</label>
								<icon>$VAR[WeatherIconVar]$INFO[Window.Property(Hourly.21.FanartCode),,.png]</icon>
								<property name="Temperature">$INFO[Window.Property(Hourly.21.Temperature)]</property>
								<property name="FeelsLike">$INFO[Window.Property(Hourly.21.FeelsLike)]</property>
								<property name="Precipitation">$INFO[Window.Property(Hourly.21.Precipitation)]</property>
								<property name="WindSpeed">$INFO[Window.Property(Hourly.21.WindSpeed)]</property>
								<property name="WindDirection">$INFO[Window.Property(Hourly.21.WindDirection)]</property>
								<property name="Humidity">$INFO[Window.Property(Hourly.21.Humidity)]</property>
								<property name="UVIndex">$INFO[Window.Property(Hourly.21.UVIndex)]</property>
								<property name="ChancePrecipitation">$INFO[Window.Property(Hourly.21.ChancePrecipitation)]</property>
								<property name="Snow">$INFO[Window.Property(Hourly.21.Snow)]</property>
								<property name="HeatIndex">$INFO[Window.Property(Hourly.21.HeatIndex)]</property>
								<property name="WindChill">$INFO[Window.Property(Hourly.21.WindChill)]</property>
								<label2>$INFO[Window.Property(Hourly.21.Outlook)]</label2>
								<onclick>noop</onclick>
								<visible>!String.IsEmpty(Window.Property(Hourly.IsFetched))</visible>
							</item>
							<item>
								<label>$INFO[Window.Property(Hourly.22.Time)]</label>
								<icon>$VAR[WeatherIconVar]$INFO[Window.Property(Hourly.22.FanartCode),,.png]</icon>
								<property name="Temperature">$INFO[Window.Property(Hourly.22.Temperature)]</property>
								<property name="FeelsLike">$INFO[Window.Property(Hourly.22.FeelsLike)]</property>
								<property name="Precipitation">$INFO[Window.Property(Hourly.22.Precipitation)]</property>
								<property name="WindSpeed">$INFO[Window.Property(Hourly.22.WindSpeed)]</property>
								<property name="WindDirection">$INFO[Window.Property(Hourly.22.WindDirection)]</property>
								<property name="Humidity">$INFO[Window.Property(Hourly.22.Humidity)]</property>
								<property name="UVIndex">$INFO[Window.Property(Hourly.22.UVIndex)]</property>
								<property name="ChancePrecipitation">$INFO[Window.Property(Hourly.22.ChancePrecipitation)]</property>
								<property name="Snow">$INFO[Window.Property(Hourly.22.Snow)]</property>
								<property name="HeatIndex">$INFO[Window.Property(Hourly.22.HeatIndex)]</property>
								<property name="WindChill">$INFO[Window.Property(Hourly.22.WindChill)]</property>
								<label2>$INFO[Window.Property(Hourly.22.Outlook)]</label2>
								<onclick>noop</onclick>
								<visible>!String.IsEmpty(Window.Property(Hourly.IsFetched))</visible>
							</item>
							<item>
								<label>$INFO[Window.Property(Hourly.23.Time)]</label>
								<icon>$VAR[WeatherIconVar]$INFO[Window.Property(Hourly.23.FanartCode),,.png]</icon>
								<property name="Temperature">$INFO[Window.Property(Hourly.23.Temperature)]</property>
								<property name="FeelsLike">$INFO[Window.Property(Hourly.23.FeelsLike)]</property>
								<property name="Precipitation">$INFO[Window.Property(Hourly.23.Precipitation)]</property>
								<property name="WindSpeed">$INFO[Window.Property(Hourly.23.WindSpeed)]</property>
								<property name="WindDirection">$INFO[Window.Property(Hourly.23.WindDirection)]</property>
								<property name="Humidity">$INFO[Window.Property(Hourly.23.Humidity)]</property>
								<property name="UVIndex">$INFO[Window.Property(Hourly.23.UVIndex)]</property>
								<property name="ChancePrecipitation">$INFO[Window.Property(Hourly.23.ChancePrecipitation)]</property>
								<property name="Snow">$INFO[Window.Property(Hourly.23.Snow)]</property>
								<property name="HeatIndex">$INFO[Window.Property(Hourly.23.HeatIndex)]</property>
								<property name="WindChill">$INFO[Window.Property(Hourly.23.WindChill)]</property>
								<label2>$INFO[Window.Property(Hourly.23.Outlook)]</label2>
								<onclick>noop</onclick>
								<visible>!String.IsEmpty(Window.Property(Hourly.IsFetched))</visible>
							</item>
							<item>
								<label>$INFO[Window.Property(Hourly.24.Time)]</label>
								<icon>$VAR[WeatherIconVar]$INFO[Window.Property(Hourly.24.FanartCode),,.png]</icon>
								<property name="Temperature">$INFO[Window.Property(Hourly.24.Temperature)]</property>
								<property name="FeelsLike">$INFO[Window.Property(Hourly.24.FeelsLike)]</property>
								<property name="Precipitation">$INFO[Window.Property(Hourly.24.Precipitation)]</property>
								<property name="WindSpeed">$INFO[Window.Property(Hourly.24.WindSpeed)]</property>
								<property name="WindDirection">$INFO[Window.Property(Hourly.24.WindDirection)]</property>
								<property name="Humidity">$INFO[Window.Property(Hourly.24.Humidity)]</property>
								<property name="UVIndex">$INFO[Window.Property(Hourly.24.UVIndex)]</property>
								<property name="ChancePrecipitation">$INFO[Window.Property(Hourly.24.ChancePrecipitation)]</property>
								<property name="Snow">$INFO[Window.Property(Hourly.24.Snow)]</property>
								<property name="HeatIndex">$INFO[Window.Property(Hourly.24.HeatIndex)]</property>
								<property name="WindChill">$INFO[Window.Property(Hourly.24.WindChill)]</property>
								<label2>$INFO[Window.Property(Hourly.24.Outlook)]</label2>
								<onclick>noop</onclick>
								<visible>!String.IsEmpty(Window.Property(Hourly.IsFetched))</visible>
							</item>
						</content>
					</control>
				</control>
				<!--<control type="group"><visible>Container(6661).HasFocus(6)</visible><include>SettingsFadeEffect</include><left>480</left><top>10</top><width>1380</width><height>760</height><control type="image"><width>1380</width><height>760</height><texture>$INFO[Window.Property(Map.1.Area)]</texture><aspectratio>scale</aspectratio></control><control type="image"><width>1380</width><height>760</height><texture>$INFO[Window.Property(Map.1.Layer)]</texture><aspectratio>scale</aspectratio><colordiffuse>70FFFFFF</colordiffuse></control><control type="image"><top>700</top><width>1380</width><height>60</height><texture>$INFO[Window.Property(Map.1.Legend)]</texture><aspectratio align="right" aligny="bottom">keep</aspectratio></control></control><control type="group"><visible>Container(6661).HasFocus(7)</visible><include>SettingsFadeEffect</include><left>480</left><top>10</top><width>1380</width><height>760</height><control type="image"><width>1380</width><height>760</height><texture>$INFO[Window.Property(Map.2.Area)]</texture><aspectratio>scale</aspectratio></control><control type="image"><width>1380</width><height>760</height><texture>$INFO[Window.Property(Map.2.Layer)]</texture><aspectratio>scale</aspectratio><colordiffuse>70FFFFFF</colordiffuse></control><control type="image"><top>700</top><width>1380</width><height>60</height><texture>$INFO[Window.Property(Map.2.Legend)]</texture><aspectratio align="right" aligny="bottom">keep</aspectratio></control></control><control type="group"><visible>Container(6661).HasFocus(8)</visible><include>SettingsFadeEffect</include><left>480</left><top>10</top><width>1380</width><height>760</height><control type="image"><width>1380</width><height>760</height><texture>$INFO[Window.Property(Map.3.Area)]</texture><aspectratio>scale</aspectratio></control><control type="image"><width>1380</width><height>760</height><texture>$INFO[Window.Property(Map.3.Layer)]</texture><aspectratio>scale</aspectratio><colordiffuse>70FFFFFF</colordiffuse></control><control type="image"><top>700</top><width>1380</width><height>60</height><texture>$INFO[Window.Property(Map.3.Legend)]</texture><aspectratio align="right" aligny="bottom">keep</aspectratio></control></control><control type="group"><visible>Container(6661).HasFocus(9)</visible><include>SettingsFadeEffect</include><left>480</left><top>10</top><width>1380</width><height>760</height><control type="image"><width>1380</width><height>760</height><texture>$INFO[Window.Property(Map.4.Area)]</texture><aspectratio>scale</aspectratio></control><control type="image"><width>1380</width><height>760</height><texture>$INFO[Window.Property(Map.4.Layer)]</texture><aspectratio>scale</aspectratio><colordiffuse>70FFFFFF</colordiffuse></control><control type="image"><top>700</top><width>1380</width><height>60</height><texture>$INFO[Window.Property(Map.4.Legend)]</texture><aspectratio align="right" aligny="bottom">keep</aspectratio></control></control><control type="group"><visible>Container(6661).HasFocus(10)</visible><include>SettingsFadeEffect</include><left>480</left><top>10</top><width>1380</width><height>760</height><control type="image"><width>1380</width><height>760</height><texture>$INFO[Window.Property(Map.5.Area)]</texture><aspectratio>scale</aspectratio></control><control type="image"><width>1380</width><height>760</height><texture>$INFO[Window.Property(Map.5.Layer)]</texture><aspectratio>scale</aspectratio><colordiffuse>70FFFFFF</colordiffuse></control><control type="image"><top>700</top><width>1380</width><height>60</height><texture>$INFO[Window.Property(Map.5.Legend)]</texture><aspectratio align="right" aligny="bottom">keep</aspectratio></control></control>-->
			</control>
			<control type="image">
				<left>1300</left>
				<top>852</top>
				<width>500</width>
				<height>62</height>
				<aspectratio align="right" aligny="bottom">keep</aspectratio>
				<texture colordiffuse="$VAR[ColorMenuVar]">$INFO[Window.Property(WeatherProviderLogo)]</texture>
			</control>
			<control type="scrollbar" id="59">
				<top>604</top>
				<left>60</left>
				<width>10</width>
				<height>310</height>
				<onleft>9000</onleft>
				<onright>6661</onright>
				<ondown>59</ondown>
				<onup>59</onup>
				<showonepage>true</showonepage>
			</control>
			<control type="scrollbar" id="60">
				<top>604</top>
				<left>1790</left>
				<width>10</width>
				<height>310</height>
				<onleft>9991</onleft>
				<onright>9000</onright>
				<ondown>60</ondown>
				<onup>60</onup>
				<showonepage>true</showonepage>
			</control>
		</control>
	</controls>
</window>