<?xml version="1.0" encoding="UTF-8"?>
<window>
	<defaultcontrol always="true">9990</defaultcontrol>
	<menucontrol>9000</menucontrol>
	<onload>SetProperty(Colorbox_shuffle,2,home)</onload>
	<onload>Dialog.Close(all,true)</onload>
	
	<onload>ClearProperty(MediaMenu,Home)</onload>
	
	<onunload>RunScript(script.skinshortcuts,type=buildxml&amp;mode=single&amp;options=clonewidgets&amp;mainmenuID=9990&amp;group=mainmenu)</onunload>
	<controls>
		<control type="multiimage" id="7977">
			<fadetime>300</fadetime>
			<animation effect="fade" time="200" tween="cubic">Visible</animation>
            <animation effect="fade" end="0" time="400" tween="cubic">WindowClose</animation>
			<include>FullscreenDimensions</include>
			<imagepath background="true">$VAR[HomeBackgroundVar]</imagepath>
		</control>
		<include>skinshortcuts-template-WidgetFanart</include>
		<control type="visualisation">
			<visible>Player.HasAudio + !Skin.HasSetting(Disable.ShowBackgroundVis)</visible>
			<include>FullscreenDimensions</include>
		</control>
		<control type="image">
			<include>FullscreenDimensions</include>
			<texture>black.png</texture>
			<visible>Player.HasVideo + !Skin.HasSetting(Disable.ShowBackgroundVideo)</visible>
		</control>
		<control type="videowindow">
			<include>FullscreenDimensions</include>
			<visible>Player.HasVideo + !Skin.HasSetting(Disable.ShowBackgroundVideo)</visible>
		</control>
		<control type="image">
            <animation effect="fade" end="0" time="400" tween="cubic">WindowClose</animation>
			<animation type="Conditional" condition="!Control.HasFocus(9010) + !Control.HasFocus(9000) + !Control.HasFocus(9001) + Window.IsActive(home)" reversible="false">
				<effect type="fade" delay="0" start="55" end="0" time="1000" />
			</animation>
			<animation type="Conditional" condition="true" reversible="false">
				<effect type="fade" delay="0" start="55" end="55" time="00" />
			</animation>
			<include>FullscreenDimensions</include>
			<texture>background.png</texture>
			<colordiffuse>$VAR[MenuListColorHighlightVar]</colordiffuse>
		</control>
		<control type="group" id="97631">
			<visible>!Window.IsActive(songinformation) + !Window.IsActive(musicinformation) + !Window.IsActive(movieinformation) + !Window.IsActive(DialogVideoInfo.xml) + !Window.IsActive(script-skinshortcuts.xml)</visible>
			<animation effect="slide" tween="cubic" time="600" start="0,700" end="0,0" reversible="false">WindowOpen</animation>
			<animation effect="slide" tween="cubic" time="300" start="0,0" end="0,700" reversible="false">WindowClose</animation>
			<animation effect="slide" tween="cubic" time="600" start="0,700" end="0,0" reversible="false">Visible</animation>
			<animation effect="slide" tween="cubic" time="300" start="0,0" end="0,700" reversible="false">Hidden</animation>
			<animation effect="slide" time="300" delay="0" start="0" end="0,483" tween="cubic" reversible="true" condition="!Window.IsVisible(DialogConfirm.xml) + !Window.IsVisible(DialogTextViewer.xml) + !Window.IsVisible(DialogButtonMenu.xml) + !Window.IsVisible(DialogKeyboard.xml) + !Window.IsVisible(DialogNumeric.xml) + !Window.IsVisible(DialogAddonInfo.xml) + !Window.IsVisible(DialogContextMenu.xml) + !Window.IsVisible(DialogAddonSettings.xml) + !Window.IsVisible(FileBrowser.xml) + !Window.IsVisible(DialogSelect.xml) + !Window.IsVisible(Settings.xml) + ![ControlGroup(97632).HasFocus] + [Integer.IsLessOrEqual(System.CurrentControlID, 6002) | Integer.IsGreaterOrEqual(System.CurrentControlID, 9050)] + !String.StartsWith(System.CurrentControlID, 8011) + [[String.IsEqual(Container(9000).ListItem.Property(widget),weather) + Weather.IsFetched] | [!Control.IsVisible(12345) + !String.IsEqual(Container(9000).ListItem.Property(widget),weather) + !String.IsEmpty(Container(9000).ListItem.Property(widgetName))]]">Conditional</animation>
			<animation effect="slide" time="300" delay="0" start="0" end="0,163" tween="cubic" reversible="true" condition="!Window.IsVisible(DialogConfirm.xml) + !Window.IsVisible(DialogTextViewer.xml) + !Window.IsVisible(DialogButtonMenu.xml) + !Window.IsVisible(DialogKeyboard.xml) + !Window.IsVisible(DialogNumeric.xml) + !Window.IsVisible(DialogAddonInfo.xml) + !Window.IsVisible(DialogContextMenu.xml) + !Window.IsVisible(DialogAddonSettings.xml) + !Window.IsVisible(FileBrowser.xml) + !Window.IsVisible(DialogSelect.xml) + !Window.IsVisible(Settings.xml) + ![ControlGroup(97632).HasFocus] + [Integer.IsLessOrEqual(System.CurrentControlID, 6002) | Integer.IsGreaterOrEqual(System.CurrentControlID, 9050)] + !String.StartsWith(System.CurrentControlID, 8011) + [String.IsEmpty(Container(9000).ListItem.Property(widgetName))]">Conditional</animation>
			<control type="group">
				<include>HomeDefault</include>
			</control>
			<control type="group">
				<left>-140</left>
				<top>195</top>
				<include>MenuHome3D</include>
			</control>
		</control>
		<control type="group" id="97632">
			<visible>!Window.IsActive(songinformation) + !Window.IsActive(musicinformation) + !Window.IsActive(movieinformation) + !Window.IsActive(DialogVideoInfo.xml) + !Window.IsActive(script-skinshortcuts.xml)</visible>
			<animation effect="slide" tween="cubic" time="600" start="0,700" end="0,0" reversible="false">WindowOpen</animation>
			<animation effect="slide" tween="cubic" time="300" start="0,0" end="0,700" reversible="false">WindowClose</animation>
			<animation effect="slide" tween="cubic" time="600" start="0,700" end="0,0" reversible="false">Visible</animation>
			<animation effect="slide" tween="cubic" time="300" start="0,0" end="0,700" reversible="false">Hidden</animation>
			<animation effect="fade" start="100" end="0" time="200" reversible="true" condition="Window.IsVisible(DialogTextViewer.xml) | Window.IsVisible(custom_1121_Dependencies.xml) | Window.IsVisible(DialogButtonMenu.xml) | Window.IsVisible(DialogKeyboard.xml) | Window.IsVisible(DialogNumeric.xml) | Window.IsActive(DialogConfirm.xml) | Window.IsActive(DialogSelect.xml) | Window.IsActive(FileBrowser.xml) | [ControlGroup(97631).HasFocus + String.Contains(Window.Property(xmlfile), etting)]">conditional</animation>
			<top>0</top>
			<control type="list" id="9990">
				<left>70</left>
				<top>604</top>
				<width>340</width>
				<height>310</height>
				<onup>9990</onup>
				<ondown>9990</ondown>
				<onleft>59</onleft>
				<onright condition="Container(9990).HasFocus(8)">60</onright>
				<onright condition="!Container(9990).HasFocus(8)">9991</onright>
				<focusposition>0</focusposition>
				<movement>0</movement>
				<pagecontrol>59</pagecontrol>
				<orientation>Vertical</orientation>
				<scrolltime tween="quadratic" easing="out">300</scrolltime>
				<itemlayout height="62" width="340">
					<control type="label">
						<font>font30</font>
						<textcolor>$VAR[ColorMenuVar]</textcolor>
						<label>$INFO[ListItem.Label]</label>
					</control>
				</itemlayout>
				<focusedlayout height="62" width="340">
					<control type="image">
						<animation effect="fade" time="50" start="100" end="50" condition="!Control.HasFocus(9990)">Conditional</animation>
						<texture>listselect_fo.png</texture>
						<colordiffuse>$VAR[MenuListColorHighlightVar]</colordiffuse>
						<include>VisibleFadeEffect</include>
					</control>
					<control type="label">
						<left>0</left>
						<font>font30</font>
						<textcolor>$VAR[ColorMenuVar]</textcolor>
						<label>$INFO[ListItem.Label]</label>
					</control>
				</focusedlayout>
				<content>
					<item id="1">
						<label>513</label>
						
						<icon>-</icon>
					</item>
					<item id="2">
						<label>31311</label>
						
						<icon>-</icon>
					</item>
					<item id="3">
						<label>33069</label>
						
						<icon>-</icon>
					</item>
					<item id="4">
						<label>16000</label>
						
						<icon>-</icon>
					</item>
					<item id="5">
						<label>31009</label>
						
						<icon>-</icon>
					</item>
					<item id="6">
						<label>31014</label>
						
						<icon>-</icon>
					</item>
					<item id="7">
						<label>10038</label>
						
						<icon>-</icon>
					</item>
					<item id="8">
						<label>31195</label>
						
						<icon>-</icon>
					</item>
				</content>
			</control>
			<control type="group" id="9991">
				<visible>!Window.IsActive(script-skinshortcuts.xml)</visible>
				<include>SettingsFadeEffect</include>
				<control type="grouplist" id="9901">
					<description>Home window control area</description>
					<left>410</left>
					<top>604</top>
					<width>1380</width>
					<height>310</height>
					<itemgap>0</itemgap>
					<pagecontrol>60</pagecontrol>
					<onleft>9990</onleft>
					<onright>60</onright>
					<onup>9901</onup>
					<ondown>9901</ondown>
					<visible>Container(9990).HasFocus(1)</visible>
					<control type="button" id="100">
						<width>1380</width>
						<height>62</height>
						<font>font30</font>
						<focusedcolor>$VAR[ColorMenuVar]</focusedcolor>
						<textcolor>$VAR[ColorMenuVar]</textcolor>
						<label>31911</label>
						<onclick>RunScript(script.skinshortcuts,type=manage&amp;group=mainmenu)</onclick>
					</control>
				</control>
				<control type="grouplist" id="9007">
					<description>Widgets control area</description>
					<left>410</left>
					<top>604</top>
					<width>1380</width>
					<height>310</height>
					<itemgap>0</itemgap>
					<pagecontrol>60</pagecontrol>
					<onleft>9990</onleft>
					<onright>60</onright>
					<onup>9007</onup>
					<ondown>9007</ondown>
					<visible>Container(9990).HasFocus(2)</visible>
					<control type="radiobutton" id="704">
						<width>1380</width>
						<height>62</height>
						<font>font30</font>
						<focusedcolor>$VAR[ColorMenuVar]</focusedcolor>
						<textcolor>$VAR[ColorMenuVar]</textcolor>
						<label>31236</label>
						<onclick>Skin.ToggleSetting(Enable.WidgetLimit)</onclick>
						<selected>Skin.HasSetting(Enable.WidgetLimit)</selected>
					</control>
				</control>
				<control type="grouplist" id="9006">
					<description>Backgrounds control area</description>
					<left>410</left>
					<top>604</top>
					<width>1380</width>
					<height>310</height>
					<itemgap>0</itemgap>
					<pagecontrol>60</pagecontrol>
					<onleft>9990</onleft>
					<onright>60</onright>
					<onup>9006</onup>
					<ondown>9006</ondown>
					<visible>Container(9990).HasFocus(3)</visible>
					<!--
					<control type="button" id="600">
						<width>1380</width>
						<height>62</height>
						<font>font30</font>
						<focusedcolor>$VAR[ColorMenuVar]</focusedcolor>
						<textcolor>$VAR[ColorMenuVar]</textcolor>
						<label>31947</label>
						<onclick>ActivateWindow(1128)</onclick>
					</control>
					-->
					<control type="button" id="605">
						<width>1380</width>
						<height>62</height>
						<font>font30</font>
						<focusedcolor>$VAR[ColorMenuVar]</focusedcolor>
						<textcolor>$VAR[ColorMenuVar]</textcolor>
						<label>31163</label>
						<label2>$INFO[Skin.String(CustomHomeSlideshow)]</label2>
						<onclick>Skin.SetPath(CustomHomeSlideshow)</onclick>
					</control>
					<control type="button" id="606">
						<width>1380</width>
						<height>62</height>
						<font>font30</font>
						<focusedcolor>$VAR[ColorMenuVar]</focusedcolor>
						<textcolor>$VAR[ColorMenuVar]</textcolor>
						<label>- $LOCALIZE[10035]</label>
						<onclick>Skin.Reset(CustomHomeSlideshow)</onclick>
						<visible>!String.IsEmpty(Skin.String(CustomHomeSlideshow))</visible>
					</control>
					<control type="radiobutton" id="602">
						<width>1380</width>
						<height>62</height>
						<font>font30</font>
						<focusedcolor>$VAR[ColorMenuVar]</focusedcolor>
						<textcolor>$VAR[ColorMenuVar]</textcolor>
						<label>31124</label>
						<onclick>Skin.ToggleSetting(Disable.ShowBackgroundVideo)</onclick>
						<selected>!Skin.HasSetting(Disable.ShowBackgroundVideo)</selected>
					</control>
					<control type="radiobutton" id="603">
						<width>1380</width>
						<height>62</height>
						<font>font30</font>
						<focusedcolor>$VAR[ColorMenuVar]</focusedcolor>
						<textcolor>$VAR[ColorMenuVar]</textcolor>
						<label>31125</label>
						<onclick>Skin.ToggleSetting(Disable.ShowBackgroundVis)</onclick>
						<selected>!Skin.HasSetting(Disable.ShowBackgroundVis)</selected>
					</control>
				</control>
				<control type="grouplist" id="9002">
					<description>General control area</description>
					<left>410</left>
					<top>604</top>
					<width>1380</width>
					<height>310</height>
					<itemgap>0</itemgap>
					<pagecontrol>60</pagecontrol>
					<onleft>9990</onleft>
					<onright>60</onright>
					<onup>9002</onup>
					<ondown>9002</ondown>
					<visible>Container(9990).HasFocus(4)</visible>
					<control type="radiobutton" id="200">
						<width>1380</width>
						<height>62</height>
						<font>font30</font>
						<focusedcolor>$VAR[ColorMenuVar]</focusedcolor>
						<textcolor>$VAR[ColorMenuVar]</textcolor>
						<label>20189</label>
						<onclick>Skin.ToggleSetting(Enable.AutoScroll)</onclick>
						<selected>Skin.HasSetting(Enable.AutoScroll)</selected>
					</control>
					<control type="button" id="201">
						<width>1380</width>
						<height>62</height>
						<font>font30</font>
						<focusedcolor>$VAR[ColorMenuVar]</focusedcolor>
						<textcolor>$VAR[ColorMenuVar]</textcolor>
						<label>31931</label>
						<label2>$VAR[VideoPlotLocalizeVar]</label2>
						<onclick>Skin.ToggleSetting(VideoInfoPlotToggle)</onclick>
					</control>
					<control type="radiobutton" id="202">
						<width>1380</width>
						<height>62</height>
						<font>font30</font>
						<focusedcolor>$VAR[ColorMenuVar]</focusedcolor>
						<textcolor>$VAR[ColorMenuVar]</textcolor>
						<label>31238</label>
						<onclick>Skin.ToggleSetting(Enable.MediaFlags)</onclick>
						<selected>Skin.HasSetting(Enable.MediaFlags)</selected>
					</control>
					<control type="button" id="204">
						<description>Busy Loader Image</description>
						<width>1380</width>
						<height>62</height>
						<font>font30</font>
						<focusedcolor>$VAR[ColorMenuVar]</focusedcolor>
						<textcolor>$VAR[ColorMenuVar]</textcolor>
						<label>31130</label>
						<label2>$INFO[Skin.String(busyloader)]</label2>
						<onclick>Skin.SetImage(busyloader,special://skin/extras/spinners)</onclick>
					</control>
				</control>
				<control type="grouplist" id="9005">
					<description>Colors control area</description>
					<left>410</left>
					<top>604</top>
					<width>1380</width>
					<height>310</height>
					<itemgap>0</itemgap>
					<pagecontrol>60</pagecontrol>
					<onleft>9990</onleft>
					<onright>60</onright>
					<onup>9005</onup>
					<ondown>9005</ondown>
					<visible>Container(9990).HasFocus(5)</visible>
					<!--
					<control type="radiobutton" id="502">
						<width>1380</width>
						<height>62</height>
						<font>font30</font>
						<focusedcolor>$VAR[ColorMenuVar]</focusedcolor>
						<textcolor>$VAR[ColorMenuVar]</textcolor>
						<label>31211</label>
						<onclick>Skin.ToggleSetting(ColorCustomizer.Enabled)</onclick>
						<selected>Skin.HasSetting(ColorCustomizer.Enabled)</selected>
					</control>
					-->
					<control type="button" id="503">
						<width>1380</width>
						<height>62</height>
						<texturefocus colordiffuse="$INFO[Skin.String(highlightcolor.name)]">listselect_fo.png</texturefocus>
						<texturenofocus colordiffuse="$INFO[Skin.String(highlightcolor.name)]">white.png</texturenofocus>
						<font>font30</font>
						<focusedcolor>$VAR[ColorMenuVar]</focusedcolor>
						<textcolor>$VAR[ColorMenuVar]</textcolor>
						<label>31212</label>
						<onclick>RunScript(script.skin.helper.service,action=colorpicker,skinstring=highlightcolor.name,header=$LOCALIZE[31216])</onclick>
					</control>
					<control type="button" id="504">
						<width>1380</width>
						<height>62</height>
						<texturefocus colordiffuse="$INFO[Skin.String(backgroundcolor.name)]">listselect_fo.png</texturefocus>
						<texturenofocus colordiffuse="$INFO[Skin.String(backgroundcolor.name)]">white.png</texturenofocus>
						<font>font30</font>
						<focusedcolor>$VAR[ColorMenuVar]</focusedcolor>
						<textcolor>$VAR[ColorMenuVar]</textcolor>
						<label>31213</label>
						<onclick>RunScript(script.skin.helper.service,action=colorpicker,skinstring=backgroundcolor.name,header=$LOCALIZE[31217])</onclick>
					</control>
					<!--
					<control type="button" id="505">
						<width>1380</width>
						<height>62</height>
						<texturefocus colordiffuse="$INFO[Skin.String(dialogcolor.name)]">listselect_fo.png</texturefocus>
						<texturenofocus colordiffuse="$INFO[Skin.String(dialogcolor.name)]">white.png</texturenofocus>
						<font>font30</font>
						<focusedcolor>$VAR[ColorMenuVar]</focusedcolor>
						<textcolor>$VAR[ColorMenuVar]</textcolor>
						<label>31214</label>
						<onclick>RunScript(script.skin.helper.service,action=colorpicker,skinstring=dialogcolor.name,header=$LOCALIZE[31218])</onclick>
						<enable>Skin.HasSetting(ColorCustomizer.Enabled)</enable>
					</control>
					<control type="button" id="506">
						<width>1380</width>
						<height>62</height>
						<texturefocus colordiffuse="$INFO[Skin.String(textcolor.name)]">listselect_fo.png</texturefocus>
						<texturenofocus colordiffuse="$INFO[Skin.String(textcolor.name)]">white.png</texturenofocus>
						<font>font30</font>
						<focusedcolor>$VAR[ColorMenuVar]</focusedcolor>
						<textcolor>$VAR[ColorMenuVar]</textcolor>
						<label>31145</label>
						<onclick>RunScript(script.skin.helper.service,action=colorpicker,skinstring=textcolor.name,header=$LOCALIZE[31146])</onclick>
						<enable>Skin.HasSetting(ColorCustomizer.Enabled)</enable>
					</control>
					<control type="button" id="507">
						<width>1380</width>
						<height>62</height>
						<texturefocus colordiffuse="$INFO[Skin.String(menucolor.name)]">listselect_fo.png</texturefocus>
						<texturenofocus colordiffuse="$INFO[Skin.String(menucolor.name)]">white.png</texturenofocus>
						<font>font30</font>
						<focusedcolor>$VAR[ColorMenuVar]</focusedcolor>
						<textcolor>$VAR[ColorMenuVar]</textcolor>
						<label>31147</label>
						<onclick>RunScript(script.skin.helper.service,action=colorpicker,skinstring=menucolor.name,header=$LOCALIZE[31148])</onclick>
						<enable>Skin.HasSetting(ColorCustomizer.Enabled)</enable>
					</control>
					<control type="button" id="508">
						<width>1380</width>
						<height>62</height>
						<font>font30</font>
						<focusedcolor>$VAR[ColorMenuVar]</focusedcolor>
						<textcolor>$VAR[ColorMenuVar]</textcolor>
						<label>- $LOCALIZE[10035]</label>
						<onclick>Skin.SetString(highlightcolor.name,FF23729B)</onclick>
						<onclick>Skin.SetString(backgroundcolor.name,FF0A1F2A)</onclick>
						<onclick>Skin.SetString(dialogcolor.name,FF57A4CB)</onclick>
						<onclick>Skin.SetString(textcolor.name,FFE8E8E8)</onclick>
						<onclick>Skin.SetString(menucolor.name,FFE8E8E8)</onclick>
						<visible>Skin.HasSetting(ColorCustomizer.Enabled)</visible>
					</control>
					-->
				</control>
				<control type="grouplist" id="9003">
					<description>Extras control area</description>
					<left>410</left>
					<top>604</top>
					<width>1380</width>
					<height>310</height>
					<itemgap>0</itemgap>
					<pagecontrol>60</pagecontrol>
					<onleft>9990</onleft>
					<onright>60</onright>
					<onup>9003</onup>
					<ondown>9003</ondown>
					<visible>Container(9990).HasFocus(6)</visible>
					<control type="radiobutton" id="306">
						<description>Startup Playlist Path</description>
						<width>1380</width>
						<height>62</height>
						<font>font30</font>
						<focusedcolor>$VAR[ColorMenuVar]</focusedcolor>
						<textcolor>$VAR[ColorMenuVar]</textcolor>
						<label>31254</label>
						<onclick>Skin.ToggleSetting(Use_Startup_Playlist)</onclick>
						<selected>Skin.HasSetting(Use_Startup_Playlist)</selected>
					</control>
					<control type="button" id="307">
						<description>Startup Playlist Path</description>
						<width>1380</width>
						<height>62</height>
						<font>font30</font>
						<focusedcolor>$VAR[ColorMenuVar]</focusedcolor>
						<textcolor>$VAR[ColorMenuVar]</textcolor>
						<label>15311</label>
						<label2>$INFO[Skin.String(Startup_Playlist_Path)]</label2>
						<onclick>Skin.SetFile(Startup_Playlist_Path,,special://MusicPlaylists/)</onclick>
						<enable>Skin.HasSetting(Use_Startup_Playlist)</enable>
					</control>
					<control type="button" id="303">
						<width>1380</width>
						<height>62</height>
						<font>font30</font>
						<focusedcolor>$VAR[ColorMenuVar]</focusedcolor>
						<textcolor>$VAR[ColorMenuVar]</textcolor>
						<label>31119</label>
						<onclick condition="System.HasAddon(script.toolbox)">RunScript(script.toolbox,info=extrafanartmovie)</onclick>
						<onclick condition="!System.HasAddon(script.toolbox)">InstallAddon(script.toolbox)</onclick>
					</control>
					<control type="button" id="304">
						<width>1380</width>
						<height>62</height>
						<font>font30</font>
						<focusedcolor>$VAR[ColorMenuVar]</focusedcolor>
						<textcolor>$VAR[ColorMenuVar]</textcolor>
						<label>31120</label>
						<onclick condition="System.HasAddon(script.toolbox)">RunScript(script.toolbox,info=extrafanarttvshow)</onclick>
						<onclick condition="!System.HasAddon(script.toolbox)">InstallAddon(script.toolbox)</onclick>
					</control>
				</control>
				<control type="grouplist" id="9004">
					<description>Advanced control area</description>
					<left>410</left>
					<top>604</top>
					<width>1380</width>
					<height>310</height>
					<itemgap>0</itemgap>
					<pagecontrol>60</pagecontrol>
					<onleft>9990</onleft>
					<onright>60</onright>
					<onup>9004</onup>
					<ondown>9004</ondown>
					<visible>Container(9990).HasFocus(7)</visible>
					<control type="button" id="406">
						<width>1380</width>
						<height>62</height>
						<font>font30</font>
						<focusedcolor>$VAR[ColorMenuVar]</focusedcolor>
						<textcolor>$VAR[ColorMenuVar]</textcolor>
						<label>31223</label>
						<onclick>ActivateWindow(1121)</onclick>
					</control>
					<control type="radiobutton" id="402">
						<width>1380</width>
						<height>62</height>
						<font>font30</font>
						<focusedcolor>$VAR[ColorMenuVar]</focusedcolor>
						<textcolor>$VAR[ColorMenuVar]</textcolor>
						<label>31941</label>
						<onclick>Skin.ToggleSetting(KioskMode.Enabled)</onclick>
						<selected>Skin.HasSetting(KioskMode.Enabled)</selected>
					</control>
					<control type="radiobutton" id="403">
						<width>1380</width>
						<height>62</height>
						<font>font30</font>
						<focusedcolor>$VAR[ColorMenuVar]</focusedcolor>
						<textcolor>$VAR[ColorMenuVar]</textcolor>
						<label>20191</label>
						<onclick>Skin.ToggleSetting(Skin.ToggleDebug)</onclick>
						<onclick>Skin.ToggleDebug</onclick>
						<selected>Skin.HasSetting(Skin.ToggleDebug)</selected>
					</control>
					<control type="button" id="408">
						<width>1380</width>
						<height>62</height>
						<font>font30</font>
						<focusedcolor>$VAR[ColorMenuVar]</focusedcolor>
						<textcolor>$VAR[ColorMenuVar]</textcolor>
						<label>31043</label>
						<onclick condition="System.HasAddon(script.skin.helper.service)">RunScript(script.skin.helper.service,action=backup)</onclick>
						<onclick condition="!System.HasAddon(script.skin.helper.service)">InstallAddon(script.skin.helper.service)</onclick>
					</control>
					<control type="button" id="409">
						<width>1380</width>
						<height>62</height>
						<font>font30</font>
						<focusedcolor>$VAR[ColorMenuVar]</focusedcolor>
						<textcolor>$VAR[ColorMenuVar]</textcolor>
						<label>31128</label>
						<onclick condition="System.HasAddon(script.skin.helper.service)">RunScript(script.skin.helper.service,action=restore)</onclick>
						<onclick condition="!System.HasAddon(script.skin.helper.service)">InstallAddon(script.skin.helper.service)</onclick>
					</control>
					<control type="button" id="407">
						<width>1380</width>
						<height>62</height>
						<font>font30</font>
						<focusedcolor>$VAR[ColorMenuVar]</focusedcolor>
						<textcolor>$VAR[ColorMenuVar]</textcolor>
						<label>31109</label>
						<onclick condition="System.HasAddon(script.skin.helper.service)">RunScript(script.skin.helper.service,action=reset)</onclick>
						<onclick condition="!System.HasAddon(script.skin.helper.service)">InstallAddon(script.skin.helper.service)</onclick>
					</control>
				</control>
				<control type="image">
					<top>604</top>
					<left>410</left>
					<width>958</width>
					<height>310</height>
					<texture>STARQUAKE.png</texture>
					<colordiffuse>$VAR[MenuPanelBackgroundColorHighlightVar]</colordiffuse>
					<visible>Window.IsVisible(SkinSettings.xml) + Container(9990).HasFocus(8)</visible>
				</control>
				<control type="grouplist" id="9008">
					<description>About control area</description>
					<left>410</left>
					<top>604</top>
					<width>1380</width>
					<height>310</height>
					<itemgap>0</itemgap>
					<pagecontrol>60</pagecontrol>
					<onleft>9990</onleft>
					<onright>60</onright>
					<onup>9009</onup>
					<ondown>9008</ondown>
					<align>top</align>
					<usecontrolcoords>true</usecontrolcoords>
					<visible>Container(9990).HasFocus(8)</visible>
					<control type="label">
						<width>1380</width>
						<height>190</height>
						<font>font30</font>
						<label>31197</label>
					</control>
					<control type="textbox">
						<top>0</top>
						<left>30</left>
						<width>1286</width>
						<height>120</height>
						<font>font13</font>
						<label>$VAR[AboutTypeout]</label>
					</control>
				</control>
				<control type="label">
					<top>838</top>
					<left>1422</left>
					<width>1380</width>
					<height>162</height>
					<font>WeatherTemp</font>
					<angle>90</angle>
					<label>31196</label>
					<visible>Container(9990).HasFocus(8)</visible>
				</control>
			</control>
			<control type="image">
				<top>604</top>
				<left>1480</left>
				<width>310</width>
				<height>310</height>
				<texture>special://skin/resources/icon.png</texture>
				<visible>Window.IsVisible(SkinSettings.xml) + Container(9990).HasFocus(8)</visible>
			</control>
			<control type="scrollbar" id="59">
				<top>604</top>
				<left>60</left>
				<width>10</width>
				<height>310</height>
				<onleft>9000</onleft>
				<onright>9990</onright>
				<ondown>59</ondown>
				<onup>59</onup>
				<showonepage>true</showonepage>
			</control>
			<control type="scrollbar" id="60">
				<top>604</top>
				<left>1790</left>
				<width>10</width>
				<height>310</height>
				<onleft condition="Container(9990).HasFocus(8)">9990</onleft>
				<onleft condition="!Container(9990).HasFocus(8)">9991</onleft>
				<onright>9000</onright>
				<ondown>60</ondown>
				<onup>60</onup>
				<showonepage>true</showonepage>
			</control>
		</control>
	</controls>
</window>