<?xml version="1.0" encoding="UTF-8"?>
<window>
	<defaultcontrol always="true">9001</defaultcontrol>
	<coordinates>
		<left>0</left>
		<top>0</top>
		<origin x="60" y="0">true</origin>
	</coordinates>
	<animation type="WindowOpen" reversible="false">
		<effect type="fade" delay="300" end="100" time="300" />
	</animation>
	<controls>
		<control type="group">
            <animation effect="fade" end="0" start="100" time="0" condition="Window.IsVisible(DialogAddonSettings.xml) | Window.IsVisible(DialogKeyboard.xml) | Window.IsVisible(DialogNumeric.xml) | Window.IsVisible(DialogSelect.xml) | Window.IsVisible(DialogConfirm.xml) | Window.IsVisible(FileBrowser.xml) | Window.IsVisible(DialogButtonMenu.xml)" reversible="false">Conditional</animation>
			<left>0</left>
			<top>604</top>
			<include content="DialogBackgroundCommonsFake">
				<param name="DialogBackgroundWidth" value="1346" />
				<param name="DialogBackgroundHeight" value="680" />
				<param name="DialogHeaderLabel" value="-" />
				<param name="DialogHeaderId" value="2" />
			</include>
			<!-- left group-->
			<control type="grouplist" id="9001">
				<left>60</left>
				<width>1670</width>
				<height>310</height>
				<onup>9001</onup>
				<onleft>9002</onleft>
				<onright>60</onright>
				<ondown>9001</ondown>
				
				<itemgap>0</itemgap>
				<orientation>vertical</orientation>
				<pagecontrol>60</pagecontrol>
				<control type="button" id="15">
					<description>Rule field</description>
					<width>1670</width>
					<height>62</height>
				</control>
				<control type="button" id="16">
					<description>Rule operator</description>
					<width>1670</width>
					<height>62</height>
				</control>
				<control type="edit" id="17">
					<description>Value Button</description>
					<width>1670</width>
					<height>62</height>
					<textcolor>$VAR[ColorTextVar]</textcolor>
					<focusedcolor>$VAR[ColorTextVar]</focusedcolor>
					<font>font30</font>
					
					<hinttext>$LOCALIZE[19133]</hinttext>
				</control>
				<control type="button" id="20">
					<description>Browse Button</description>
					<width>1670</width>
					<height>62</height>
					<label>$LOCALIZE[1024]</label>
				</control>
			</control>
			<!-- right group -->
			<control type="grouplist" id="9002">
				<left>-30</left>
				<width>62</width>
				<height>310</height>
				<onup>9002</onup>
				<onleft>Action(back)</onleft>
				<onright>9001</onright>
				<ondown>9002</ondown>
				<align>top</align>
				<itemgap>0</itemgap>
				<orientation>vertical</orientation>
				<control type="button" id="18">
					<description>Ok Button</description>
					<width>62</width>
					<height>62</height>
					<label></label>
					<align>center</align>
					<font>IconButton</font>
					<texturefocus/>
					<focusedcolor>$VAR[MenuListColorHighlightVar]</focusedcolor>
				</control>
				<control type="button" id="19">
					<description>Cancel Button</description>
					<width>62</width>
					<height>62</height>
					<label></label>
					<align>center</align>
					<font>IconButton</font>
					<texturefocus/>
					<focusedcolor>$VAR[MenuListColorHighlightVar]</focusedcolor>
				</control>
			</control>
			<control type="scrollbar" id="60">
				<left>1730</left>
				<width>10</width>
				<height>310</height>
				<onleft>9001</onleft>
				<onright>9001</onright>
				<ondown>60</ondown>
				<onup>60</onup>
				<showonepage>true</showonepage>
			</control>
		</control>
	</controls>
</window>