<?xml version="1.0" encoding="UTF-8"?>
<includes>
	<include name="Viewtype_50_List">
		<control type="group">
			<visible>Control.IsVisible(50)</visible>
			<!-- List -->
			<control type="fixedlist" id="50">
				<left>50</left>
				<top>144</top>
				<width>1820</width>
				<height>896</height>
				<onup>50</onup>
				<ondown>50</ondown>
				<onleft>3000</onleft>
				<onright>60</onright>
				<pagecontrol>60</pagecontrol>
				<focusposition>6</focusposition>
				<orientation>vertical</orientation>
				<viewtype label="535">list</viewtype>
				<scrolltime tween="sine" easing="inout">200</scrolltime>
				<include>MediaInfoHideAnimation</include>
				<itemlayout height="59" width="1820">
					<control type="label">
						<width>910</width>
						<height>59</height>
						<font>Thin48</font>
						<align>right</align>
						<textcolor>$VAR[TextColor]</textcolor>
						<label>$VAR[ListLabelNF]</label>
					</control>
					<control type="image">
						<left>922</left>
						<top>15</top>
						<width>36</width>
						<height>30</height>
						<texture colordiffuse="$VAR[TextColor]">views/watched_tick_nf.png</texture>
						<visible>String.Contains(ListItem.Overlay,OverlayWatched.png)</visible>
					</control>
				</itemlayout>
				<focusedlayout height="70" width="1820">
					<control type="button">
						<visible>false</visible>
						<onfocus>SetProperty(CurrentView,50,home)</onfocus>
					</control>
					<control type="label">
						<width>910</width>
						<height>70</height>
						<font>Med60</font>
						<align>right</align>
						<scroll>true</scroll>
						<textcolor>$VAR[TextColor]</textcolor>
						<label>$VAR[ListLabelFO]</label>
					</control>
					<control type="image">
						<left>922</left>
						<top>20</top>
						<width>36</width>
						<height>30</height>
						<texture colordiffuse="$VAR[TextColor]">views/watched_tick_fo.png</texture>
						<visible>String.Contains(ListItem.Overlay,OverlayWatched.png)</visible>
					</control>
					<control type="label">
						<left>955</left>
						<width>870</width>
						<height>70</height>
						<font>Thin48</font>
						<textcolor>$VAR[TextColor]</textcolor>
						<label>  $VAR[InfoList]</label>
						<visible>!Window.IsVisible(contextmenu) + !Container.Content(episodes) + !Control.HasFocus(3000) + !Container.OnNext + !Container.OnPrevious</visible>
						<animation effect="fade" start="0" end="100" time="200" delay="800">Visible</animation>
					</control>
				</focusedlayout>
			</control>
			<!-- Next Aired Details -->
			<control type="label">
				<include>MediaInfoHideAnimation</include>
				<top>564</top>
				<left>1045</left>
				<width>825</width>
				<height>70</height>
				<font>Light30Upper</font>
				<textcolor>$VAR[TextColor]</textcolor>
				<scroll>true</scroll>
				<align>left</align>
				<label>$VAR[LabelNextAiredDetails]</label>
				<visible>!Window.IsVisible(contextmenu) + !Container.Content(episodes) + !Control.HasFocus(3000) + !Container.OnNext + !Container.OnPrevious</visible>
				<animation effect="fade" start="0" end="100" time="200" delay="800">Visible</animation>
			</control>
			<!-- Star Rating -->
			<control type="grouplist">
				<visible>!Listitem.DBType(season)</visible>
				<visible>!Window.IsVisible(contextmenu) + !String.Contains(ListItem.Icon,Default) + Container.Content(movies) + !Control.HasFocus(3000) + !Container.OnNext + !Container.OnPrevious</visible>
				<animation effect="fade" start="0" end="100" time="200" delay="800">Visible</animation>
				<include>MediaInfoHideAnimation</include>
				<top>564</top>
				<left>1045</left>
				<width>1678</width>
				<height>70</height>
				<orientation>horizontal</orientation>
				<itemgap>6</itemgap>
				<align>left</align>
				<control type="image">
					<width>147</width>
					<height>70</height>
					<align>left</align>
					<aligny>center</aligny>
					<aspectratio>keep</aspectratio>
					<texture colordiffuse="$VAR[TextColor]">$VAR[StarRating]</texture>
				</control>
				<control type="label" />
				<control type="label" />
				<control type="label" />
				<control type="image">
					<visible>!ListItem.IsParentFolder</visible>
					<visible>!String.IsEmpty(ListItem.DBTYPE)</visible>
					<width>70</width>
					<height>70</height>
					<aspectratio align="center" aligny="bottom">keep</aspectratio>
					<texture colordiffuse="$VAR[CommunityRatingColour]">special://skin/extras/misc/metacritic.png</texture>
					<visible>![String.IsEqual(Listitem.Label, ..) | String.IsEqual(ListItem(1).Label, $LOCALIZE[20366])]</visible>
					<visible>!String.IsEmpty(Window(Home).Property(SkinHelper.ListItem.MetaCritic.Rating))</visible>
					<visible>!String.IsEqual(Window(Home).Property(SkinHelper.ListItem.MetaCritic.Rating),n/a)</visible>
				</control>
				<control type="button">
					<visible>!ListItem.IsParentFolder</visible>
					<visible>!String.IsEmpty(ListItem.DBTYPE)</visible>
					<width>auto</width>
					<height>70</height>
					<textoffsetx>0</textoffsetx>
					<label>$INFO[Window(Home).Property(SkinHelper.ListItem.MetaCritic.Rating),,% ]</label>
					<font>Thin48</font>
					<textcolor>$VAR[TextColor]</textcolor>
					<align>center</align>
					<texturefocus colordiffuse="$VAR[CommunityRatingColour]"></texturefocus>
					<texturenofocus colordiffuse="$VAR[CommunityRatingColour]"></texturenofocus>
					<visible>![String.IsEqual(Listitem.Label, ..) | String.IsEqual(ListItem(1).Label, $LOCALIZE[20366])]</visible>
					<visible>!String.IsEmpty(Window(Home).Property(SkinHelper.ListItem.MetaCritic.Rating))</visible>
					<visible>!String.IsEqual(Window(Home).Property(SkinHelper.ListItem.MetaCritic.Rating),n/a)</visible>
				</control>
				<control type="image">
					<visible>!ListItem.IsParentFolder</visible>
					<visible>!String.IsEmpty(ListItem.DBTYPE)</visible>
					<texture>$VAR[RottenTomatoesIcon]</texture>
					<textcolor>$VAR[RottenTomatoesIconColour]</textcolor>
					<width>70</width>
					<height>70</height>
					<visible>![String.IsEqual(Listitem.Label, ..) | String.IsEqual(ListItem(1).Label, $LOCALIZE[20366])]</visible>
					<aspectratio align="center" aligny="bottom">keep</aspectratio>
					<visible>!String.IsEmpty(Window(Home).Property(SkinHelper.ListItem.RottenTomatoes.Meter))</visible>
					<visible>!String.IsEqual(Window(Home).Property(SkinHelper.ListItem.RottenTomatoes.Meter),n/a)</visible>
				</control>
				<control type="label">
					<visible>!ListItem.IsParentFolder</visible>
					<visible>!String.IsEmpty(ListItem.DBTYPE)</visible>
					<font>Thin48</font>
					<textcolor>$VAR[TextColor]</textcolor>
					<height>70</height>
					<width>auto</width>
					<label>$INFO[Window(Home).Property(SkinHelper.ListItem.RottenTomatoes.Meter),,% ]</label>
					<visible>![String.IsEqual(Listitem.Label, ..) | String.IsEqual(ListItem(1).Label, $LOCALIZE[20366])]</visible>
					<visible>!String.IsEmpty(Window(Home).Property(SkinHelper.ListItem.RottenTomatoes.Meter))</visible>
					<visible>!String.IsEqual(Window(Home).Property(SkinHelper.ListItem.RottenTomatoes.Meter),n/a)</visible>
				</control>
				<control type="image">
					<visible>!ListItem.IsParentFolder</visible>
					<visible>!String.IsEmpty(ListItem.DBTYPE)</visible>
					<width>70</width>
					<height>70</height>
					<aspectratio align="center" aligny="bottom">keep</aspectratio>
					<texture>special://skin/extras/misc/imdb.png</texture>
					<visible>![String.IsEqual(Listitem.Label, ..) | String.IsEqual(ListItem(1).Label, $LOCALIZE[20366])]</visible>
					<visible>!String.IsEmpty(Window(Home).Property(SkinHelper.ListItem.Rating.IMDB))</visible>
				</control>
				<control type="label">
					<visible>!ListItem.IsParentFolder</visible>
					<visible>!String.IsEmpty(ListItem.DBTYPE)</visible>
					<font>Thin48</font>
					<textcolor>$VAR[TextColor]</textcolor>
					<height>70</height>
					<width>auto</width>
					<label>$INFO[Window(Home).Property(SkinHelper.ListItem.Rating.IMDB),, ]</label>
					<visible>![String.IsEqual(Listitem.Label, ..) | String.IsEqual(ListItem(1).Label, $LOCALIZE[20366])]</visible>
					<visible>!String.IsEmpty(Window(Home).Property(SkinHelper.ListItem.Rating.IMDB))</visible>
				</control>
			</control>
			<!-- Episode Icon -->
			<control type="group">
				<left>1119</left>
				<top>360</top>
				<width>640</width>
				<visible>!Window.IsVisible(contextmenu) + !String.Contains(ListItem.Icon,Default) + !Control.HasFocus(3000) + [Container.Content(episodes) | Window.IsVisible(pictures)]</visible>
				<control type="image">
					<left>10</left>
					<top>10</top>
					<width>620</width>
					<height>340</height>
					<fadetime>80</fadetime>
					<aspectratio align="right">scale</aspectratio>
					<texture>$INFO[Container(50).ListItem.Icon]</texture>
				</control>
				<control type="image">
					<width>640</width>
					<height>360</height>
					<texture colordiffuse="$VAR[TextColor]" border="11,43,43,11">$VAR[BorderImage]</texture>
				</control>
				<control type="label">
					<visible>!Window.IsVisible(contextmenu) + !String.Contains(ListItem.Icon,Default) + !Window.IsVisible(movieinformation) + !Control.HasFocus(3000) + [Container.Content(episodes) | Window.IsVisible(pictures)]</visible>
					<right>0</right>
					<top>386</top>
					<width>640</width>
					<height>48</height>
					<font>Thin48</font>
					<align>right</align>
					<textcolor>$VAR[TextColor]</textcolor>
					<label>$VAR[InfoList]</label>
					<visible>Container.Content(episodes)</visible>
				</control>
			</control>
		</control>
	</include>
</includes>