<?xml version="1.0" encoding="UTF-8"?>
<window>
	<!-- skinsettings -->
	<defaultcontrol always="true">9</defaultcontrol>

	<controls>


		<!-- Fanart -->
		<control type="multiimage" id="7975">
			<include>FullscreenDimensions</include>
			<timeperimage>10000</timeperimage>
			<randomize>true</randomize>
			<colordiffuse>$VAR[FanartColor]</colordiffuse>
			<imagepath background="true">$VAR[HomeBackgroundImage]</imagepath>
			<animation effect="fade" start="100" end="80" condition="[Player.HasVideo + Skin.HasSetting(BackgroundVideo)] | [Player.HasAudio + Skin.HasSetting(BackgroundVisualisation) + !String.Contains(Window(Videos).Property(TvTunesIsAlive),True)]">Conditional</animation>
		</control>

		<!-- Curve -->
		<control type="image">
			<right>20</right>
			<top>20</top>
			<width>1520</width>
			<height>1040</height>
			<texture border="40,0,0,0">common/Curve.png</texture>
			<visible>Skin.HasSetting(ShowCurve)</visible>
		</control>

		<!-- Curve -->
		<control type="image">
			<right>20</right>
			<top>20</top>
			<width>1172</width>
			<height>1040</height>
			<texture border="40,0,0,0">common/Curve.png</texture>
			<visible>Skin.HasSetting(ShowCurve)</visible>
		</control>

			<!-- Clock -->
			<include>Clock</include>

		<!-- Dummy list -->
		<control type="grouplist" id="9000">
			<left>120</left>
			<top>120</top>
			<width>300</width>
			<height>870</height>
			<itemgap>34</itemgap>
			<orientation>vertical</orientation>

			<!-- Appearance -->
			<control type="button">
				<width>300</width>
				
				<label>480</label>
				<font>Font42</font>
				
			</control>
			<!-- Videos -->
			<control type="button">
				<width>300</width>
				
				<label>3</label>
				<font>Font42</font>
				
			</control>
			<!-- Music -->
			<control type="button">
				<width>300</width>
				
				<label>2</label>
				<font>Font42</font>
				
			</control>
			<!-- Pictures -->
			<control type="button">
				<width>300</width>
				
				<label>1</label>
				<font>Font42</font>
				
			</control>
			<!-- Weather -->
			<control type="button">
				<width>300</width>
				
				<label>8</label>
				<font>Font42</font>
				
			</control>
			<!-- System -->
			<control type="button">
				<width>300</width>
				
				<label>13000</label>
				<font>Font42</font>
				
			</control>
			<!-- Service -->
			<control type="button">
				<width>300</width>
				
				<label>14036</label>
				<font>Font42</font>
				
			</control>
			<!-- PVR -->
			<control type="button">
				<width>300</width>
				
				<label>31015</label>
				<font>Font42</font>
				
			</control>
			<!-- System info -->
			<control type="button">
				<width>300</width>
				
				<label>130</label>
				<font>Font42</font>
				
			</control>
			<!-- More -->
			<control type="button">
				<width>300</width>
				
				<label>22082</label>
				<font>Font42</font>
				
			</control>

		</control>

		<!-- Dummy main list -->
		<control type="grouplist">
			<left>480</left>
			<top>244</top>
			<width>1680</width>
			<height>726</height>
			<itemgap>34</itemgap>
			<orientation>vertical</orientation>

			<!-- Skin -->
			<control type="button">
				<width>300</width>
				
				<label>166</label>
				<font>Font33</font>
				
			</control>
			<!-- International -->
			<control type="button">
				<width>300</width>
				
				<label>14090</label>
				<font>Font33</font>
				
			</control>
			<!-- File lists -->
			<control type="button">
				<width>300</width>
				
				<label>14081</label>
				<font>Font33</font>
				
			</control>
			<!-- Screensaver -->
			<control type="button">
				<width>300</width>
				
				<label>360</label>
				<font>Font33</font>
				
			</control>

		</control>

		<!-- Dummy main list indicator -->
		<control type="image">
			<left>442</left>
			<top>248</top>
			<width>20</width>
			<height>60</height>
			<colordiffuse>$VAR[UnFocusedColor]</colordiffuse>
			<texture border="6,1,8,1">common/ScrollBackground.png</texture>
			<animation effect="fade" start="100" end="50" time="0" condition="true">Conditional</animation>
		</control>

		<!-- Dummy sub list -->
		<control type="grouplist">
			<left>830</left>
			<top>244</top>
			<width>970</width>
			<height>574</height>
			<itemgap>34</itemgap>
			<onleft>3</onleft>
			<onright>998</onright>
			<onup>noop</onup>
			<ondown>noop</ondown>
			<orientation>vertical</orientation>
			<usecontrolcoords>true</usecontrolcoords>

			<!-- Skin -->
			<control type="group">
				<width>970</width>
				
				<control type="label">
					<width>970</width>
					
					<font>Font33</font>
					<label>166</label>
					
				</control>
				<control type="label">
					<right>0</right>
					<width>970</width>
					
					<font>Font33</font>
					<label>Conq</label>
					<align>right</align>
					
				</control>
			</control>
			<!-- Settings -->
			<control type="group">
				<width>970</width>
				
				<control type="label">
					<width>970</width>
					
					<font>Font33</font>
					<label>- $LOCALIZE[21417]</label>
					
				</control>
			</control>
			<!-- Theme -->
			<control type="group">
				<width>970</width>
				
				<control type="label">
					<width>970</width>
					
					<font>Font33</font>
					<label>- $LOCALIZE[15111]</label>
					<textcolor>$VAR[DisabledColor]</textcolor>
				</control>
				<control type="label">
					<right>75</right>
					<width>900</width>
					
					<font>Font33</font>
					<label>15109</label>
					<align>right</align>
					<textcolor>$VAR[DisabledColor]</textcolor>
				</control>
				<control type="image">
					<right>35</right>
					<top>-12</top>
					<width>35</width>
					<height>66</height>
					<texture>common/ArrowDownNF.png</texture>
				</control>
				<control type="image">
					<right>0</right>
					<top>-12</top>
					<width>35</width>
					<height>66</height>
					<texture>common/ArrowUpNF.png</texture>
				</control>
			</control>
			<!-- Colours -->
			<control type="group">
				<width>970</width>
				
				<control type="label">
					<width>970</width>
					
					<font>Font33</font>
					<label>- $LOCALIZE[14078]</label>
					
				</control>
				<control type="label">
					<right>75</right>
					<width>900</width>
					
					<font>Font33</font>
					<label>15109</label>
					<align>right</align>
					
				</control>
				<control type="image">
					<right>35</right>
					<top>-12</top>
					<width>35</width>
					<height>66</height>
					<texture>common/ArrowDownNF.png</texture>
				</control>
				<control type="image">
					<right>0</right>
					<top>-12</top>
					<width>35</width>
					<height>66</height>
					<texture>common/ArrowUpNF.png</texture>
				</control>
			</control>
			<!-- Fonts -->
			<control type="group">
				<width>970</width>
				
				<control type="label">
					<width>970</width>
					
					<font>Font33</font>
					<label>- $LOCALIZE[13303]</label>
					
				</control>
				<control type="label">
					<right>75</right>
					<width>900</width>
					
					<font>Font33</font>
					<label>13278</label>
					<align>right</align>
					
				</control>
				<control type="image">
					<right>35</right>
					<top>-12</top>
					<width>35</width>
					<height>66</height>
					<texture>common/ArrowDownNF.png</texture>
				</control>
				<control type="image">
					<right>0</right>
					<top>-12</top>
					<width>35</width>
					<height>66</height>
					<texture>common/ArrowUpNF.png</texture>
				</control>
			</control>
			<!-- Zoom -->
			<control type="group">
				<width>970</width>
				
				<control type="label">
					<width>970</width>
					
					<font>Font33</font>
					<label>- $LOCALIZE[20109]</label>
					
				</control>
				<control type="label">
					<right>75</right>
					<width>900</width>
					
					<font>Font33</font>
					<label>0 %</label>
					<align>right</align>
					
				</control>
				<control type="image">
					<right>35</right>
					<top>-12</top>
					<width>35</width>
					<height>66</height>
					<texture>common/ArrowDownNF.png</texture>
				</control>
				<control type="image">
					<right>0</right>
					<top>-12</top>
					<width>35</width>
					<height>66</height>
					<texture>common/ArrowUpNF.png</texture>
				</control>
			</control>
			<!-- Start window -->
			<control type="group">
				<width>970</width>
				
				<control type="label">
					<width>970</width>
					
					<font>Font33</font>
					<label>$LOCALIZE[512]</label>
					
				</control>
				<control type="label">
					<right>75</right>
					<width>900</width>
					
					<font>Font33</font>
					<label>513</label>
					<align>right</align>
					
				</control>
				<control type="image">
					<right>35</right>
					<top>-12</top>
					<width>35</width>
					<height>66</height>
					<texture>common/ArrowDownNF.png</texture>
				</control>
				<control type="image">
					<right>0</right>
					<top>-12</top>
					<width>35</width>
					<height>66</height>
					<texture>common/ArrowUpNF.png</texture>
				</control>
			</control>
			<!-- Navigation sounds -->
			<control type="group">
				<width>970</width>
				
				<control type="label">
					<width>970</width>
					
					<font>Font33</font>
					<label>$LOCALIZE[15108]</label>
					
				</control>
				<control type="label">
					<right>75</right>
					<width>900</width>
					
					<font>Font33</font>
					<label>15109</label>
					<align>right</align>
					
				</control>
				<control type="image">
					<right>35</right>
					<top>-12</top>
					<width>35</width>
					<height>66</height>
					<texture>common/ArrowDownNF.png</texture>
				</control>
				<control type="image">
					<right>0</right>
					<top>-12</top>
					<width>35</width>
					<height>66</height>
					<texture>common/ArrowUpNF.png</texture>
				</control>
			</control>

		</control>

		<!-- Sub list indicator -->
		<control type="image">
			<left>792</left>
			<top>248</top>
			<width>20</width>
			<height>60</height>
			<colordiffuse>$VAR[UnFocusedColor]</colordiffuse>
			<texture border="6,1,8,1">common/ScrollBackground.png</texture>
		</control>

		<!-- Settings description -->
		<control type="textbox">
			<left>830</left>
			<top>856</top>
			<width>970</width>
			<height>118</height>
			<label>36104</label>
			
			<shadowcolor>$VAR[DisabledColor]</shadowcolor>
		</control>

		<!-- Skin settings -->
		<control type="group">
			<include>DialogZoomAnimation</include>

			<!-- Background -->
			<include>DialogBackgroundImage</include>

			<!-- Heading -->
			<control type="label">
				<left>150</left>
				<top>96</top>
				<width>1620</width>
				<height>72</height>
				<font>Font72</font>
				<label>20077</label>
			</control>

			<!-- Left grouplist -->
			<control type="grouplist" id="9">
				<left>150</left>
				<top>228</top>
				<width>360</width>
				<height>660</height>
				<itemgap>0</itemgap>
				<onleft>noop</onleft>
				<onright>2</onright>
				<onup>noop</onup>
				<ondown>9001</ondown>
				<orientation>vertical</orientation>
				<scrolltime tween="sine" easing="out">240</scrolltime>

				<!-- General -->
				<control type="button" id="10">
					<width>600</width>
					<height>66</height>
					<label>128</label>
					<textcolor>$VAR[SkinSettingButton10]</textcolor>
				</control>

				<!-- Look and Feel options -->
				<control type="button" id="11">
					<width>600</width>
					<height>66</height>
					<label>24997</label>
					<textcolor>$VAR[SkinSettingButton11]</textcolor>
				</control>

				<!-- Optional addons -->
				<control type="button" id="12">
					<width>600</width>
					<height>66</height>
					<label>Optional addons</label>
					<textcolor>$VAR[SkinSettingButton12]</textcolor>
				</control>

				<!-- Advanced options -->
				<control type="button" id="13">
					<width>600</width>
					<height>66</height>
					<label>10038</label>
					<textcolor>$VAR[SkinSettingButton13]</textcolor>
				</control>
			</control>

			<!-- Right grouplist -->
			<control type="grouplist" id="2">
				<left>600</left>
				<top>228</top>
				<width>1240</width>
				<height>660</height>
				<itemgap>0</itemgap>
				<onleft>9</onleft>
				<onright>noop</onright>
				<onup>noop</onup>
				<ondown>noop</ondown>
				<orientation>vertical</orientation>
				<usecontrolcoords>true</usecontrolcoords>
				<scrolltime tween="sine" easing="out">240</scrolltime>

				<!-- General options -->
				<!-- Home submenu-->
				<control type="button" id="1213">
					<width>1200</width>
					<height>66</height>
					<textwidth>1120</textwidth>
					<label>31049</label>
					<onclick condition="System.HasAddon(script.skinshortcuts)">RunScript(script.skinshortcuts,type=manage&amp;group=mainmenu)</onclick>
					<onclick condition="!System.HasAddon(script.skinshortcuts)">InstallAddon(script.skinshortcuts)</onclick>
					<visible>ControlGroup(9).HasFocus(10)</visible>
				</control>
				<!-- Colour picker -->
				<control type="button" id="1214">
					<width>1200</width>
					<height>66</height>
					<textwidth>1120</textwidth>
					<label>31064</label>
					<onclick condition="System.HasAddon(script.skin.helper.service)">ActivateWindow(1103)</onclick>
					<onclick condition="!System.HasAddon(script.skin.helper.service)">InstallAddon(script.skin.helper.service)</onclick>
					<visible>ControlGroup(9).HasFocus(10)</visible>
				</control>

				<!-- Look and Feel options -->
				<!-- Show posters List -->
				<control type="radiobutton" id="998">
					<width>1200</width>
					<height>66</height>
					<textwidth>1120</textwidth>
					<label>31070</label>
					<onclick>Skin.ToggleSetting(ShowEndPosters)</onclick>
					<selected>Skin.HasSetting(ShowEndPosters)</selected>
					<visible>ControlGroup(9).HasFocus(11)</visible>
				</control>
				<!-- Show endtime -->
				<control type="radiobutton" id="999">
					<width>1200</width>
					<height>66</height>
					<textwidth>1120</textwidth>
					<label>31068</label>
					<onclick>Skin.ToggleSetting(ShowEndTime)</onclick>
					<selected>Skin.HasSetting(ShowEndTime)</selected>
					<visible>ControlGroup(9).HasFocus(11)</visible>
				</control>
				<!-- Animate endtime
				<control type="radiobutton" id="1000">
					<width>1200</width>
					<height>66</height>
					<textwidth>1120</textwidth>
					<label>31069</label>
					<onclick>Skin.ToggleSetting(AnimateEndTime)</onclick>
					<selected>Skin.HasSetting(AnimateEndTime)</selected>
					<visible>ControlGroup(9).HasFocus(11) + Skin.HasSetting(ShowEndTime)</visible>
				</control> -->
				<!-- Show plots -->
				<control type="radiobutton" id="1001">
					<width>1200</width>
					<height>66</height>
					<textwidth>1120</textwidth>
					<label>31067</label>
					<onclick>Skin.ToggleSetting(ShowPlot)</onclick>
					<selected>Skin.HasSetting(ShowPlot)</selected>
					<visible>ControlGroup(9).HasFocus(11)</visible>
				</control>
				<!-- Scroll plots -->
				<control type="radiobutton" id="1002">
					<width>1200</width>
					<height>66</height>
					<textwidth>1120</textwidth>
					<label>20189</label>
					<onclick>Skin.ToggleSetting(ScrollPlot)</onclick>
					<selected>Skin.HasSetting(ScrollPlot)</selected>
					<visible>ControlGroup(9).HasFocus(11)</visible>
				</control>
				<!-- Logo settings -->
				<control type="radiobutton" id="1003">
					<width>1200</width>
					<height>66</height>
					<textwidth>1120</textwidth>
					<label>31132</label>
					<label2>$VAR[LogosCondition]</label2>
					<onclick>Skin.SelectBool(31132, 1223|LogosOff, 31110|LogosViews, 31111|LogosInfo, 31112|LogosBoth)</onclick>
					<visible>ControlGroup(9).HasFocus(11)</visible>
				</control>
				<!-- Flag settings -->
				<control type="radiobutton" id="1004">
					<width>1200</width>
					<height>66</height>
					<textwidth>1120</textwidth>
					<label>31133</label>
					<onclick>Skin.ToggleSetting(EnableFlags)</onclick>
					<selected>Skin.HasSetting(EnableFlags)</selected>
					<visible>ControlGroup(9).HasFocus(11)</visible>
				</control>
				<!-- Fanart/Episode image settings -->
				<control type="radiobutton" id="1005">
					<width>1200</width>
					<height>66</height>
					<textwidth>1120</textwidth>
					<label>31134</label>
					<onclick>Skin.ToggleSetting(DisableEpisodeThumbs)</onclick>
					<selected>Skin.HasSetting(DisableEpisodeThumbs)</selected>
					<visible>ControlGroup(9).HasFocus(11)</visible>
				</control>
				<!-- Thumb (16:9) settings -->
				<control type="radiobutton" id="1006">
					<width>1200</width>
					<height>66</height>
					<textwidth>1120</textwidth>
					<label>31135</label>
					<onclick>Skin.ToggleSetting(EnableThumb)</onclick>
					<selected>Skin.HasSetting(EnableThumb)</selected>
					<visible>ControlGroup(9).HasFocus(11)</visible>
				</control>
				<!-- Discart settings -->
				<control type="radiobutton" id="1007">
					<width>1200</width>
					<height>66</height>
					<textwidth>1120</textwidth>
					<label>31141</label>
					<onclick>Skin.ToggleSetting(EnableDiscart)</onclick>
					<selected>Skin.HasSetting(EnableDiscart)</selected>
					<visible>ControlGroup(9).HasFocus(11)</visible>
				</control>
				<!-- Hide 'Mouse' warning -->
				<control type="radiobutton" id="1008">
					<width>1200</width>
					<height>66</height>
					<textwidth>1120</textwidth>
					<label>31065</label>
					<onclick>Skin.ToggleSetting(HideMouse)</onclick>
					<selected>Skin.HasSetting(HideMouse)</selected>
					<visible>ControlGroup(9).HasFocus(11)</visible>
				</control>

				<!-- Text Shadows -->
				<control type="radiobutton" id="1009">
					<width>1200</width>
					<height>66</height>
					<textwidth>1120</textwidth>
					<label>Enable text shadows</label>
					<onclick>Skin.ToggleSetting(Text.Shadow.Enable)</onclick>
					<selected>Skin.HasSetting(Text.Shadow.Enable)</selected>
					<visible>ControlGroup(9).HasFocus(11)</visible>
				</control>

				<!-- Logo Options -->
				<control type="radiobutton" id="1010">
					<width>1200</width>
					<height>66</height>
					<textwidth>1120</textwidth>
					<label>Enable character art</label>
					<onclick>Skin.ToggleSetting(Logo.Art.Enable)</onclick>
					<selected>Skin.HasSetting(Logo.Art.Enable)</selected>
					<visible>ControlGroup(9).HasFocus(11)</visible>
				</control>

				<!-- Default fallback image-->
				<control type="button" id="1011">
					<width>1200</width>
					<height>66</height>
					<textwidth>1120</textwidth>
					<label>Set default background</label>
					<onclick>Skin.SetImage(Default.Background, special://skin/extras/backgrounds)</onclick>
					<visible>ControlGroup(9).HasFocus(11)</visible>
				</control>

				<!-- Default fallback image-->
				<control type="button" id="1012">
					<width>1200</width>
					<height>66</height>
					<textwidth>1120</textwidth>
					<label>- Clear default background</label>
					<onclick>Skin.SetString(Default.Background,)</onclick>
					<visible>ControlGroup(9).HasFocus(11) + !String.IsEmpty(Skin.String(Default.Background))</visible>
				</control>

				<!-- Optional addons -->
				<!-- Skin Shortcuts script -->
				<control type="button" id="1200">
					<width>1200</width>
					<height>66</height>
					<textwidth>1120</textwidth>
					<label>Skin Shortcuts script</label>
					<label2>$VAR[SkinShortcutsScript]</label2>
					<onclick condition="System.HasAddon(script.skinshortcuts)">Addon.OpenSettings(script.skinshortcuts)</onclick>
					<onclick condition="!System.HasAddon(script.skinshortcuts)">InstallAddon(script.skinshortcuts)</onclick>
					<selected>System.HasAddon(script.skinshortcuts)</selected>
					<visible>ControlGroup(9).HasFocus(12)</visible>
				</control>
				<!-- Toolbox script -->
				<control type="button" id="1201">
					<width>1200</width>
					<height>66</height>
					<textwidth>1120</textwidth>
					<label>Toolbox script</label>
					<label2>$VAR[ToolboxScript]</label2>
					<onclick condition="System.HasAddon(script.toolbox)">Addon.OpenSettings(script.toolbox)</onclick>
					<onclick condition="!System.HasAddon(script.toolbox)">InstallAddon(script.toolbox)</onclick>
					<selected>System.HasAddon(script.toolbox)</selected>
					<visible>ControlGroup(9).HasFocus(12)</visible>
				</control>
				<!-- Artwork Downloader script -->
				<!-- Artist SlideshowScript script -->
				<control type="button" id="1203">
					<width>1200</width>
					<height>66</height>
					<textwidth>1120</textwidth>
					<label>Artist Slideshow script</label>
					<label2>$VAR[ArtistSlideshowScript]</label2>
					<onclick condition="System.HasAddon(script.artistslideshow)">Addon.OpenSettings(script.artistslideshow)</onclick>
					<onclick condition="!System.HasAddon(script.artistslideshow)">InstallAddon(script.artistslideshow)</onclick>
					<selected>System.HasAddon(script.artistslideshow)</selected>
					<visible>ControlGroup(9).HasFocus(12)</visible>
				</control>
				<!-- Global Search script -->
				<control type="button" id="1204">
					<width>1200</width>
					<height>66</height>
					<textwidth>1120</textwidth>
					<label>Global Search script</label>
					<label2>$VAR[GlobalSearchScript]</label2>
					<onclick condition="System.HasAddon(script.globalsearch)">Addon.OpenSettings(script.globalsearch)</onclick>
					<onclick condition="!System.HasAddon(script.globalsearch)">InstallAddon(script.globalsearch)</onclick>
					<selected>System.HasAddon(script.globalsearch)</selected>
					<visible>ControlGroup(9).HasFocus(12)</visible>
				</control>
				<!-- Backgrounds script -->
				<control type="button" id="1205">
					<width>1200</width>
					<height>66</height>
					<textwidth>1120</textwidth>
					<label>Skin Helper Backgrounds</label>
					<label2>$VAR[BackgroundsScript]</label2>
					<onclick condition="System.HasAddon(script.skin.helper.backgrounds)">Addon.OpenSettings(script.skin.helper.backgrounds)</onclick>
					<onclick condition="!System.HasAddon(script.skin.helper.backgrounds)">InstallAddon(script.skin.helper.backgrounds)</onclick>
					<selected>System.HasAddon(script.skin.helper.backgrounds)</selected>
					<visible>ControlGroup(9).HasFocus(12)</visible>
				</control>

				<!-- Advanced options -->
				<!-- Enable Debug Grid -->
				<control type="radiobutton" id="1302">
					<width>1200</width>
					<height>66</height>
					<textwidth>1120</textwidth>
					<label>31041</label>
					<onclick>Skin.ToggleSetting(DebugGrid)</onclick>
					<selected>Skin.HasSetting(DebugGrid)</selected>
					<visible>ControlGroup(9).HasFocus(13)</visible>
				</control>
				<!-- Disable Debug Info -->
				<control type="radiobutton" id="1303">
					<width>1200</width>
					<height>66</height>
					<textwidth>1120</textwidth>
					<label>31042</label>
					<onclick>Skin.ToggleSetting(DebugInfo)</onclick>
					<selected>Skin.HasSetting(DebugInfo)</selected>
					<visible>ControlGroup(9).HasFocus(13)</visible>
				</control>
				<!-- Kiosk mode -->
				<control type="radiobutton" id="1304">
					<width>1200</width>
					<height>66</height>
					<textwidth>1120</textwidth>
					<label>31057</label>
					<onclick>Skin.ToggleSetting(KioskMode)</onclick>
					<selected>Skin.HasSetting(KioskMode)</selected>
					<visible>ControlGroup(9).HasFocus(13)</visible>
				</control>
				<!-- Reset skin's setting -->
				<control type="button" id="1305">
					<width>1200</width>
					<height>66</height>
					<textwidth>1120</textwidth>
					<label>31058</label>
					<onclick>Skin.ResetSettings</onclick>
					<visible>ControlGroup(9).HasFocus(13)</visible>
				</control>

			</control>

		</control>

		<!-- Hide settings warning -->
		<control type="textbox">
			<left>600</left>
			<top>894</top>
			<width>1240</width>
			<height>132</height>
			<label>31051</label>
			<textcolor>$VAR[DisabledColor]</textcolor>
			<visible>ControlGroup(9).HasFocus(11) + Skin.HasSetting(HideSettings)</visible>
		</control>

	</controls>

</window>