<?xml version="1.0" encoding="UTF-8"?>
<window>
    <defaultcontrol always="true">1000</defaultcontrol>
    <allowoverlay>yes</allowoverlay>
    <include>fadeInOut</include>
    <controls>
        <include>modalDialog</include>
        <control type="grouplist" id="996">
            <posx>col-10-begin</posx>
            <posy>4-row</posy>
            <itemgap>0</itemgap>
        </control>
        <control type="button" id="1000">
            <description>Buttons</description>
            <texturefocus colordiffuse="highlight">colors/white.png</texturefocus>
            <focusedcolor>textActive</focusedcolor>
            <width>6-col</width>
        </control>
        <!--debugging-->
        <include>DebugGrid</include>
        <control type="label">
            <include>DialogID</include>
            <label>DialogContextMenu.xml</label>
        </control>
    </controls>
</window>
