<?xml version="1.0" encoding="UTF-8"?>
<overrides>

	<!-- Movies -->
	<!-- Recent movies -->
	<widget label="Recent movies">RecentMovies</widget>
	<widgetdefault labelID="movies">RecentMovies</widgetdefault>
	<!-- Recommended movies -->
	<widget label="Recommended movies">RecommendedMovies</widget>
	<!-- Random movies -->
	<widget label="Random movies">RandomMovies</widget>

	<!-- Episodes -->
	<!-- Recent episodes -->
	<widget label="Recent episodes">RecentEpisodes</widget>
	<widgetdefault labelID="tvshows">RecentEpisodes</widgetdefault>
	<!-- Recommended Recommended episodes -->
	<widget label="Recommended episodes">RecommendedEpisodes</widget>
	<!-- Random episodes -->
	<widget label="Random episodes">RandomEpisodes</widget>

	<!-- Albums -->
	<!-- Recent albums -->
	<widget label="Recent albums">RecentAlbums</widget>
	<widgetdefault labelID="132">RecentAlbums</widgetdefault>
	<!-- Recommended albums -->
	<widget label="Recommended albums">RecommendedAlbums</widget>
	<!-- Random albums -->
	<widget label="Random albums">RandomAlbums</widget>

	<!-- Weather -->
	<widget label="Weather Forecast">WeatherWidget</widget>
	<widgetdefault labelID="weather">WeatherWidget</widgetdefault>
	
	<!-- Video addons -->
	<widget label="Video addons">VideoAddons</widget>
	<widgetdefault labelID="videos">VideoAddons</widgetdefault>
	
	<!-- Music addons -->
	<widget label="Music addons">MusicAddons</widget>
	<widgetdefault labelID="music">MusicAddons</widgetdefault>
	
	<!-- Pictures addons -->
	<widget label="Pictures addons">PictureAddons</widget>
	<widgetdefault labelID="pictures">PictureAddons</widgetdefault>
	
	<!-- Program addons -->
	<widget label="Program addons">ProgramAddons</widget>
	<widgetdefault labelID="31063">ProgramAddons</widgetdefault>
	
	<!-- Favourites -->
	<widget label="Favourites">Favourites</widget>
	<widgetdefault labelID="1036">Favourites</widgetdefault>
	
	<!-- PVR -->
	<widget label="PVR Status">PVR</widget>
	<widgetdefault labelID="livetv">PVR</widgetdefault>
	<widgetdefault labelID="radio">PVR</widgetdefault>
	
	<!-- Playlists -->
	<widgetPlaylists>True</widgetPlaylists>
	
	<!-- Backgrounds -->
	<background label="smartshortcuts">||BROWSE||plugin://script.skin.helper.service/?action=backgrounds</background>
	<background label="31084" condition="!IsEmpty(Skin.String(weatherfanart.path))">weatherBackground</background>
	<background label="::PLAYLIST::" condition="IsEmpty(Window(Home).Property(No.Cases))">s:playlist|i:playlist</background>

</overrides>