<shortcuts>
	<shortcut>
		<action>ActivateWindow(Videos,Addons,return)</action>
		<label>1037</label>
		<label2>32014</label2>
		<defaultID>1037</defaultID>
		<icon>DefaultAddonVideo.png</icon>
		<thumb />
	</shortcut>
	<shortcut>
		<action>ActivateWindow(Videos,Files,return)</action>
		<label>744</label>
		<label2>32014</label2>
		<defaultID>744</defaultID>
		<icon>DefaultFolder.png</icon>
		<thumb />
	</shortcut>
	<shortcut>
		<action>ActivateWindow(MusicLibrary,MusicVideos,return)</action>
		<label>20389</label>
		<label2>32034</label2>
		<defaultID>musicvideos</defaultID>
		<icon>DefaultMusicVideos.png</icon>
		<thumb />
	</shortcut>
</shortcuts>
