<?xml version="1.0" encoding="UTF-8"?>
<window>
	<!-- musicinformation -->
	<defaultcontrol always="true">9000</defaultcontrol>
	<controls>
		<control type="group">
			<visible>![Window.Is(songinformation) + Window.IsActive(musicinformation)]</visible>
			<control type="group">
				<include>InfoDialogFadeAnimation</include>
				<include>MediaInfoDiffuse</include>
				<control type="group">
					<left>50</left>
					<left>1132</left>
					<include condition="String.Contains(Container.Viewmode,$LOCALIZE[31511]) | String.Contains(Container.Viewmode,$LOCALIZE[31522]) | String.Contains(Container.Viewmode,$LOCALIZE[31523]) | String.Contains(Container.Viewmode,$LOCALIZE[31530]) | String.Contains(Container.Viewmode,$LOCALIZE[31531]) | String.Contains(Container.Viewmode,$LOCALIZE[31534])">MediaInfoWidth738</include>
					<include condition="![String.Contains(Container.Viewmode,$LOCALIZE[31511]) + String.Contains(Container.Viewmode,$LOCALIZE[31522]) + String.Contains(Container.Viewmode,$LOCALIZE[31523]) + String.Contains(Container.Viewmode,$LOCALIZE[31530]) + String.Contains(Container.Viewmode,$LOCALIZE[31531]) + String.Contains(Container.Viewmode,$LOCALIZE[31534])]">MediaInfoWidth860</include>
					<animation effect="slide" end="960,0" condition="String.Contains(Container.Viewmode,$LOCALIZE[31510]) | String.Contains(Container.Viewmode,$LOCALIZE[31520]) | String.Contains(Container.Viewmode,$LOCALIZE[31521]) | [String.Contains(Container.Viewmode,$LOCALIZE[31532]) + [String.Contains(Window(home).Property(CurrentColumn),0) | String.Contains(Window(home).Property(CurrentColumn),1)]] | [String.Contains(Container.Viewmode,$LOCALIZE[31141]) + [String.Contains(Window(home).Property(CurrentColumn),0) | String.Contains(Window(home).Property(CurrentColumn),1)]]">Conditional</animation>
					<animation effect="slide" end="1082,0" condition="String.Contains(Container.Viewmode,$LOCALIZE[31522]) | String.Contains(Container.Viewmode,$LOCALIZE[31523]) | [String.Contains(Container.Viewmode,$LOCALIZE[31530]) + [String.Contains(Window(home).Property(CurrentColumn),0) | String.Contains(Window(home).Property(CurrentColumn),1) | String.Contains(Window(home).Property(CurrentColumn),2)]] | [String.Contains(Container.Viewmode,$LOCALIZE[31531]) + [String.Contains(Window(home).Property(CurrentColumn),0) | String.Contains(Window(home).Property(CurrentColumn),1) | String.Contains(Window(home).Property(CurrentColumn),2)]] | [String.Contains(Container.Viewmode,$LOCALIZE[31534]) + [String.Contains(Window(home).Property(CurrentColumn),0) | String.Contains(Window(home).Property(CurrentColumn),1)]] | String.Contains(Container.Viewmode,$LOCALIZE[31511])">Conditional</animation>
					<control type="group">
						<animation effect="fade" start="0" end="100" time="200">Visible</animation>
						<visible>!String.Contains(Control.GetLabel(5),$LOCALIZE[207])</visible>
						<!-- Heading -->
						<control type="grouplist">
							<top>50</top>
							<height>210</height>
							<align>right</align>
							<orientation>vertical</orientation>
							<control type="textbox">
								<height max="210">auto</height>
								<font>Med60</font>
								<textcolor>$VAR[TextColor]</textcolor>
								<label>$VAR[InfoTitle]</label>
							</control>
						</control>
						<!-- Details Line 1 -->
						<control type="label">
							<top>345</top>
							<width>78%</width>
							<height>36</height>
							<font>Med36</font>
							<textcolor>$VAR[TextColor]</textcolor>
							<label>$VAR[DialogMusicInfoLine1]</label>
						</control>
						<!-- Star Rating -->
						<control type="image">
							<right>0</right>
							<top>351</top>
							<width>147</width>
							<height>24</height>
							<aspectratio>keep</aspectratio>
							<texture colordiffuse="$VAR[TextColor]">$VAR[StarRating]</texture>
							<visible>!Container.Content(artists)</visible>
						</control>
						<!-- Details Line 2 -->
						<control type="label">
							<top>388</top>
							<height>66</height>
							<aligny>top</aligny>
							<font>Light33</font>
							<textcolor>$VAR[TextColor]</textcolor>
							<wrapmultiline>true</wrapmultiline>
							<label>$VAR[DialogMusicInfoLine2]</label>
						</control>
						<!-- Description -->
						<control type="textbox">
							<top>479</top>
							<height>195</height>
							<font>Light27</font>
							<label>$VAR[Description]</label>
							<textcolor>$VAR[TextColor]</textcolor>
							<autoscroll delay="10000" time="2000" repeat="12000">True</autoscroll>
						</control>
						<control type="grouplist">
							<top>730</top>
							<height>109</height>
							<itemgap>100</itemgap>
							<orientation>horizontal</orientation>
							<usecontrolcoords>true</usecontrolcoords>
							<!-- Audio Flag -->
							<control type="image">
								<width>120</width>
								<height>80</height>
								<aspectratio>keep</aspectratio>
								<texture colordiffuse="$VAR[TextColor]" fallback="flags/default_studio.png">$INFO[ListItem.FileExtension,flags/audio/,.png]</texture>
								<visible>!String.IsEmpty(ListItem.FileExtension)</visible>
							</control>
						</control>
					</control>
					<!-- Button grouplist -->
					<control type="grouplist" id="9000">
						<bottom>50</bottom>
						<height>75</height>
						<itemgap>0</itemgap>
						<orientation>horizontal</orientation>
						<onup condition="String.Contains(Control.GetLabel(5),$LOCALIZE[207])">50</onup>
						<onup condition="!String.Contains(Control.GetLabel(5),$LOCALIZE[207])">Close</onup>
						<ondown>Close</ondown>
						<orientation>horizontal</orientation>
						<!-- Refresh Button -->
						<control type="button" id="6">
							<include>DialogButton</include>
						</control>
						<!-- Thumb Button -->
						<control type="button" id="10">
							<include>DialogButton</include>
						</control>
						<!-- Fanart Button -->
						<control type="button" id="12">
							<include>DialogButton</include>
						</control>
						<!-- Cast Button -->
						<control type="button" id="7">
							<include>DialogButton</include>
						</control>
					</control>
				</control>
			</control>
			<!-- Image -->
			<control type="group">
				<visible>!String.Contains(Control.GetLabel(5),$LOCALIZE[207])</visible>
				<animation effect="fade" start="0" end="100" time="200">Visible</animation>
				<animation effect="fade" start="100" end="100" time="200">WindowClose</animation>
				<!-- Viewtype_50_List -->
				<control type="group">
					<left>1130</left>
					<top>360</top>
					<width>640</width>
					<visible>String.Contains(Container.Viewmode,$LOCALIZE[535]) + Container.Content(episodes)</visible>
					<control type="image">
						<left>10</left>
						<top>10</top>
						<width>620</width>
						<height>340</height>
						<fadetime>80</fadetime>
						<aspectratio align="right">scale</aspectratio>
						<texture>$INFO[ListItem.Icon]</texture>
					</control>
					<control type="image">
						<width>640</width>
						<height>360</height>
						<texture colordiffuse="$VAR[TextColor]" border="11,43,43,11">$VAR[BorderImage]</texture>
					</control>
				</control>
				<!-- Viewtype_510_FilmstripPoster -->
				<control type="group">
					<left>240</left>
					<top>0</top>
					<visible>String.Contains(Container.Viewmode,$LOCALIZE[31510])</visible>
					<control type="image">
						<width>720</width>
						<height>1080</height>
						<aspectratio>scale</aspectratio>
						<texture background="true">$INFO[ListItem.Icon]</texture>
					</control>
					<control type="image">
						<width>720</width>
						<height>1080</height>
						<texture colordiffuse="$VAR[TextColor]" border="11,43,43,11">$VAR[BorderImage]</texture>
					</control>
				</control>
				<!-- Viewtype_511_FilmstripSquare -->
				<control type="group">
					<left>0</left>
					<top>0</top>
					<visible>String.Contains(Container.Viewmode,$LOCALIZE[31511])</visible>
					<control type="image">
						<width>1080</width>
						<height>1080</height>
						<aspectratio>scale</aspectratio>
						<texture background="true">$INFO[ListItem.Icon]</texture>
					</control>
					<control type="image">
						<width>1080</width>
						<height>1080</height>
						<texture colordiffuse="$VAR[TextColor]" border="11,43,43,11">$VAR[BorderImage]</texture>
					</control>
				</control>
				<!-- Viewtype_520_RowPoster -->
				<control type="group">
					<left>100</left>
					<top>270</top>
					<control type="image">
						<width>360</width>
						<height>540</height>
						<aspectratio>scale</aspectratio>
						<texture background="true">$INFO[ListItem.Icon]</texture>
					</control>
					<control type="image">
						<width>360</width>
						<height>540</height>
						<texture colordiffuse="$VAR[TextColor]" border="11,43,43,11">$VAR[BorderImage]</texture>
					</control>
					<visible>String.Contains(Container.Viewmode,$LOCALIZE[31520])</visible>
				</control>
				<!-- Viewtype_521_RowSquare -->
				<control type="group">
					<left>100</left>
					<top>270</top>
					<control type="image">
						<width>540</width>
						<height>540</height>
						<aspectratio>scale</aspectratio>
						<texture background="true">$INFO[ListItem.Icon]</texture>
					</control>
					<control type="image">
						<width>540</width>
						<height>540</height>
						<texture colordiffuse="$VAR[TextColor]" border="11,43,43,11">$VAR[BorderImage]</texture>
					</control>
					<visible>String.Contains(Container.Viewmode,$LOCALIZE[31521])</visible>
				</control>
				<!-- Viewtype_522_RowLandscape -->
				<control type="group">
					<left>100</left>
					<top>270</top>
					<visible>String.Contains(Container.Viewmode,$LOCALIZE[31522])</visible>
					<control type="image">
						<width>960</width>
						<height>540</height>
						<aspectratio>scale</aspectratio>
						<texture background="true">$VAR[LandscapeIcon]</texture>
					</control>
					<control type="image">
						<width>960</width>
						<height>540</height>
						<texture colordiffuse="$VAR[TextColor]" border="11,43,43,11">$VAR[BorderImage]</texture>
					</control>
				</control>
				<!-- Viewtype_523_RowThumb -->
				<control type="group">
					<left>100</left>
					<top>270</top>
					<visible>String.Contains(Container.Viewmode,$LOCALIZE[31523])</visible>
					<control type="image">
						<width>960</width>
						<height>540</height>
						<aspectratio>scale</aspectratio>
						<texture background="true">$VAR[ThumbIcon]</texture>
					</control>
					<control type="image">
						<centerleft>480</centerleft>
						<top>260</top>
						<width>480</width>
						<height>270</height>
						<aspectratio scalediffuse="false">keep</aspectratio>
						<texture background="true">$INFO[ListItem.Art(clearlogo)]</texture>
						<visible>String.IsEmpty(ListItem.Art(landscape))</visible>
					</control>
					<control type="image">
						<width>960</width>
						<height>540</height>
						<texture colordiffuse="$VAR[TextColor]" border="11,43,43,11">$VAR[BorderImage]</texture>
					</control>
				</control>
				<!-- Viewtype_530_WallPoster -->
				<control type="group">
					<left>0</left>
					<top>0</top>
					<animation effect="slide" end="360,0" condition="String.Contains(Window(home).Property(CurrentColumn),1)">Conditional</animation>
					<animation effect="slide" end="720,0" condition="String.Contains(Window(home).Property(CurrentColumn),2)">Conditional</animation>
					<animation effect="slide" end="1080,0" condition="String.Contains(Window(home).Property(CurrentColumn),3)">Conditional</animation>
					<animation effect="slide" end="1440,0" condition="String.Contains(Window(home).Property(CurrentColumn),4)">Conditional</animation>
					<animation effect="slide" end="0,540" condition="String.Contains(Window(home).Property(CurrentRow),1)">Conditional</animation>
					<visible>String.Contains(Container.Viewmode,$LOCALIZE[31530])</visible>
					<control type="image">
						<width>360</width>
						<height>540</height>
						<aspectratio>scale</aspectratio>
						<texture background="true">$INFO[ListItem.Icon]</texture>
					</control>
					<control type="image">
						<width>360</width>
						<height>540</height>
						<texture colordiffuse="$VAR[TextColor]" border="11,43,43,11">$VAR[BorderImage]</texture>
					</control>
				</control>
				<!-- Viewtype_531_WallSquare -->
				<control type="group">
					<left>0</left>
					<top>0</top>
					<animation effect="slide" end="360,0" condition="String.Contains(Window(home).Property(CurrentColumn),1)">Conditional</animation>
					<animation effect="slide" end="720,0" condition="String.Contains(Window(home).Property(CurrentColumn),2)">Conditional</animation>
					<animation effect="slide" end="1080,0" condition="String.Contains(Window(home).Property(CurrentColumn),3)">Conditional</animation>
					<animation effect="slide" end="1440,0" condition="String.Contains(Window(home).Property(CurrentColumn),4)">Conditional</animation>
					<animation effect="slide" end="0,360" condition="String.Contains(Window(home).Property(CurrentRow),1)">Conditional</animation>
					<animation effect="slide" end="0,720" condition="String.Contains(Window(home).Property(CurrentRow),2)">Conditional</animation>
					<visible>String.Contains(Container.Viewmode,$LOCALIZE[31531])</visible>
					<control type="image">
						<width>360</width>
						<height>360</height>
						<aspectratio>scale</aspectratio>
						<texture background="true">$INFO[ListItem.Icon]</texture>
					</control>
					<control type="image">
						<width>360</width>
						<height>360</height>
						<texture colordiffuse="$VAR[TextColor]" border="11,43,43,11">$VAR[BorderImage]</texture>
					</control>
				</control>
				<!-- Viewtype_532_WallLandscape -->
				<control type="group">
					<left>0</left>
					<top>0</top>
					<animation effect="slide" end="480,0" condition="String.Contains(Window(home).Property(CurrentColumn),1)">Conditional</animation>
					<animation effect="slide" end="960,0" condition="String.Contains(Window(home).Property(CurrentColumn),2)">Conditional</animation>
					<animation effect="slide" end="1440,0" condition="String.Contains(Window(home).Property(CurrentColumn),3)">Conditional</animation>
					<animation effect="slide" end="0,270" condition="String.Contains(Window(home).Property(CurrentRow),1)">Conditional</animation>
					<animation effect="slide" end="0,540" condition="String.Contains(Window(home).Property(CurrentRow),2)">Conditional</animation>
					<animation effect="slide" end="0,810" condition="String.Contains(Window(home).Property(CurrentRow),3)">Conditional</animation>
					<visible>String.Contains(Container.Viewmode,$LOCALIZE[31532])</visible>
					<control type="image">
						<width>480</width>
						<height>270</height>
						<aspectratio>scale</aspectratio>
						<texture background="true">$VAR[WallIcon]</texture>
					</control>
					<control type="image">
						<width>480</width>
						<height>270</height>
						<texture colordiffuse="$VAR[TextColor]" border="11,43,43,11">$VAR[BorderImage]</texture>
					</control>
				</control>
				<!-- Viewtype_533_WallThumb -->
				<control type="group">
					<left>0</left>
					<top>0</top>
					<animation effect="slide" end="480,0" condition="String.Contains(Window(home).Property(CurrentColumn),1)">Conditional</animation>
					<animation effect="slide" end="960,0" condition="String.Contains(Window(home).Property(CurrentColumn),2)">Conditional</animation>
					<animation effect="slide" end="1440,0" condition="String.Contains(Window(home).Property(CurrentColumn),3)">Conditional</animation>
					<animation effect="slide" end="0,270" condition="String.Contains(Window(home).Property(CurrentRow),1)">Conditional</animation>
					<animation effect="slide" end="0,540" condition="String.Contains(Window(home).Property(CurrentRow),2)">Conditional</animation>
					<animation effect="slide" end="0,810" condition="String.Contains(Window(home).Property(CurrentRow),3)">Conditional</animation>
					<visible>String.Contains(Container.Viewmode,$LOCALIZE[31141])</visible>
					<control type="image">
						<width>480</width>
						<height>270</height>
						<aspectratio>scale</aspectratio>
						<texture background="true">$VAR[ThumbIcon]</texture>
					</control>
					<control type="image">
						<centerleft>240</centerleft>
						<top>130</top>
						<width>240</width>
						<height>135</height>
						<aspectratio scalediffuse="false">keep</aspectratio>
						<texture background="true">$INFO[ListItem.Art(clearlogo)]</texture>
						<visible>String.IsEmpty(ListItem.Art(landscape))</visible>
					</control>
					<control type="image">
						<width>480</width>
						<height>270</height>
						<texture colordiffuse="$VAR[TextColor]" border="11,43,43,11">$VAR[BorderImage]</texture>
					</control>
				</control>
			</control>
		</control>
	</controls>
</window>