<includes>
	<include file="Animations.xml" />
	<include file="Colors.xml" />
	<include file="Defaults.xml" />
	<include file="Parameters.xml" />
	<include file="script-skinshortcuts-includes.xml"/>
	<include file="Viewtype_50_List.xml" />
	<include file="Viewtype_500_Billboard.xml" />
	<include file="Viewtype_501_BillboardInfo.xml" />
	<include file="Viewtype_510_FilmstripPoster.xml" />
	<include file="Viewtype_511_FilmstripSquare.xml" />
	<include file="Viewtype_520_RowPoster.xml" />
	<include file="Viewtype_521_RowSquare.xml" />
	<include file="Viewtype_522_RowLandscape.xml" />
	<include file="Viewtype_523_RowThumb.xml" />
	<include file="Viewtype_530_WallPoster.xml" />
	<include file="Viewtype_531_WallSquare.xml" />
	<include file="Viewtype_532_WallLandscape.xml" />
	<include file="Viewtype_533_WallThumb.xml" />
	<include file="Viewtype_534_WallDiscart.xml" />
	<include file="Variables.xml" />
	<!-- Copacetix -->
	<!-- Main controls -->
	<include name="GlobalMenu">
		<control type="button" id="9103">
			<include>HiddenControl</include>
			<onfocus>SetFocus(9104)</onfocus>
		</control>
		<control type="group">
			<visible>Control.HasFocus(9000) | Control.HasFocus(9001) | Control.HasFocus(9901) | Control.HasFocus(608)</visible>
			<include>WindowFadeAnimation</include>
			<!-- Main list -->
			<control type="fixedlist" id="9000">
				<left>50</left>
				<top>142</top>
				<width>910</width>
				<height>898</height>
				<onup condition="!Window.IsVisible(1101)">SetProperty(BounceUp,1,Home)</onup>
				<onup>noop</onup>
				<ondown condition="!Window.IsVisible(1101)">SetProperty(BounceDown,1,Home)</ondown>
				<ondown>noop</ondown>
				<onleft>Control.Move(9001,-1)</onleft>
				<onleft condition="!String.Contains(Container(9000).ListItem.Property(hasSubmenu),true) + !Window.IsActive(home)">SetFocus(9103)</onleft>
				<onright condition="!String.Contains(Container(9000).ListItem.Property(hasSubmenu),true) + !Window.IsActive(home)">SetFocus(9103)</onright>
				<onleft condition="String.Contains(Container(9000).ListItem.Property(hasSubmenu),true)">SetFocus(9001)</onleft>
				<onright condition="String.Contains(Container(9000).ListItem.Property(hasSubmenu),true)">SetFocus(9001)</onright>
				<pagecontrol>60</pagecontrol>
				<focusposition>6</focusposition>
				<orientation>vertical</orientation>
				<viewtype label="535">list</viewtype>
				<scrolltime tween="sine" easing="inout">240</scrolltime>
				<include>HomeListAnimation</include>
				<itemlayout height="59" width="910">
					<control type="label">
						<width>910</width>
						<height>59</height>
						<font>Thin48</font>
						<align>right</align>
						<textcolor>$VAR[TextColor]</textcolor>
						<label>$INFO[ListItem.Label]</label>
					</control>
				</itemlayout>
				<focusedlayout height="72" width="910">
					<control type="label">
						<width>910</width>
						<height>72</height>
						<font>Med60</font>
						<align>right</align>
						<scroll>true</scroll>
						<textcolor>$VAR[SecondaryColor]</textcolor>
						<label>[UPPERCASE]‹ $INFO[ListItem.Label] ›[/UPPERCASE]</label>
						<visible>!Control.HasFocus(9001) + String.Contains(ListItem.Property(hasSubmenu),true)</visible>
					</control>
					<control type="label">
						<width>910</width>
						<height>72</height>
						<font>Med60</font>
						<align>right</align>
						<scroll>true</scroll>
						<textcolor>$VAR[SecondaryColor]</textcolor>
						<label>[UPPERCASE]$INFO[ListItem.Label][/UPPERCASE]</label>
						<visible>!Control.HasFocus(9001) + String.Contains(ListItem.Property(hasSubmenu),false)</visible>
					</control>
				</focusedlayout>
				<content>
					<item>
						<label>Home</label>
						<label2>Home</label2>
						<property name="hasSubmenu">False</property>
						<onclick>ActivateWindow(home)</onclick>
						<visible>!Window.IsActive(home)</visible>
					</item>
					<item>
						<label>Close</label>
						<label2>Close</label2>
						<property name="hasSubmenu">False</property>
						<onclick>SetFocus(9103)</onclick>
						<visible>!Window.IsActive(home)</visible>
					</item>
					<include>skinshortcuts-mainmenu</include>
					<item>
						<label>Close</label>
						<label2>Close</label2>
						<property name="hasSubmenu">False</property>
						<onclick>SetFocus(9103)</onclick>
						<visible>!Window.IsActive(home)</visible>
					</item>
					<item>
						<label>Home</label>
						<label2>Home</label2>
						<property name="hasSubmenu">False</property>
						<onclick>ActivateWindow(home)</onclick>
						<visible>!Window.IsActive(home)</visible>
					</item>
				</content>
			</control>
			<!-- Sub menu -->
			<control type="list" id="9001">
				<left>50</left>
				<top>496</top>
				<width>910</width>
				<height>72</height>
				<onup>SetFocus(9000)</onup>
				<onup>Control.Move(9001,$INFO[Container(9001).CurrentItem,-])</onup>
				<onup>Control.Move(9001,1)</onup>
				<onup>Control.Move(9000,-1)</onup>
				<ondown>SetFocus(9000)</ondown>
				<ondown>Control.Move(9001,$INFO[Container(9001).CurrentItem,-])</ondown>
				<ondown>Control.Move(9001,1)</ondown>
				<ondown>Control.Move(9000,1)</ondown>
				<onleft>Control.Move(9001,-1)</onleft>
				<onleft>SetFocus(9000)</onleft>
				<onright>Control.Move(9001,1)</onright>
				<onright>SetFocus(9000)</onright>
				<scrolltime>0</scrolltime>
				<orientation>horizontal</orientation>
				<visible allowhiddenfocus="true">Control.HasFocus(9001)</visible>
				<itemlayout height="59" width="910">
					<control type="label">
						<width>910</width>
						<height>59</height>
						<font>Thin48</font>
						<align>right</align>
						<textcolor>$VAR[TextColor]</textcolor>
						<label>$INFO[ListItem.Label]</label>
					</control>
				</itemlayout>
				<focusedlayout height="72" width="910">
					<control type="label">
						<width>910</width>
						<height>72</height>
						<font>Med60</font>
						<align>right</align>
						<scroll>true</scroll>
						<textcolor>$VAR[SecondaryColor]</textcolor>
						<label>[UPPERCASE]‹ $INFO[ListItem.Label] ›[/UPPERCASE]</label>
					</control>
				</focusedlayout>
				<content>
					<include>skinshortcuts-submenu</include>
				</content>
			</control>
		</control>
	</include>
	<include name="OptionsHideAnimation">
	</include>
	<!-- Window overlay image -->
	<include name="WindowBackgroundImage">
		<control type="image">
			<include>FullscreenDimensions</include>
			<texture colordiffuse="$VAR[BackgroundColor]">views/white_100.png</texture>
			<fadetime>400</fadetime>
		</control>
	</include>
	<!-- Halfscreen dimensions -->
	<include name="HalfscreenDimensions">
		<left>0</left>
		<top>0</top>
		<width>960</width>
		<height>1080</height>
	</include>
	<!-- Fullscreen dimensions -->
	<include name="FullscreenDimensions">
		<left>0</left>
		<top>0</top>
		<width>1920</width>
		<height>1080</height>
	</include>
	<!-- Fanart -->
	<include name="Fanart">
		<!-- global background -->
		<control type="group">
			<animation effect="fade" start="100" end="0" time="200" condition="String.IsEmpty(Control.GetLabel(7975))">Conditional</animation>
			<control type="image" id="7975">
				<include>FullscreenDimensions</include>
				<fadetime>400</fadetime>
				<texture background="true" colordiffuse="$VAR[DiffuseColor]">$VAR[Fanart]</texture>
			</control>
			<control type="image">
				<include>FullscreenDimensions</include>
				<fadetime>400</fadetime>
				<texture colordiffuse="$VAR[DiffuseColor]">views/white_20.png</texture>
			</control>
		</control>
	</include>
	<!-- Dialog background image -->
	<include name="DialogBackgroundImage">
		<control type="group">
			<include>WindowFadeAnimation</include>
			<control type="image">
				<include>FullscreenDimensions</include>
				<fadetime>400</fadetime>
				<texture colordiffuse="$VAR[BackgroundColor]">dialogs/OptionsBackground.png</texture>
			</control>
		</control>
	</include>
	<!-- Menu fade background image -->
	<include name="MenuFadeBackgroundImage">
		<control type="group">
			<include>WindowFadeAnimation</include>
			<control type="image">
				<include>FullscreenDimensions</include>
				<fadetime>400</fadetime>
				<texture background="true" colordiffuse="$VAR[DiffuseColor]">$VAR[ScriptArt]</texture>
			</control>
			<control type="image">
				<include>FullscreenDimensions</include>
				<fadetime>400</fadetime>
				<texture colordiffuse="$VAR[BackgroundColor]">views/overlay_20.png</texture>
				<include>Opacity</include>
			</control>
		</control>
	</include>
	<!-- Options background image -->
	<include name="OptionsBackgroundImage">
		<control type="image">
			<include>FullscreenDimensions</include>
			<fadetime>400</fadetime>
			<texture border="20">dialogs/OptionsBackground.png</texture>
		</control>
	</include>
	<!-- Clock -->
	<include name="Clock">
		<control type="grouplist">
			<right>50</right>
			<top>42</top>
			<width>400</width>
			<height>60</height>
			<align>right</align>
			<itemgap>0</itemgap>
			<orientation>horizontal</orientation>
			<include>HomeClockAnimation</include>
			<control type="label">
				<width>auto</width>
				<height>59</height>
				<font>Med60</font>
				<align>right</align>
				<textcolor>$VAR[SecondaryColor]</textcolor>
				<label>$INFO[System.Time(hh)]</label>
			</control>
			<control type="label">
				<width>auto</width>
				<height>67</height>
				<font>Thin48</font>
				<align>right</align>
				<textcolor>$VAR[TextColor]</textcolor>
				<label>$INFO[System.Time(mm)]</label>
			</control>
		</control>
	</include>
	<!-- Clock -->
	<include name="ClockEnd">
		<control type="label" id="13777">
			<textcolor></textcolor>
			<label>$INFO[System.Time(hh)]</label>
		</control>
		<control type="label" id="13778">
			<textcolor></textcolor>
			<label>$INFO[System.Time(mm)]</label>
		</control>
		<control type="grouplist">
			<right>50</right>
			<top>42</top>
			<width>400</width>
			<height>60</height>
			<align>right</align>
			<itemgap>0</itemgap>
			<orientation>horizontal</orientation>
			<include>HomeClockAnimation</include>
			<control type="label">
				<visible>![String.IsEqual(Window(home).Property(EndTime_Hours), Control.GetLabel(13777)) + String.IsEqual(Window(home).Property(EndTime_Minutes), Control.GetLabel(13778))] + Skin.HasSetting(ShowEndTime)</visible>
				<width>auto</width>
				<height>59</height>
				<font>Med60</font>
				<align>left</align>
				<textcolor>$VAR[DiffuseColor]</textcolor>
				<shadowcolor>$VAR[TextShadowColourRev]</shadowcolor>
				<label>$INFO[Window(home).Property(EndTime_Hours)]</label>
			</control>
			<control type="label">
				<visible>![String.IsEqual(Window(home).Property(EndTime_Hours), Control.GetLabel(13777)) + String.IsEqual(Window(home).Property(EndTime_Minutes), Control.GetLabel(13778))] + Skin.HasSetting(ShowEndTime)</visible>
				<width>auto</width>
				<height>67</height>
				<font>Thin48</font>
				<align>left</align>
				<textcolor>$VAR[DiffuseColor]</textcolor>
				<shadowcolor>$VAR[TextShadowColourRev]</shadowcolor>
				<label>$INFO[Window(home).Property(EndTime_Minutes),,  ]</label>
			</control>
			<control type="label">
				<visible>![String.IsEqual(Window(home).Property(EndTime_Hours), Control.GetLabel(13777)) + String.IsEqual(Window(home).Property(EndTime_Minutes), Control.GetLabel(13778))] + Skin.HasSetting(ShowEndTime)</visible>
				<width>auto</width>
				<height>58</height>
				<font>Symbols</font>
				<align>left</align>
				<textcolor>$VAR[DiffuseColor]</textcolor>
				<shadowcolor></shadowcolor>
				<label></label>
				<animation effect="rotate" center="auto" end="360" time="1000" delay="0" condition="Skin.HasSetting(AnimateEndTime)" loop="true">Conditional</animation>
			</control>
			<control type="label">
				<width>auto</width>
				<height>59</height>
				<font>Med60</font>
				<align>right</align>
				<textcolor>$VAR[SecondaryColor]</textcolor>
				<label>$INFO[System.Time(hh),  ]</label>
			</control>
			<control type="label">
				<width>auto</width>
				<height>67</height>
				<font>Thin48</font>
				<align>right</align>
				<textcolor>$VAR[TextColor]</textcolor>
				<label>$INFO[System.Time(mm)]</label>
			</control>
		</control>
	</include>
	<!--  Watched Indicator -->
	<include name="WatchedIndicator">
		<control type="image">
			<right>0</right>
			<width>50</width>
			<height>50</height>
			<texture>views/watched_indicator.png</texture>
			<visible>String.Contains(ListItem.Overlay,OverlayWatched.png)</visible>
		</control>
		<control type="image">
			<right>0</right>
			<width>50</width>
			<height>50</height>
			<texture colordiffuse="$VAR[BackgroundColor]">views/watched_indicator_back.png</texture>
			<visible>String.Contains(ListItem.Overlay,OverlayWatched.png)</visible>
		</control>
	</include>
	<!--  Disc Watched Indicator -->
	<include name="DiscWatchedIndicator">
		<control type="image">
			<right>0</right>
			<width>540</width>
			<height>540</height>
			<texture>views/discart_watched.png</texture>
			<visible>String.Contains(ListItem.Overlay,OverlayWatched.png)</visible>
		</control>
		<control type="image">
			<right>0</right>
			<width>540</width>
			<height>540</height>
			<texture colordiffuse="$VAR[BackgroundColor]">views/discart_watched_back.png</texture>
			<visible>String.Contains(ListItem.Overlay,OverlayWatched.png)</visible>
		</control>
	</include>
	<include name="MediaInfoDiffuse">
		<control type="image">
			<include>HalfscreenDimensions</include>
			<texture colordiffuse="$VAR[BackgroundColor]">views/white_50.png</texture>
		</control>
	</include>
	<include name="MediaInfoWidth860">
		<width>860</width>
	</include>
	<include name="MediaInfoWidth738">
		<width>738</width>
	</include>
	<include name="Flags">
		<!-- Studio Flag -->
		<control type="image">
			<visible>Skin.HasSetting(Text.Shadow.Enable)</visible>
			<left>1581</left>
			<top>951</top>
			<width>120</width>
			<height>80</height>
			<aspectratio>keep</aspectratio>
			<texture colordiffuse="$VAR[BackgroundColor]" fallback="flags/default_studio.png">$INFO[ListItem.Studio,flags/studios/,.png]</texture>
			<visible>!String.Contains(ListItem.Icon,Default) + !Container.Content(artists)</visible>
		</control>
		<!-- MPAA Rating Flag -->
		<control type="image">
			<visible>Skin.HasSetting(Text.Shadow.Enable)</visible>
			<left>1751</left>
			<top>951</top>
			<width>120</width>
			<height>80</height>
			<aspectratio>keep</aspectratio>
			<texture colordiffuse="$VAR[BackgroundColor]" fallback="flags/default_rating.png">$VAR[Info_Certificate]</texture>
			<visible>!String.Contains(ListItem.Icon,Default) + !Container.Content(artists)</visible>
		</control>
		<!-- Studio Flag -->
		<control type="image">
			<left>1580</left>
			<top>950</top>
			<width>120</width>
			<height>80</height>
			<aspectratio>keep</aspectratio>
			<texture colordiffuse="$VAR[TextColor]" fallback="flags/default_studio.png">$INFO[ListItem.Studio,flags/studios/,.png]</texture>
			<visible>!String.Contains(ListItem.Icon,Default) + !Container.Content(artists)</visible>
		</control>
		<!-- MPAA Rating Flag -->
		<control type="image">
			<left>1750</left>
			<top>950</top>
			<width>120</width>
			<height>80</height>
			<aspectratio>keep</aspectratio>
			<texture colordiffuse="$VAR[TextColor]" fallback="flags/default_rating.png">$VAR[Info_Certificate]</texture>
			<visible>!String.Contains(ListItem.Icon,Default) + !Container.Content(artists)</visible>
		</control>
	</include>
	<include name="Opacity">
		<!-- Opacity -->
		<animation effect="fade" start="0" end="80" condition="String.IsEmpty(Skin.String(Opacity))">Conditional</animation>
		<animation effect="fade" start="0" end="0" condition="String.Contains(Skin.String(Opacity),$NUMBER[0])">Conditional</animation>
		<animation effect="fade" start="0" end="1" condition="String.Contains(Skin.String(Opacity),$NUMBER[1])">Conditional</animation>
		<animation effect="fade" start="0" end="2" condition="String.Contains(Skin.String(Opacity),$NUMBER[2])">Conditional</animation>
		<animation effect="fade" start="0" end="3" condition="String.Contains(Skin.String(Opacity),$NUMBER[3])">Conditional</animation>
		<animation effect="fade" start="0" end="4" condition="String.Contains(Skin.String(Opacity),$NUMBER[4])">Conditional</animation>
		<animation effect="fade" start="0" end="5" condition="String.Contains(Skin.String(Opacity),$NUMBER[5])">Conditional</animation>
		<animation effect="fade" start="0" end="6" condition="String.Contains(Skin.String(Opacity),$NUMBER[6])">Conditional</animation>
		<animation effect="fade" start="0" end="7" condition="String.Contains(Skin.String(Opacity),$NUMBER[7])">Conditional</animation>
		<animation effect="fade" start="0" end="8" condition="String.Contains(Skin.String(Opacity),$NUMBER[8])">Conditional</animation>
		<animation effect="fade" start="0" end="9" condition="String.Contains(Skin.String(Opacity),$NUMBER[9])">Conditional</animation>
		<animation effect="fade" start="0" end="10" condition="String.Contains(Skin.String(Opacity),$NUMBER[10])">Conditional</animation>
		<animation effect="fade" start="0" end="11" condition="String.Contains(Skin.String(Opacity),$NUMBER[11])">Conditional</animation>
		<animation effect="fade" start="0" end="12" condition="String.Contains(Skin.String(Opacity),$NUMBER[12])">Conditional</animation>
		<animation effect="fade" start="0" end="13" condition="String.Contains(Skin.String(Opacity),$NUMBER[13])">Conditional</animation>
		<animation effect="fade" start="0" end="14" condition="String.Contains(Skin.String(Opacity),$NUMBER[14])">Conditional</animation>
		<animation effect="fade" start="0" end="15" condition="String.Contains(Skin.String(Opacity),$NUMBER[15])">Conditional</animation>
		<animation effect="fade" start="0" end="16" condition="String.Contains(Skin.String(Opacity),$NUMBER[16])">Conditional</animation>
		<animation effect="fade" start="0" end="17" condition="String.Contains(Skin.String(Opacity),$NUMBER[17])">Conditional</animation>
		<animation effect="fade" start="0" end="18" condition="String.Contains(Skin.String(Opacity),$NUMBER[18])">Conditional</animation>
		<animation effect="fade" start="0" end="19" condition="String.Contains(Skin.String(Opacity),$NUMBER[19])">Conditional</animation>
		<animation effect="fade" start="0" end="20" condition="String.Contains(Skin.String(Opacity),$NUMBER[20])">Conditional</animation>
		<animation effect="fade" start="0" end="21" condition="String.Contains(Skin.String(Opacity),$NUMBER[21])">Conditional</animation>
		<animation effect="fade" start="0" end="22" condition="String.Contains(Skin.String(Opacity),$NUMBER[22])">Conditional</animation>
		<animation effect="fade" start="0" end="23" condition="String.Contains(Skin.String(Opacity),$NUMBER[23])">Conditional</animation>
		<animation effect="fade" start="0" end="24" condition="String.Contains(Skin.String(Opacity),$NUMBER[24])">Conditional</animation>
		<animation effect="fade" start="0" end="25" condition="String.Contains(Skin.String(Opacity),$NUMBER[25])">Conditional</animation>
		<animation effect="fade" start="0" end="26" condition="String.Contains(Skin.String(Opacity),$NUMBER[26])">Conditional</animation>
		<animation effect="fade" start="0" end="27" condition="String.Contains(Skin.String(Opacity),$NUMBER[27])">Conditional</animation>
		<animation effect="fade" start="0" end="28" condition="String.Contains(Skin.String(Opacity),$NUMBER[28])">Conditional</animation>
		<animation effect="fade" start="0" end="29" condition="String.Contains(Skin.String(Opacity),$NUMBER[29])">Conditional</animation>
		<animation effect="fade" start="0" end="30" condition="String.Contains(Skin.String(Opacity),$NUMBER[30])">Conditional</animation>
		<animation effect="fade" start="0" end="31" condition="String.Contains(Skin.String(Opacity),$NUMBER[31])">Conditional</animation>
		<animation effect="fade" start="0" end="32" condition="String.Contains(Skin.String(Opacity),$NUMBER[32])">Conditional</animation>
		<animation effect="fade" start="0" end="33" condition="String.Contains(Skin.String(Opacity),$NUMBER[33])">Conditional</animation>
		<animation effect="fade" start="0" end="34" condition="String.Contains(Skin.String(Opacity),$NUMBER[34])">Conditional</animation>
		<animation effect="fade" start="0" end="35" condition="String.Contains(Skin.String(Opacity),$NUMBER[35])">Conditional</animation>
		<animation effect="fade" start="0" end="36" condition="String.Contains(Skin.String(Opacity),$NUMBER[36])">Conditional</animation>
		<animation effect="fade" start="0" end="37" condition="String.Contains(Skin.String(Opacity),$NUMBER[37])">Conditional</animation>
		<animation effect="fade" start="0" end="38" condition="String.Contains(Skin.String(Opacity),$NUMBER[38])">Conditional</animation>
		<animation effect="fade" start="0" end="39" condition="String.Contains(Skin.String(Opacity),$NUMBER[39])">Conditional</animation>
		<animation effect="fade" start="0" end="40" condition="String.Contains(Skin.String(Opacity),$NUMBER[40])">Conditional</animation>
		<animation effect="fade" start="0" end="41" condition="String.Contains(Skin.String(Opacity),$NUMBER[41])">Conditional</animation>
		<animation effect="fade" start="0" end="42" condition="String.Contains(Skin.String(Opacity),$NUMBER[42])">Conditional</animation>
		<animation effect="fade" start="0" end="43" condition="String.Contains(Skin.String(Opacity),$NUMBER[43])">Conditional</animation>
		<animation effect="fade" start="0" end="44" condition="String.Contains(Skin.String(Opacity),$NUMBER[44])">Conditional</animation>
		<animation effect="fade" start="0" end="45" condition="String.Contains(Skin.String(Opacity),$NUMBER[45])">Conditional</animation>
		<animation effect="fade" start="0" end="46" condition="String.Contains(Skin.String(Opacity),$NUMBER[46])">Conditional</animation>
		<animation effect="fade" start="0" end="47" condition="String.Contains(Skin.String(Opacity),$NUMBER[47])">Conditional</animation>
		<animation effect="fade" start="0" end="48" condition="String.Contains(Skin.String(Opacity),$NUMBER[48])">Conditional</animation>
		<animation effect="fade" start="0" end="49" condition="String.Contains(Skin.String(Opacity),$NUMBER[49])">Conditional</animation>
		<animation effect="fade" start="0" end="50" condition="String.Contains(Skin.String(Opacity),$NUMBER[50])">Conditional</animation>
		<animation effect="fade" start="0" end="51" condition="String.Contains(Skin.String(Opacity),$NUMBER[51])">Conditional</animation>
		<animation effect="fade" start="0" end="52" condition="String.Contains(Skin.String(Opacity),$NUMBER[52])">Conditional</animation>
		<animation effect="fade" start="0" end="53" condition="String.Contains(Skin.String(Opacity),$NUMBER[53])">Conditional</animation>
		<animation effect="fade" start="0" end="54" condition="String.Contains(Skin.String(Opacity),$NUMBER[54])">Conditional</animation>
		<animation effect="fade" start="0" end="55" condition="String.Contains(Skin.String(Opacity),$NUMBER[55])">Conditional</animation>
		<animation effect="fade" start="0" end="56" condition="String.Contains(Skin.String(Opacity),$NUMBER[56])">Conditional</animation>
		<animation effect="fade" start="0" end="57" condition="String.Contains(Skin.String(Opacity),$NUMBER[57])">Conditional</animation>
		<animation effect="fade" start="0" end="58" condition="String.Contains(Skin.String(Opacity),$NUMBER[58])">Conditional</animation>
		<animation effect="fade" start="0" end="59" condition="String.Contains(Skin.String(Opacity),$NUMBER[59])">Conditional</animation>
		<animation effect="fade" start="0" end="60" condition="String.Contains(Skin.String(Opacity),$NUMBER[60])">Conditional</animation>
		<animation effect="fade" start="0" end="61" condition="String.Contains(Skin.String(Opacity),$NUMBER[61])">Conditional</animation>
		<animation effect="fade" start="0" end="62" condition="String.Contains(Skin.String(Opacity),$NUMBER[62])">Conditional</animation>
		<animation effect="fade" start="0" end="63" condition="String.Contains(Skin.String(Opacity),$NUMBER[63])">Conditional</animation>
		<animation effect="fade" start="0" end="64" condition="String.Contains(Skin.String(Opacity),$NUMBER[64])">Conditional</animation>
		<animation effect="fade" start="0" end="65" condition="String.Contains(Skin.String(Opacity),$NUMBER[65])">Conditional</animation>
		<animation effect="fade" start="0" end="66" condition="String.Contains(Skin.String(Opacity),$NUMBER[66])">Conditional</animation>
		<animation effect="fade" start="0" end="67" condition="String.Contains(Skin.String(Opacity),$NUMBER[67])">Conditional</animation>
		<animation effect="fade" start="0" end="68" condition="String.Contains(Skin.String(Opacity),$NUMBER[68])">Conditional</animation>
		<animation effect="fade" start="0" end="69" condition="String.Contains(Skin.String(Opacity),$NUMBER[69])">Conditional</animation>
		<animation effect="fade" start="0" end="70" condition="String.Contains(Skin.String(Opacity),$NUMBER[70])">Conditional</animation>
		<animation effect="fade" start="0" end="71" condition="String.Contains(Skin.String(Opacity),$NUMBER[71])">Conditional</animation>
		<animation effect="fade" start="0" end="72" condition="String.Contains(Skin.String(Opacity),$NUMBER[72])">Conditional</animation>
		<animation effect="fade" start="0" end="73" condition="String.Contains(Skin.String(Opacity),$NUMBER[73])">Conditional</animation>
		<animation effect="fade" start="0" end="74" condition="String.Contains(Skin.String(Opacity),$NUMBER[74])">Conditional</animation>
		<animation effect="fade" start="0" end="75" condition="String.Contains(Skin.String(Opacity),$NUMBER[75])">Conditional</animation>
		<animation effect="fade" start="0" end="76" condition="String.Contains(Skin.String(Opacity),$NUMBER[76])">Conditional</animation>
		<animation effect="fade" start="0" end="77" condition="String.Contains(Skin.String(Opacity),$NUMBER[77])">Conditional</animation>
		<animation effect="fade" start="0" end="78" condition="String.Contains(Skin.String(Opacity),$NUMBER[78])">Conditional</animation>
		<animation effect="fade" start="0" end="79" condition="String.Contains(Skin.String(Opacity),$NUMBER[79])">Conditional</animation>
		<animation effect="fade" start="0" end="80" condition="String.Contains(Skin.String(Opacity),$NUMBER[80])">Conditional</animation>
		<animation effect="fade" start="0" end="81" condition="String.Contains(Skin.String(Opacity),$NUMBER[81])">Conditional</animation>
		<animation effect="fade" start="0" end="82" condition="String.Contains(Skin.String(Opacity),$NUMBER[82])">Conditional</animation>
		<animation effect="fade" start="0" end="83" condition="String.Contains(Skin.String(Opacity),$NUMBER[83])">Conditional</animation>
		<animation effect="fade" start="0" end="84" condition="String.Contains(Skin.String(Opacity),$NUMBER[84])">Conditional</animation>
		<animation effect="fade" start="0" end="85" condition="String.Contains(Skin.String(Opacity),$NUMBER[85])">Conditional</animation>
		<animation effect="fade" start="0" end="86" condition="String.Contains(Skin.String(Opacity),$NUMBER[86])">Conditional</animation>
		<animation effect="fade" start="0" end="87" condition="String.Contains(Skin.String(Opacity),$NUMBER[87])">Conditional</animation>
		<animation effect="fade" start="0" end="88" condition="String.Contains(Skin.String(Opacity),$NUMBER[88])">Conditional</animation>
		<animation effect="fade" start="0" end="89" condition="String.Contains(Skin.String(Opacity),$NUMBER[89])">Conditional</animation>
		<animation effect="fade" start="0" end="90" condition="String.Contains(Skin.String(Opacity),$NUMBER[90])">Conditional</animation>
		<animation effect="fade" start="0" end="91" condition="String.Contains(Skin.String(Opacity),$NUMBER[91])">Conditional</animation>
		<animation effect="fade" start="0" end="92" condition="String.Contains(Skin.String(Opacity),$NUMBER[92])">Conditional</animation>
		<animation effect="fade" start="0" end="93" condition="String.Contains(Skin.String(Opacity),$NUMBER[93])">Conditional</animation>
		<animation effect="fade" start="0" end="94" condition="String.Contains(Skin.String(Opacity),$NUMBER[94])">Conditional</animation>
		<animation effect="fade" start="0" end="95" condition="String.Contains(Skin.String(Opacity),$NUMBER[95])">Conditional</animation>
		<animation effect="fade" start="0" end="96" condition="String.Contains(Skin.String(Opacity),$NUMBER[96])">Conditional</animation>
		<animation effect="fade" start="0" end="97" condition="String.Contains(Skin.String(Opacity),$NUMBER[97])">Conditional</animation>
		<animation effect="fade" start="0" end="98" condition="String.Contains(Skin.String(Opacity),$NUMBER[98])">Conditional</animation>
		<animation effect="fade" start="0" end="99" condition="String.Contains(Skin.String(Opacity),$NUMBER[99])">Conditional</animation>
		<animation effect="fade" start="0" end="100" condition="String.Contains(Skin.String(Opacity),$NUMBER[100])">Conditional</animation>
	</include>
	<!-- Hidden control -->
	<include name="HiddenControl">
		<left>-10</left>
		<top>-10</top>
		<width>1</width>
		<height>1</height>
		<font></font>
		<texture></texture>
		<texturefocus></texturefocus>
		
		<alttexturenofocus></alttexturenofocus>
		<alttexturefocus></alttexturefocus>
		<textureradiofocus></textureradiofocus>
		<textureradionofocus></textureradionofocus>
	</include>
	<!-- Dialog Button -->
	<include name="DialogButton">
		<width>auto</width>
		<height>75</height>
		<font>Light36</font>
		<aligny>top</aligny>
		<textoffsetx>30</textoffsetx>
		<textoffsety>9</textoffsety>
		<textcolor>$VAR[TextColor]</textcolor>
		<focusedcolor>$VAR[TextColor]</focusedcolor>
		<invalidcolor>$VAR[DisabledColor]</invalidcolor>
		<disabledcolor>$VAR[DisabledColor]</disabledcolor>
		<texturefocus colordiffuse="$VAR[TextColor]">views/white_20.png</texturefocus>
		<texturenofocus colordiffuse="$VAR[DisabledColor]">views/white_10.png</texturenofocus>
	</include>
	<!-- Conq -->
	<!-- Time -->
	<include name="Time">
		<control type="button">
			<left>120</left>
			<top>110</top>
			<width>1680</width>
			<height>33</height>
			<aligny>top</aligny>
			<label>[COLOR TextColor1]$VAR[HeadingLabel][/COLOR]</label>
			<label2>$INFO[System.Time]</label2>
			<font>Font33</font>
			<textcolor>$VAR[UnFocusedColor]</textcolor>
			<animation type="WindowOpen" condition="Window.Previous(startup)">
				<effect type="fade" start="50" end="100" time="200" tween="cubic" easing="out"/>
			</animation>
		</control>
	</include>
	<!-- Shutdown buttons -->
	<include name="ShutdownButtons">
		<width>600</width>
		<height>45</height>
		<font>Font48</font>
		<textcolor>$VAR[TextColor]</textcolor>
		<focusedcolor>$VAR[TextColor]</focusedcolor>
	</include>
	<!-- Options buttons -->
	<include name="OptionButtons">
		<width>480</width>
		<height>54</height>
		<font>Font48</font>
		<textcolor>$VAR[TextColor]</textcolor>
		<focusedcolor>$VAR[TextColor]</focusedcolor>
	</include>
	<!-- Keyboard buttons -->
	<include name="KeyboardButtons">
		<width>84</width>
		<height>74</height>
		<font>Font48</font>
		<align>center</align>
		<textoffsetx>10</textoffsetx>
	</include>
	<!-- OSD Play buttons -->
	<include name="OSDPlayStopButtons">
		<control type="togglebutton" id="1">
			<width>60</width>
			<height>60</height>
			<texturefocus colordiffuse="$VAR[FocusedColor]">osd/OSDPauseFO.png</texturefocus>
			<texturenofocus colordiffuse="$VAR[UnFocusedColor]">osd/OSDPauseNF.png</texturenofocus>
			<usealttexture>Player.Paused | Player.Forwarding | Player.Rewinding</usealttexture>
			<alttexturefocus colordiffuse="$VAR[FocusedColor]">osd/OSDPlayFO.png</alttexturefocus>
			<alttexturenofocus colordiffuse="$VAR[UnFocusedColor]">osd/OSDPlayNF.png</alttexturenofocus>
			<onclick>PlayerControl(Play)</onclick>
		</control>
		<control type="button" id="2">
			<width>60</width>
			<height>60</height>
			<texturefocus colordiffuse="$VAR[FocusedColor]">osd/OSDStopFO.png</texturefocus>
			<texturenofocus colordiffuse="$VAR[UnFocusedColor]">osd/OSDStopNF.png</texturenofocus>
			<onclick>PlayerControl(Stop)</onclick>
		</control>
	</include>
	<!-- OSD Stop buttons -->
	<include name="OSDStopButton">
		<control type="button" id="1">
			<width>60</width>
			<height>60</height>
			<texturefocus colordiffuse="$VAR[FocusedColor]">osd/OSDStopFO.png</texturefocus>
			<texturenofocus colordiffuse="$VAR[UnFocusedColor]">osd/OSDStopNF.png</texturenofocus>
			<onclick>PlayerControl(Stop)</onclick>
		</control>
	</include>
	<!-- Item count -->
	<include name="ItemCount">
		<control type="grouplist">
			<right>120</right>
			<bottom>110</bottom>
			<width>800</width>
			<height>44</height>
			<itemgap>6</itemgap>
			<align>right</align>
			<orientation>horizontal</orientation>
			<usecontrolcoords>true</usecontrolcoords>
			<visible>Integer.IsGreater(Container.NumItems,0)</visible>
			<control type="label">
				<top>3</top>
				<width>auto</width>
				<height>44</height>
				<align>right</align>
				<label>$INFO[Container.NumItems]</label>
				<font>Font25</font>
				<textcolor>$VAR[UnFocusedColor]</textcolor>
			</control>
			<control type="label">
				<width>auto</width>
				<height>44</height>
				<align>right</align>
				<label>$VAR[ContentType]</label>
				<font>Font33</font>
				<textcolor>$VAR[UnFocusedColor]</textcolor>
			</control>
		</control>
	</include>
</includes>