<?xml version="1.0" encoding="UTF-8"?>
<window>
	<backgroundcolor>$VAR[BackgroundColor]</backgroundcolor>
	<controls>
		<!-- Fanart -->
		<control type="group">
			<visible>!String.IsEmpty(Window(Home).Property(TVGuide.BackgroundFanart))</visible>
			<animation effect="fade" time="400">VisibleChange</animation>
			<control type="image" id="7975">
				<include>FullscreenDimensions</include>
				<fadetime>400</fadetime>
				<texture background="true">$VAR[NextAiredFanart]</texture>
			</control>
			<control type="image">
				<include>FullscreenDimensions</include>
				<texture colordiffuse="$VAR[DiffuseColor]">views/overlay_50.png</texture>
			</control>
		</control>
		<control type="group">
			<include>WindowFadeAnimation</include>
			<include>OptionsHideAnimation</include>
			<control type="button" id="8">
				<top>5</top>
				<width>1920</width>
				<height>135</height>
				<label>284</label>
				<align>center</align>
				<font>Med60</font>
				<textcolor>$VAR[SecondaryColor]</textcolor>
				<onup>Close</onup>
				<ondown>Close</ondown>
				<onleft>Close</onleft>
				<onright>Close</onright>
				<onclick>Close</onclick>
				<visible allowhiddenfocus="true">Control.HasFocus(8)</visible>
			</control>
			<control type="grouplist" id="2000">
				<width>1920</width>
				<height>1080</height>
				<itemgap>0</itemgap>
				<orientation>horizontal</orientation>
				<scrolltime tween="sine" easing="inout">360</scrolltime>
				<control type="group">
					<width>480</width>
					<height>1080</height>
					<control type="label">
						<width>480</width>
						<height>135</height>
						<label>$VAR[NextAiredDate200]</label>
						<align>center</align>
						<font>Thin48</font>
						<textcolor>$VAR[TextColor]</textcolor>
						<visible>!Control.Hasfocus(200)</visible>
					</control>
					<control type="label">
						<top>5</top>
						<width>480</width>
						<height>135</height>
						<label>[UPPERCASE]$VAR[NextAiredDate200][/UPPERCASE]</label>
						<align>center</align>
						<font>Med60</font>
						<textcolor>$VAR[SecondaryColor]</textcolor>
						<visible>Control.Hasfocus(200)</visible>
					</control>
					<control type="panel" id="200">
						<top>135</top>
						<width>480</width>
						<height>945</height>
						<onup>200</onup>
						<ondown>200</ondown>
						<onleft>206</onleft>
						<onright>201</onright>
						<oninfo>ActivateWindow(1104)</oninfo>
						<scrolltime tween="sine" easing="inout">360</scrolltime>
						<itemlayout condition="String.IsEmpty(Window(home).Property(TVGuide.PreviewThumbs)" height="720" width="480">
							<control type="image">
								<width>480</width>
								<height>720</height>
								<aspectratio>scale</aspectratio>
								<texture background="true">$INFO[ListItem.Icon]</texture>
							</control>
							<control type="image">
								<width>480</width>
								<height>720</height>
								<texture colordiffuse="$VAR[DiffuseColor]">views/white_50.png</texture>
							</control>
						</itemlayout>
						<itemlayout condition="!String.IsEmpty(Window(home).Property(TVGuide.PreviewThumbs)" height="270" width="480">
							<control type="image">
								<width>480</width>
								<height>270</height>
								<aspectratio>keep</aspectratio>
								<texture background="true">$VAR[NextAiredThumb]</texture>
							</control>
							<control type="image">
								<left>25</left>
								<bottom>25</bottom>
								<width>258</width>
								<height>100</height>
								<aspectratio>keep</aspectratio>
								<texture background="true">$INFO[ListItem.Property(Art(clearlogo))]</texture>
								<visible>String.IsEmpty(ListItem.Property(Art(landscape)))</visible>
							</control>
							<control type="image">
								<width>480</width>
								<height>270</height>
								<texture colordiffuse="$VAR[DiffuseColor]">views/white_50.png</texture>
							</control>
						</itemlayout>
						<focusedlayout condition="String.IsEmpty(Window(home).Property(TVGuide.PreviewThumbs)" height="720" width="480">
							<control type="image">
								<width>480</width>
								<height>720</height>
								<aspectratio>scale</aspectratio>
								<texture background="true">$INFO[ListItem.Icon]</texture>
							</control>
							<control type="image">
								<width>480</width>
								<height>720</height>
								<texture colordiffuse="$VAR[DiffuseColor]">views/white_50.png</texture>
								<animation center="auto" condition="Control.HasFocus(200)" easing="inout" effect="fade" end="0" start="100" time="300" tween="sine">Focus</animation>
								<animation center="auto" condition="Control.HasFocus(200)" easing="inout" effect="fade" end="100" start="0" time="300" tween="sine">UnFocus</animation>
							</control>
							<control type="image">
								<width>480</width>
								<height>720</height>
								<texture colordiffuse="$VAR[TextColor]" border="11,43,43,11">$VAR[BorderImage]</texture>
								<animation center="auto" condition="Control.HasFocus(200)" easing="inout" effect="fade" end="100" start="0" time="300" tween="sine">Focus</animation>
								<animation center="auto" condition="Control.HasFocus(200)" easing="inout" effect="fade" end="0" start="100" time="300" tween="sine">UnFocus</animation>
							</control>
						</focusedlayout>
						<focusedlayout condition="!String.IsEmpty(Window(home).Property(TVGuide.PreviewThumbs)" height="270" width="480">
							<control type="image">
								<width>480</width>
								<height>270</height>
								<aspectratio>keep</aspectratio>
								<texture background="true">$VAR[NextAiredThumb]</texture>
							</control>
							<control type="image">
								<left>25</left>
								<bottom>25</bottom>
								<width>258</width>
								<height>100</height>
								<aspectratio>keep</aspectratio>
								<texture background="true">$INFO[ListItem.Property(Art(clearlogo))]</texture>
								<visible>String.IsEmpty(ListItem.Property(Art(landscape)))</visible>
							</control>
							<control type="image">
								<width>480</width>
								<height>270</height>
								<texture colordiffuse="$VAR[DiffuseColor]">views/white_50.png</texture>
								<animation center="auto" condition="Control.HasFocus(200)" easing="inout" effect="fade" end="0" start="100" time="300" tween="sine">Focus</animation>
								<animation center="auto" condition="Control.HasFocus(200)" easing="inout" effect="fade" end="100" start="0" time="300" tween="sine">UnFocus</animation>
							</control>
							<control type="image">
								<width>480</width>
								<height>270</height>
								<texture colordiffuse="$VAR[BorderColor]" border="11">views/border.png</texture>
								<animation center="auto" condition="Control.HasFocus(200)" easing="inout" effect="fade" end="100" start="0" time="300" tween="sine">Focus</animation>
								<animation center="auto" condition="Control.HasFocus(200)" easing="inout" effect="fade" end="0" start="100" time="300" tween="sine">UnFocus</animation>
								<visible>Control.HasFocus(200)</visible>
							</control>
						</focusedlayout>
					</control>
				</control>
				<control type="group">
					<width>480</width>
					<height>1080</height>
					<control type="label">
						<width>480</width>
						<height>135</height>
						<label>$VAR[NextAiredDate201]</label>
						<align>center</align>
						<font>Thin48</font>
						<textcolor>$VAR[TextColor]</textcolor>
						<visible>!Control.Hasfocus(201)</visible>
					</control>
					<control type="label">
						<top>5</top>
						<width>480</width>
						<height>135</height>
						<label>[UPPERCASE]$VAR[NextAiredDate201][/UPPERCASE]</label>
						<align>center</align>
						<font>Med60</font>
						<textcolor>$VAR[SecondaryColor]</textcolor>
						<visible>Control.Hasfocus(201)</visible>
					</control>
					<control type="panel" id="201">
						<top>135</top>
						<width>480</width>
						<height>945</height>
						<onup>201</onup>
						<ondown>201</ondown>
						<onleft>200</onleft>
						<onright>202</onright>
						<oninfo>ActivateWindow(1104)</oninfo>
						<scrolltime tween="sine" easing="inout">360</scrolltime>
						<itemlayout condition="String.IsEmpty(Window(home).Property(TVGuide.PreviewThumbs)" height="720" width="480">
							<control type="image">
								<width>480</width>
								<height>720</height>
								<aspectratio>scale</aspectratio>
								<texture background="true">$INFO[ListItem.Icon]</texture>
							</control>
							<control type="image">
								<width>480</width>
								<height>720</height>
								<texture colordiffuse="$VAR[DiffuseColor]">views/white_50.png</texture>
							</control>
						</itemlayout>
						<itemlayout condition="!String.IsEmpty(Window(home).Property(TVGuide.PreviewThumbs)" height="270" width="480">
							<control type="image">
								<width>480</width>
								<height>270</height>
								<aspectratio>keep</aspectratio>
								<texture background="true">$VAR[NextAiredThumb]</texture>
							</control>
							<control type="image">
								<left>25</left>
								<bottom>25</bottom>
								<width>258</width>
								<height>100</height>
								<aspectratio>keep</aspectratio>
								<texture background="true">$INFO[ListItem.Property(Art(clearlogo))]</texture>
								<visible>String.IsEmpty(ListItem.Property(Art(landscape)))</visible>
							</control>
							<control type="image">
								<width>480</width>
								<height>270</height>
								<texture colordiffuse="$VAR[DiffuseColor]">views/white_50.png</texture>
							</control>
						</itemlayout>
						<focusedlayout condition="String.IsEmpty(Window(home).Property(TVGuide.PreviewThumbs)" height="720" width="480">
							<control type="image">
								<width>480</width>
								<height>720</height>
								<aspectratio>scale</aspectratio>
								<texture background="true">$INFO[ListItem.Icon]</texture>
							</control>
							<control type="image">
								<width>480</width>
								<height>720</height>
								<texture colordiffuse="$VAR[DiffuseColor]">views/white_50.png</texture>
								<animation center="auto" condition="Control.HasFocus(201)" easing="inout" effect="fade" end="0" start="100" time="300" tween="sine">Focus</animation>
								<animation center="auto" condition="Control.HasFocus(201)" easing="inout" effect="fade" end="100" start="0" time="300" tween="sine">UnFocus</animation>
							</control>
							<control type="image">
								<width>480</width>
								<height>720</height>
								<texture colordiffuse="$VAR[TextColor]" border="11,43,43,11">$VAR[BorderImage]</texture>
								<animation center="auto" condition="Control.HasFocus(201)" easing="inout" effect="fade" end="100" start="0" time="300" tween="sine">Focus</animation>
								<animation center="auto" condition="Control.HasFocus(201)" easing="inout" effect="fade" end="0" start="100" time="300" tween="sine">UnFocus</animation>
							</control>
						</focusedlayout>
						<focusedlayout condition="!String.IsEmpty(Window(home).Property(TVGuide.PreviewThumbs)" height="270" width="480">
							<control type="image">
								<width>480</width>
								<height>270</height>
								<aspectratio>keep</aspectratio>
								<texture background="true">$VAR[NextAiredThumb]</texture>
							</control>
							<control type="image">
								<left>25</left>
								<bottom>25</bottom>
								<width>258</width>
								<height>100</height>
								<aspectratio>keep</aspectratio>
								<texture background="true">$INFO[ListItem.Property(Art(clearlogo))]</texture>
								<visible>String.IsEmpty(ListItem.Property(Art(landscape)))</visible>
							</control>
							<control type="image">
								<width>480</width>
								<height>270</height>
								<texture colordiffuse="$VAR[DiffuseColor]">views/white_50.png</texture>
								<animation center="auto" condition="Control.HasFocus(201)" easing="inout" effect="fade" end="0" start="100" time="300" tween="sine">Focus</animation>
								<animation center="auto" condition="Control.HasFocus(201)" easing="inout" effect="fade" end="100" start="0" time="300" tween="sine">UnFocus</animation>
							</control>
							<control type="image">
								<width>480</width>
								<height>270</height>
								<texture colordiffuse="$VAR[BorderColor]" border="11">views/border.png</texture>
								<animation center="auto" condition="Control.HasFocus(201)" easing="inout" effect="fade" end="100" start="0" time="300" tween="sine">Focus</animation>
								<animation center="auto" condition="Control.HasFocus(201)" easing="inout" effect="fade" end="0" start="100" time="300" tween="sine">UnFocus</animation>
								<visible>Control.HasFocus(201)</visible>
							</control>
						</focusedlayout>
					</control>
				</control>
				<control type="group">
					<width>480</width>
					<height>1080</height>
					<control type="label">
						<width>480</width>
						<height>135</height>
						<label>$VAR[NextAiredDate202]</label>
						<align>center</align>
						<font>Thin48</font>
						<textcolor>$VAR[TextColor]</textcolor>
						<visible>!Control.Hasfocus(202)</visible>
					</control>
					<control type="label">
						<top>5</top>
						<width>480</width>
						<height>135</height>
						<label>[UPPERCASE]$VAR[NextAiredDate202][/UPPERCASE]</label>
						<align>center</align>
						<font>Med60</font>
						<textcolor>$VAR[SecondaryColor]</textcolor>
						<visible>Control.Hasfocus(202)</visible>
					</control>
					<control type="panel" id="202">
						<top>135</top>
						<width>480</width>
						<height>945</height>
						<onup>202</onup>
						<ondown>202</ondown>
						<onleft>201</onleft>
						<onright>203</onright>
						<oninfo>ActivateWindow(1104)</oninfo>
						<scrolltime tween="sine" easing="inout">360</scrolltime>
						<itemlayout condition="String.IsEmpty(Window(home).Property(TVGuide.PreviewThumbs)" height="720" width="480">
							<control type="image">
								<width>480</width>
								<height>720</height>
								<aspectratio>scale</aspectratio>
								<texture background="true">$INFO[ListItem.Icon]</texture>
							</control>
							<control type="image">
								<width>480</width>
								<height>720</height>
								<texture colordiffuse="$VAR[DiffuseColor]">views/white_50.png</texture>
							</control>
						</itemlayout>
						<itemlayout condition="!String.IsEmpty(Window(home).Property(TVGuide.PreviewThumbs)" height="270" width="480">
							<control type="image">
								<width>480</width>
								<height>270</height>
								<aspectratio>keep</aspectratio>
								<texture background="true">$VAR[NextAiredThumb]</texture>
							</control>
							<control type="image">
								<left>25</left>
								<bottom>25</bottom>
								<width>258</width>
								<height>100</height>
								<aspectratio>keep</aspectratio>
								<texture background="true">$INFO[ListItem.Property(Art(clearlogo))]</texture>
								<visible>String.IsEmpty(ListItem.Property(Art(landscape)))</visible>
							</control>
							<control type="image">
								<width>480</width>
								<height>270</height>
								<texture colordiffuse="$VAR[DiffuseColor]">views/white_50.png</texture>
							</control>
						</itemlayout>
						<focusedlayout condition="String.IsEmpty(Window(home).Property(TVGuide.PreviewThumbs)" height="720" width="480">
							<control type="image">
								<width>480</width>
								<height>720</height>
								<aspectratio>scale</aspectratio>
								<texture background="true">$INFO[ListItem.Icon]</texture>
							</control>
							<control type="image">
								<width>480</width>
								<height>720</height>
								<texture colordiffuse="$VAR[DiffuseColor]">views/white_50.png</texture>
								<animation center="auto" condition="Control.HasFocus(202)" easing="inout" effect="fade" end="0" start="100" time="300" tween="sine">Focus</animation>
								<animation center="auto" condition="Control.HasFocus(202)" easing="inout" effect="fade" end="100" start="0" time="300" tween="sine">UnFocus</animation>
							</control>
							<control type="image">
								<width>480</width>
								<height>720</height>
								<texture colordiffuse="$VAR[TextColor]" border="11,43,43,11">$VAR[BorderImage]</texture>
								<animation center="auto" condition="Control.HasFocus(202)" easing="inout" effect="fade" end="100" start="0" time="300" tween="sine">Focus</animation>
								<animation center="auto" condition="Control.HasFocus(202)" easing="inout" effect="fade" end="0" start="100" time="300" tween="sine">UnFocus</animation>
							</control>
						</focusedlayout>
						<focusedlayout condition="!String.IsEmpty(Window(home).Property(TVGuide.PreviewThumbs)" height="270" width="480">
							<control type="image">
								<width>480</width>
								<height>270</height>
								<aspectratio>keep</aspectratio>
								<texture background="true">$VAR[NextAiredThumb]</texture>
							</control>
							<control type="image">
								<left>25</left>
								<bottom>25</bottom>
								<width>258</width>
								<height>100</height>
								<aspectratio>keep</aspectratio>
								<texture background="true">$INFO[ListItem.Property(Art(clearlogo))]</texture>
								<visible>String.IsEmpty(ListItem.Property(Art(landscape)))</visible>
							</control>
							<control type="image">
								<width>480</width>
								<height>270</height>
								<texture colordiffuse="$VAR[DiffuseColor]">views/white_50.png</texture>
								<animation center="auto" condition="Control.HasFocus(202)" easing="inout" effect="fade" end="0" start="100" time="300" tween="sine">Focus</animation>
								<animation center="auto" condition="Control.HasFocus(202)" easing="inout" effect="fade" end="100" start="0" time="300" tween="sine">UnFocus</animation>
							</control>
							<control type="image">
								<width>480</width>
								<height>270</height>
								<texture colordiffuse="$VAR[BorderColor]" border="11">views/border.png</texture>
								<animation center="auto" condition="Control.HasFocus(202)" easing="inout" effect="fade" end="100" start="0" time="300" tween="sine">Focus</animation>
								<animation center="auto" condition="Control.HasFocus(202)" easing="inout" effect="fade" end="0" start="100" time="300" tween="sine">UnFocus</animation>
								<visible>Control.HasFocus(202)</visible>
							</control>
						</focusedlayout>
					</control>
				</control>
				<control type="group">
					<width>480</width>
					<height>1080</height>
					<control type="label">
						<width>480</width>
						<height>135</height>
						<label>$VAR[NextAiredDate203]</label>
						<align>center</align>
						<font>Thin48</font>
						<textcolor>$VAR[TextColor]</textcolor>
						<visible>!Control.Hasfocus(203)</visible>
					</control>
					<control type="label">
						<top>5</top>
						<width>480</width>
						<height>135</height>
						<label>[UPPERCASE]$VAR[NextAiredDate203][/UPPERCASE]</label>
						<align>center</align>
						<font>Med60</font>
						<textcolor>$VAR[SecondaryColor]</textcolor>
						<visible>Control.Hasfocus(203)</visible>
					</control>
					<control type="panel" id="203">
						<top>135</top>
						<width>480</width>
						<height>945</height>
						<onup>203</onup>
						<ondown>203</ondown>
						<onleft>202</onleft>
						<onright>204</onright>
						<oninfo>ActivateWindow(1104)</oninfo>
						<scrolltime tween="sine" easing="inout">360</scrolltime>
						<itemlayout condition="String.IsEmpty(Window(home).Property(TVGuide.PreviewThumbs)" height="720" width="480">
							<control type="image">
								<width>480</width>
								<height>720</height>
								<aspectratio>scale</aspectratio>
								<texture background="true">$INFO[ListItem.Icon]</texture>
							</control>
							<control type="image">
								<width>480</width>
								<height>720</height>
								<texture colordiffuse="$VAR[DiffuseColor]">views/white_50.png</texture>
							</control>
						</itemlayout>
						<itemlayout condition="!String.IsEmpty(Window(home).Property(TVGuide.PreviewThumbs)" height="270" width="480">
							<control type="image">
								<width>480</width>
								<height>270</height>
								<aspectratio>keep</aspectratio>
								<texture background="true">$VAR[NextAiredThumb]</texture>
							</control>
							<control type="image">
								<left>25</left>
								<bottom>25</bottom>
								<width>258</width>
								<height>100</height>
								<aspectratio>keep</aspectratio>
								<texture background="true">$INFO[ListItem.Property(Art(clearlogo))]</texture>
								<visible>String.IsEmpty(ListItem.Property(Art(landscape)))</visible>
							</control>
							<control type="image">
								<width>480</width>
								<height>270</height>
								<texture colordiffuse="$VAR[DiffuseColor]">views/white_50.png</texture>
							</control>
						</itemlayout>
						<focusedlayout condition="String.IsEmpty(Window(home).Property(TVGuide.PreviewThumbs)" height="720" width="480">
							<control type="image">
								<width>480</width>
								<height>720</height>
								<aspectratio>scale</aspectratio>
								<texture background="true">$INFO[ListItem.Icon]</texture>
							</control>
							<control type="image">
								<width>480</width>
								<height>720</height>
								<texture colordiffuse="$VAR[DiffuseColor]">views/white_50.png</texture>
								<animation center="auto" condition="Control.HasFocus(203)" easing="inout" effect="fade" end="0" start="100" time="300" tween="sine">Focus</animation>
								<animation center="auto" condition="Control.HasFocus(203)" easing="inout" effect="fade" end="100" start="0" time="300" tween="sine">UnFocus</animation>
							</control>
							<control type="image">
								<width>480</width>
								<height>720</height>
								<texture colordiffuse="$VAR[TextColor]" border="11,43,43,11">$VAR[BorderImage]</texture>
								<animation center="auto" condition="Control.HasFocus(203)" easing="inout" effect="fade" end="100" start="0" time="300" tween="sine">Focus</animation>
								<animation center="auto" condition="Control.HasFocus(203)" easing="inout" effect="fade" end="0" start="100" time="300" tween="sine">UnFocus</animation>
							</control>
						</focusedlayout>
						<focusedlayout condition="!String.IsEmpty(Window(home).Property(TVGuide.PreviewThumbs)" height="270" width="480">
							<control type="image">
								<width>480</width>
								<height>270</height>
								<aspectratio>keep</aspectratio>
								<texture background="true">$VAR[NextAiredThumb]</texture>
							</control>
							<control type="image">
								<left>25</left>
								<bottom>25</bottom>
								<width>258</width>
								<height>100</height>
								<aspectratio>keep</aspectratio>
								<texture background="true">$INFO[ListItem.Property(Art(clearlogo))]</texture>
								<visible>String.IsEmpty(ListItem.Property(Art(landscape)))</visible>
							</control>
							<control type="image">
								<width>480</width>
								<height>270</height>
								<texture colordiffuse="$VAR[DiffuseColor]">views/white_50.png</texture>
								<animation center="auto" condition="Control.HasFocus(203)" easing="inout" effect="fade" end="0" start="100" time="300" tween="sine">Focus</animation>
								<animation center="auto" condition="Control.HasFocus(203)" easing="inout" effect="fade" end="100" start="0" time="300" tween="sine">UnFocus</animation>
							</control>
							<control type="image">
								<width>480</width>
								<height>270</height>
								<texture colordiffuse="$VAR[BorderColor]" border="11">views/border.png</texture>
								<animation center="auto" condition="Control.HasFocus(203)" easing="inout" effect="fade" end="100" start="0" time="300" tween="sine">Focus</animation>
								<animation center="auto" condition="Control.HasFocus(203)" easing="inout" effect="fade" end="0" start="100" time="300" tween="sine">UnFocus</animation>
								<visible>Control.HasFocus(203)</visible>
							</control>
						</focusedlayout>
					</control>
				</control>
				<control type="group">
					<width>480</width>
					<height>1080</height>
					<control type="label">
						<width>480</width>
						<height>135</height>
						<label>$VAR[NextAiredDate204]</label>
						<align>center</align>
						<font>Thin48</font>
						<textcolor>$VAR[TextColor]</textcolor>
						<visible>!Control.Hasfocus(204)</visible>
					</control>
					<control type="label">
						<top>5</top>
						<width>480</width>
						<height>135</height>
						<label>[UPPERCASE]$VAR[NextAiredDate204][/UPPERCASE]</label>
						<align>center</align>
						<font>Med60</font>
						<textcolor>$VAR[SecondaryColor]</textcolor>
						<visible>Control.Hasfocus(204)</visible>
					</control>
					<control type="panel" id="204">
						<top>135</top>
						<width>480</width>
						<height>945</height>
						<onup>204</onup>
						<ondown>204</ondown>
						<onleft>203</onleft>
						<onright>205</onright>
						<oninfo>ActivateWindow(1104)</oninfo>
						<scrolltime tween="sine" easing="inout">360</scrolltime>
						<itemlayout condition="String.IsEmpty(Window(home).Property(TVGuide.PreviewThumbs)" height="720" width="480">
							<control type="image">
								<width>480</width>
								<height>720</height>
								<aspectratio>scale</aspectratio>
								<texture background="true">$INFO[ListItem.Icon]</texture>
							</control>
							<control type="image">
								<width>480</width>
								<height>720</height>
								<texture colordiffuse="$VAR[DiffuseColor]">views/white_50.png</texture>
							</control>
						</itemlayout>
						<itemlayout condition="!String.IsEmpty(Window(home).Property(TVGuide.PreviewThumbs)" height="270" width="480">
							<control type="image">
								<width>480</width>
								<height>270</height>
								<aspectratio>keep</aspectratio>
								<texture background="true">$VAR[NextAiredThumb]</texture>
							</control>
							<control type="image">
								<left>25</left>
								<bottom>25</bottom>
								<width>258</width>
								<height>100</height>
								<aspectratio>keep</aspectratio>
								<texture background="true">$INFO[ListItem.Property(Art(clearlogo))]</texture>
								<visible>String.IsEmpty(ListItem.Property(Art(landscape)))</visible>
							</control>
							<control type="image">
								<width>480</width>
								<height>270</height>
								<texture colordiffuse="$VAR[DiffuseColor]">views/white_50.png</texture>
							</control>
						</itemlayout>
						<focusedlayout condition="String.IsEmpty(Window(home).Property(TVGuide.PreviewThumbs)" height="720" width="480">
							<control type="image">
								<width>480</width>
								<height>720</height>
								<aspectratio>scale</aspectratio>
								<texture background="true">$INFO[ListItem.Icon]</texture>
							</control>
							<control type="image">
								<width>480</width>
								<height>720</height>
								<texture colordiffuse="$VAR[DiffuseColor]">views/white_50.png</texture>
								<animation center="auto" condition="Control.HasFocus(204)" easing="inout" effect="fade" end="0" start="100" time="300" tween="sine">Focus</animation>
								<animation center="auto" condition="Control.HasFocus(204)" easing="inout" effect="fade" end="100" start="0" time="300" tween="sine">UnFocus</animation>
							</control>
							<control type="image">
								<width>480</width>
								<height>720</height>
								<texture colordiffuse="$VAR[TextColor]" border="11,43,43,11">$VAR[BorderImage]</texture>
								<animation center="auto" condition="Control.HasFocus(204)" easing="inout" effect="fade" end="100" start="0" time="300" tween="sine">Focus</animation>
								<animation center="auto" condition="Control.HasFocus(204)" easing="inout" effect="fade" end="0" start="100" time="300" tween="sine">UnFocus</animation>
							</control>
						</focusedlayout>
						<focusedlayout condition="!String.IsEmpty(Window(home).Property(TVGuide.PreviewThumbs)" height="270" width="480">
							<control type="image">
								<width>480</width>
								<height>270</height>
								<aspectratio>keep</aspectratio>
								<texture background="true">$VAR[NextAiredThumb]</texture>
							</control>
							<control type="image">
								<left>25</left>
								<bottom>25</bottom>
								<width>258</width>
								<height>100</height>
								<aspectratio>keep</aspectratio>
								<texture background="true">$INFO[ListItem.Property(Art(clearlogo))]</texture>
								<visible>String.IsEmpty(ListItem.Property(Art(landscape)))</visible>
							</control>
							<control type="image">
								<width>480</width>
								<height>270</height>
								<texture colordiffuse="$VAR[DiffuseColor]">views/white_50.png</texture>
								<animation center="auto" condition="Control.HasFocus(204)" easing="inout" effect="fade" end="0" start="100" time="300" tween="sine">Focus</animation>
								<animation center="auto" condition="Control.HasFocus(204)" easing="inout" effect="fade" end="100" start="0" time="300" tween="sine">UnFocus</animation>
							</control>
							<control type="image">
								<width>480</width>
								<height>270</height>
								<texture colordiffuse="$VAR[BorderColor]" border="11">views/border.png</texture>
								<animation center="auto" condition="Control.HasFocus(204)" easing="inout" effect="fade" end="100" start="0" time="300" tween="sine">Focus</animation>
								<animation center="auto" condition="Control.HasFocus(204)" easing="inout" effect="fade" end="0" start="100" time="300" tween="sine">UnFocus</animation>
								<visible>Control.HasFocus(204)</visible>
							</control>
						</focusedlayout>
					</control>
				</control>
				<control type="group">
					<width>480</width>
					<height>1080</height>
					<control type="label">
						<width>480</width>
						<height>135</height>
						<label>$VAR[NextAiredDate205]</label>
						<align>center</align>
						<font>Thin48</font>
						<textcolor>$VAR[TextColor]</textcolor>
						<visible>!Control.Hasfocus(205)</visible>
					</control>
					<control type="label">
						<top>5</top>
						<width>480</width>
						<height>135</height>
						<label>[UPPERCASE]$VAR[NextAiredDate205][/UPPERCASE]</label>
						<align>center</align>
						<font>Med60</font>
						<textcolor>$VAR[SecondaryColor]</textcolor>
						<visible>Control.Hasfocus(205)</visible>
					</control>
					<control type="panel" id="205">
						<top>135</top>
						<width>480</width>
						<height>945</height>
						<onup>205</onup>
						<ondown>205</ondown>
						<onleft>204</onleft>
						<onright>206</onright>
						<oninfo>ActivateWindow(1104)</oninfo>
						<scrolltime tween="sine" easing="inout">360</scrolltime>
						<itemlayout condition="String.IsEmpty(Window(home).Property(TVGuide.PreviewThumbs)" height="720" width="480">
							<control type="image">
								<width>480</width>
								<height>720</height>
								<aspectratio>scale</aspectratio>
								<texture background="true">$INFO[ListItem.Icon]</texture>
							</control>
							<control type="image">
								<width>480</width>
								<height>720</height>
								<texture colordiffuse="$VAR[DiffuseColor]">views/white_50.png</texture>
							</control>
						</itemlayout>
						<itemlayout condition="!String.IsEmpty(Window(home).Property(TVGuide.PreviewThumbs)" height="270" width="480">
							<control type="image">
								<width>480</width>
								<height>270</height>
								<aspectratio>keep</aspectratio>
								<texture background="true">$VAR[NextAiredThumb]</texture>
							</control>
							<control type="image">
								<left>25</left>
								<bottom>25</bottom>
								<width>258</width>
								<height>100</height>
								<aspectratio>keep</aspectratio>
								<texture background="true">$INFO[ListItem.Property(Art(clearlogo))]</texture>
								<visible>String.IsEmpty(ListItem.Property(Art(landscape)))</visible>
							</control>
							<control type="image">
								<width>480</width>
								<height>270</height>
								<texture colordiffuse="$VAR[DiffuseColor]">views/white_50.png</texture>
							</control>
						</itemlayout>
						<focusedlayout condition="String.IsEmpty(Window(home).Property(TVGuide.PreviewThumbs)" height="720" width="480">
							<control type="image">
								<width>480</width>
								<height>720</height>
								<aspectratio>scale</aspectratio>
								<texture background="true">$INFO[ListItem.Icon]</texture>
							</control>
							<control type="image">
								<width>480</width>
								<height>720</height>
								<texture colordiffuse="$VAR[DiffuseColor]">views/white_50.png</texture>
								<animation center="auto" condition="Control.HasFocus(205)" easing="inout" effect="fade" end="0" start="100" time="300" tween="sine">Focus</animation>
								<animation center="auto" condition="Control.HasFocus(205)" easing="inout" effect="fade" end="100" start="0" time="300" tween="sine">UnFocus</animation>
							</control>
							<control type="image">
								<width>480</width>
								<height>720</height>
								<texture colordiffuse="$VAR[TextColor]" border="11,43,43,11">$VAR[BorderImage]</texture>
								<animation center="auto" condition="Control.HasFocus(205)" easing="inout" effect="fade" end="100" start="0" time="300" tween="sine">Focus</animation>
								<animation center="auto" condition="Control.HasFocus(205)" easing="inout" effect="fade" end="0" start="100" time="300" tween="sine">UnFocus</animation>
							</control>
						</focusedlayout>
						<focusedlayout condition="!String.IsEmpty(Window(home).Property(TVGuide.PreviewThumbs)" height="270" width="480">
							<control type="image">
								<width>480</width>
								<height>270</height>
								<aspectratio>keep</aspectratio>
								<texture background="true">$VAR[NextAiredThumb]</texture>
							</control>
							<control type="image">
								<left>25</left>
								<bottom>25</bottom>
								<width>258</width>
								<height>100</height>
								<aspectratio>keep</aspectratio>
								<texture background="true">$INFO[ListItem.Property(Art(clearlogo))]</texture>
								<visible>String.IsEmpty(ListItem.Property(Art(landscape)))</visible>
							</control>
							<control type="image">
								<width>480</width>
								<height>270</height>
								<texture colordiffuse="$VAR[DiffuseColor]">views/white_50.png</texture>
								<animation center="auto" condition="Control.HasFocus(205)" easing="inout" effect="fade" end="0" start="100" time="300" tween="sine">Focus</animation>
								<animation center="auto" condition="Control.HasFocus(205)" easing="inout" effect="fade" end="100" start="0" time="300" tween="sine">UnFocus</animation>
							</control>
							<control type="image">
								<width>480</width>
								<height>270</height>
								<texture colordiffuse="$VAR[BorderColor]" border="11">views/border.png</texture>
								<animation center="auto" condition="Control.HasFocus(205)" easing="inout" effect="fade" end="100" start="0" time="300" tween="sine">Focus</animation>
								<animation center="auto" condition="Control.HasFocus(205)" easing="inout" effect="fade" end="0" start="100" time="300" tween="sine">UnFocus</animation>
								<visible>Control.HasFocus(205)</visible>
							</control>
						</focusedlayout>
					</control>
				</control>
				<control type="group">
					<width>480</width>
					<height>1080</height>
					<control type="label">
						<width>480</width>
						<height>135</height>
						<label>$VAR[NextAiredDate206]</label>
						<align>center</align>
						<font>Thin48</font>
						<textcolor>$VAR[TextColor]</textcolor>
						<visible>!Control.Hasfocus(206)</visible>
					</control>
					<control type="label">
						<top>5</top>
						<width>480</width>
						<height>135</height>
						<label>[UPPERCASE]$VAR[NextAiredDate206][/UPPERCASE]</label>
						<align>center</align>
						<font>Med60</font>
						<textcolor>$VAR[SecondaryColor]</textcolor>
						<visible>Control.Hasfocus(206)</visible>
					</control>
					<control type="panel" id="206">
						<top>135</top>
						<width>480</width>
						<height>945</height>
						<onup>206</onup>
						<ondown>206</ondown>
						<onleft>205</onleft>
						<onright>200</onright>
						<oninfo>ActivateWindow(1104)</oninfo>
						<scrolltime tween="sine" easing="inout">360</scrolltime>
						<itemlayout condition="String.IsEmpty(Window(home).Property(TVGuide.PreviewThumbs)" height="720" width="480">
							<control type="image">
								<width>480</width>
								<height>720</height>
								<aspectratio>scale</aspectratio>
								<texture background="true">$INFO[ListItem.Icon]</texture>
							</control>
							<control type="image">
								<width>480</width>
								<height>720</height>
								<texture colordiffuse="$VAR[DiffuseColor]">views/white_50.png</texture>
							</control>
						</itemlayout>
						<itemlayout condition="!String.IsEmpty(Window(home).Property(TVGuide.PreviewThumbs)" height="270" width="480">
							<control type="image">
								<width>480</width>
								<height>270</height>
								<aspectratio>keep</aspectratio>
								<texture background="true">$VAR[NextAiredThumb]</texture>
							</control>
							<control type="image">
								<left>25</left>
								<bottom>25</bottom>
								<width>258</width>
								<height>100</height>
								<aspectratio>keep</aspectratio>
								<texture background="true">$INFO[ListItem.Property(Art(clearlogo))]</texture>
								<visible>String.IsEmpty(ListItem.Property(Art(landscape)))</visible>
							</control>
							<control type="image">
								<width>480</width>
								<height>270</height>
								<texture colordiffuse="$VAR[DiffuseColor]">views/white_50.png</texture>
							</control>
						</itemlayout>
						<focusedlayout condition="String.IsEmpty(Window(home).Property(TVGuide.PreviewThumbs)" height="720" width="480">
							<control type="image">
								<width>480</width>
								<height>720</height>
								<aspectratio>scale</aspectratio>
								<texture background="true">$INFO[ListItem.Icon]</texture>
							</control>
							<control type="image">
								<width>480</width>
								<height>720</height>
								<texture colordiffuse="$VAR[DiffuseColor]">views/white_50.png</texture>
								<animation center="auto" condition="Control.HasFocus(206)" easing="inout" effect="fade" end="0" start="100" time="300" tween="sine">Focus</animation>
								<animation center="auto" condition="Control.HasFocus(206)" easing="inout" effect="fade" end="100" start="0" time="300" tween="sine">UnFocus</animation>
							</control>
							<control type="image">
								<width>480</width>
								<height>720</height>
								<texture colordiffuse="$VAR[TextColor]" border="11,43,43,11">$VAR[BorderImage]</texture>
								<animation center="auto" condition="Control.HasFocus(206)" easing="inout" effect="fade" end="100" start="0" time="300" tween="sine">Focus</animation>
								<animation center="auto" condition="Control.HasFocus(206)" easing="inout" effect="fade" end="0" start="100" time="300" tween="sine">UnFocus</animation>
							</control>
						</focusedlayout>
						<focusedlayout condition="!String.IsEmpty(Window(home).Property(TVGuide.PreviewThumbs)" height="270" width="480">
							<control type="image">
								<width>480</width>
								<height>270</height>
								<aspectratio>keep</aspectratio>
								<texture background="true">$VAR[NextAiredThumb]</texture>
							</control>
							<control type="image">
								<left>25</left>
								<bottom>25</bottom>
								<width>258</width>
								<height>100</height>
								<aspectratio>keep</aspectratio>
								<texture background="true">$INFO[ListItem.Property(Art(clearlogo))]</texture>
								<visible>String.IsEmpty(ListItem.Property(Art(landscape)))</visible>
							</control>
							<control type="image">
								<width>480</width>
								<height>270</height>
								<texture colordiffuse="$VAR[DiffuseColor]">views/white_50.png</texture>
								<animation center="auto" condition="Control.HasFocus(206)" easing="inout" effect="fade" end="0" start="100" time="300" tween="sine">Focus</animation>
								<animation center="auto" condition="Control.HasFocus(206)" easing="inout" effect="fade" end="100" start="0" time="300" tween="sine">UnFocus</animation>
							</control>
							<control type="image">
								<width>480</width>
								<height>270</height>
								<texture colordiffuse="$VAR[BorderColor]" border="11">views/border.png</texture>
								<animation center="auto" condition="Control.HasFocus(206)" easing="inout" effect="fade" end="100" start="0" time="300" tween="sine">Focus</animation>
								<animation center="auto" condition="Control.HasFocus(206)" easing="inout" effect="fade" end="0" start="100" time="300" tween="sine">UnFocus</animation>
								<visible>Control.HasFocus(206)</visible>
							</control>
						</focusedlayout>
					</control>
				</control>
			</control>
		</control>
		<!-- Media Info -->
		<control type="group">
			<include>VisibleFadeAnimation</include>
			<visible>Window.IsVisible(1104)</visible>
			<include>MenuFadeBackgroundImage</include>
			<control type="group">
				<left>50</left>
				<width>860</width>
				<animation effect="slide" end="960,0" condition="String.Contains(Container(2000).Position,0) | String.Contains(Container(2000).Position,1)">Conditional</animation>
				<!-- Heading -->
				<control type="grouplist">
					<top>50</top>
					<height>210</height>
					<align>right</align>
					<orientation>vertical</orientation>
					<visible>String.Contains(Control.GetLabel(99),empty) | [!String.Contains(Control.GetLabel(99),empty) + !Skin.HasSetting(LogosInfo) + !Skin.HasSetting(LogosBoth)]</visible>
					<control type="textbox">
						<height max="210">auto</height>
						<font>Med60</font>
						<label>[UPPERCASE]$VAR[NextAiredShow][/UPPERCASE]</label>
					</control>
				</control>
				<control type="image" id="99">
					<top>50</top>
					<width>640</width>
					<height>248</height>
					<aspectratio scalediffuse="false">keep</aspectratio>
					<texture>$VAR[NextAiredLogo]</texture>
					<visible>Skin.HasSetting(LogosInfo) | Skin.HasSetting(LogosBoth)</visible>
				</control>
				<!-- Details Line 1 -->
				<control type="label">
					<top>345</top>
					<height>36</height>
					<font>Med36</font>
					<label>$VAR[NextAiredTitle]</label>
				</control>
				<!-- Details Line 2 -->
				<control type="label">
					<top>388</top>
					<height>30</height>
					<font>Light33</font>
					<textcolor>$VAR[TextColor]</textcolor>
					<label>$VAR[NextAiredDetails]</label>
				</control>
				<!-- Plot -->
				<control type="textbox">
					<top>446</top>
					<height>291</height>
					<font>Light27</font>
					<label>$VAR[NextAiredPlot]</label>
					<textcolor>$VAR[TextColor]</textcolor>
					<autoscroll delay="10000" time="2000" repeat="12000">True</autoscroll>
				</control>
			</control>
		</control>
		<control type="group">
			<visible>Window.IsVisible(1104) + String.IsEmpty(Window(home).Property(TVGuide.PreviewThumbs)</visible>
			<animation effect="fade" start="100" end="100" delay="200">Hidden</animation>
			<left>0</left>
			<top>135</top>
			<animation effect="slide" end="480,0" condition="String.Contains(Container(2000).Position,1)">Conditional</animation>
			<animation effect="slide" end="960,0" condition="String.Contains(Container(2000).Position,2)">Conditional</animation>
			<animation effect="slide" end="1440,0" condition="String.Contains(Container(2000).Position,3)">Conditional</animation>
			<control type="image">
				<width>480</width>
				<height>720</height>
				<aspectratio>scale</aspectratio>
				<texture background="true">$VAR[NextAiredPoster]</texture>
			</control>
			<control type="image">
				<width>480</width>
				<height>720</height>
				<texture colordiffuse="$VAR[BorderColor]" border="11">views/border.png</texture>
			</control>
		</control>
		<control type="group">
			<visible>Window.IsVisible(1104) + !String.IsEmpty(Window(home).Property(TVGuide.PreviewThumbs)</visible>
			<animation effect="fade" start="100" end="100" delay="200">Hidden</animation>
			<left>0</left>
			<top>135</top>
			<animation effect="slide" end="480,0" condition="String.Contains(Container(2000).Position,1)">Conditional</animation>
			<animation effect="slide" end="960,0" condition="String.Contains(Container(2000).Position,2)">Conditional</animation>
			<animation effect="slide" end="1440,0" condition="String.Contains(Container(2000).Position,3)">Conditional</animation>
			<animation effect="slide" end="0,270" condition="Control.HasFocus(200) + String.Contains(Container(200).Position,1)">Conditional</animation>
			<animation effect="slide" end="0,540" condition="Control.HasFocus(200) + String.Contains(Container(200).Position,2)">Conditional</animation>
			<animation effect="slide" end="0,810" condition="Control.HasFocus(200) + String.Contains(Container(200).Position,3)">Conditional</animation>
			<animation effect="slide" end="0,270" condition="Control.HasFocus(201) + String.Contains(Container(201).Position,1)">Conditional</animation>
			<animation effect="slide" end="0,540" condition="Control.HasFocus(201) + String.Contains(Container(201).Position,2)">Conditional</animation>
			<animation effect="slide" end="0,810" condition="Control.HasFocus(201) + String.Contains(Container(201).Position,3)">Conditional</animation>
			<animation effect="slide" end="0,270" condition="Control.HasFocus(202) + String.Contains(Container(202).Position,1)">Conditional</animation>
			<animation effect="slide" end="0,540" condition="Control.HasFocus(202) + String.Contains(Container(202).Position,2)">Conditional</animation>
			<animation effect="slide" end="0,810" condition="Control.HasFocus(202) + String.Contains(Container(202).Position,3)">Conditional</animation>
			<animation effect="slide" end="0,270" condition="Control.HasFocus(203) + String.Contains(Container(203).Position,1)">Conditional</animation>
			<animation effect="slide" end="0,540" condition="Control.HasFocus(203) + String.Contains(Container(203).Position,2)">Conditional</animation>
			<animation effect="slide" end="0,810" condition="Control.HasFocus(203) + String.Contains(Container(203).Position,3)">Conditional</animation>
			<animation effect="slide" end="0,270" condition="Control.HasFocus(204) + String.Contains(Container(204).Position,1)">Conditional</animation>
			<animation effect="slide" end="0,540" condition="Control.HasFocus(204) + String.Contains(Container(204).Position,2)">Conditional</animation>
			<animation effect="slide" end="0,810" condition="Control.HasFocus(204) + String.Contains(Container(204).Position,3)">Conditional</animation>
			<animation effect="slide" end="0,270" condition="Control.HasFocus(205) + String.Contains(Container(205).Position,1)">Conditional</animation>
			<animation effect="slide" end="0,540" condition="Control.HasFocus(205) + String.Contains(Container(205).Position,2)">Conditional</animation>
			<animation effect="slide" end="0,810" condition="Control.HasFocus(205) + String.Contains(Container(205).Position,3)">Conditional</animation>
			<animation effect="slide" end="0,270" condition="Control.HasFocus(206) + String.Contains(Container(206).Position,1)">Conditional</animation>
			<animation effect="slide" end="0,540" condition="Control.HasFocus(206) + String.Contains(Container(206).Position,2)">Conditional</animation>
			<animation effect="slide" end="0,810" condition="Control.HasFocus(206) + String.Contains(Container(206).Position,3)">Conditional</animation>
			<control type="image">
				<width>480</width>
				<height>270</height>
				<texture background="true">$VAR[NextAiredFanart]</texture>
			</control>
			<control type="image">
				<left>25</left>
				<top>145</top>
				<width>258</width>
				<height>100</height>
				<aspectratio>keep</aspectratio>
				<texture background="true">$VAR[NextAiredLogo]</texture>
			</control>
			<control type="image">
				<width>480</width>
				<height>270</height>
				<texture background="true">$VAR[NextAiredLandscape]</texture>
			</control>
			<control type="image">
				<width>480</width>
				<height>270</height>
				<texture colordiffuse="$VAR[BorderColor]" border="11">views/border.png</texture>
			</control>
		</control>
	</controls>
</window>