<?xml version="1.0" encoding="UTF-8"?>
<includes>
	<include name="Viewtype_500_Billboard">
		<control type="group">
			<visible>Control.IsVisible(500)</visible>
			<!-- List -->
			<control type="list" id="500">
				<width>1920</width>
				<height>1080</height>
				<onleft>500</onleft>
				<onright>500</onright>
				<onup>3000</onup>
				<ondown>60</ondown>
				<pagecontrol>60</pagecontrol>
				<preloaditems>2</preloaditems>
				<orientation>horizontal</orientation>
				<viewtype label="31500">list</viewtype>
				<scrolltime tween="sine" easing="inout">480</scrolltime>
				<visible>Container.Content(movies) | Container.Content(tvshows) | Container.Content(seasons) | Container.Content(episodes) | Container.Content(artists)</visible>
				<visible>String.Contains(Container.FolderPath,videodb://) | String.Contains(Container.FolderPath,special://) | String.Contains(Container.FolderPath,addons://) | String.Contains(Container.FolderPath,musicdb://) | String.Contains(Container.FolderPath,androidapp://)</visible>
				<include>MediaInfoHideAnimation</include>
				<itemlayout height="1080" width="1920">
					<control type="image">
						<width>1920</width>
						<height>1080</height>
						<aspectratio scalediffuse="false">scale</aspectratio>
						<texture background="true">$VAR[LandscapeIcon]</texture>
					</control>
					<control type="image">
						<width>1920</width>
						<height>1080</height>
						<texture colordiffuse="$VAR[DiffuseColor]">views/overlay_70.png</texture>
					</control>
				</itemlayout>
				<focusedlayout height="1080" width="1920">
					<control type="image">
						<width>1920</width>
						<height>1080</height>
						<aspectratio scalediffuse="false">scale</aspectratio>
						<texture background="true">$VAR[LandscapeIcon]</texture>
					</control>
					<control type="image">
						<width>1920</width>
						<height>1080</height>
						<texture colordiffuse="$VAR[DiffuseColor]">views/white_20.png</texture>
					</control>
					<include>WatchedIndicator</include>
					<control type="group">
						<include>MediaInfoHideAnimation</include>
						<control type="label">
							<left>50</left>
							<bottom>42</bottom>
							<width>1474</width>
							<height>75</height>
							<font>Bold75</font>
							<label>$VAR[InfoTitle]</label>
							<visible>String.IsEmpty(ListItem.Art(clearlogo)) | [!String.IsEmpty(ListItem.Art(clearlogo)) + !Skin.HasSetting(LogosViews) + !Skin.HasSetting(LogosBoth)]</visible>
						</control>
						<control type="image">
							<left>50</left>
							<bottom>50</bottom>
							<width>640</width>
							<height>248</height>
							<aspectratio scalediffuse="false">keep</aspectratio>
							<texture background="true">$INFO[ListItem.Art(clearlogo)]</texture>
							<visible>Skin.HasSetting(LogosViews) | Skin.HasSetting(LogosBoth)</visible>
						</control>
						<include condition="Skin.HasSetting(EnableFlags)">Flags</include>
					</control>
					<control type="image">
						<visible>Window.IsVisible(contextmenu)</visible>
						<include>FullscreenDimensions</include>
						<texture colordiffuse="$VAR[DiffuseColor]">views/overlay_70.png</texture>
						<animation effect="fade" start="0" end="100" time="200" delay="0">Visible</animation>
					</control>
				</focusedlayout>
			</control>
		</control>
	</include>
</includes>