<?xml version="1.0" encoding="UTF-8"?>
<window>
	<!-- playlist -->
	<backgroundcolor>$VAR[BackgroundColor]</backgroundcolor>
	<defaultcontrol always="true">50</defaultcontrol>
	<menucontrol>3000</menucontrol>
	<views>50,500,501,510,511,520,521,522,523,530,531,532,533,534</views>
	<controls>
		<!-- Hidden controls -->
		<control type="radiobutton" id="20">
			<include>HiddenControl</include>
		</control>
		<control type="button" id="21">
			<include>HiddenControl</include>
		</control>
		<control type="button" id="22">
			<include>HiddenControl</include>
		</control>
		<control type="button" id="26">
			<include>HiddenControl</include>
		</control>
		<!-- Fanart -->
		<include>MenuFadeBackgroundImage</include>
		<control type="group">
			<include>OtherInfoHideAnimation</include>
			<include>Fanart</include>
		</control>
		<!-- Main group -->
		<control type="group" id="9104">
			<visible>!Control.HasFocus(9000) + !Control.HasFocus(9901) + !Control.HasFocus(608)</visible>
			<include>WindowFadeAnimation</include>
			<include>OptionsHideAnimation</include>
			<!-- Views -->
			<include>Viewtype_50_List</include>
			<include>Viewtype_500_Billboard</include>
			<include>Viewtype_501_BillboardInfo</include>
			<include>Viewtype_510_FilmstripPoster</include>
			<include>Viewtype_511_FilmstripSquare</include>
			<include>Viewtype_520_RowPoster</include>
			<include>Viewtype_521_RowSquare</include>
			<include>Viewtype_522_RowLandscape</include>
			<include>Viewtype_523_RowThumb</include>
			<include>Viewtype_530_WallPoster</include>
			<include>Viewtype_531_WallSquare</include>
			<include>Viewtype_532_WallLandscape</include>
			<include>Viewtype_533_WallThumb</include>
			<include>Viewtype_534_WallDiscart</include>
			<!-- Scrollbar -->
			<control type="scrollbar" id="60">
				<left>980</left>
				<top>144</top>
				<width>20</width>
				<height>896</height>
				<onleft>50</onleft>
				<onright>SetFocus(9000)</onright>
				<showonepage>false</showonepage>
				<orientation>vertical</orientation>
				<texturesliderbackground colordiffuse="$VAR[UnFocusedColor]">views/white_50.png</texturesliderbackground>
				<texturesliderbar colordiffuse="$VAR[BackgroundColor]">views/white_70.png</texturesliderbar>
				<texturesliderbarfocus colordiffuse="$VAR[BackgroundColor]">views/white_100.png</texturesliderbarfocus>
				<textureslidernib></textureslidernib>
				<textureslidernibfocus></textureslidernibfocus>
				<visible>Control.IsVisible(50)</visible>
				<include>ScrollBarAnimation</include>
			</control>
			<control type="scrollbar" id="60">
				<bottom>0</bottom>
				<width>1920</width>
				<height>20</height>
				<onup>50</onup>
				<ondown>SetFocus(9000)</ondown>
				<showonepage>false</showonepage>
				<orientation>horizontal</orientation>
				<texturesliderbackground colordiffuse="$VAR[UnFocusedColor]">views/white_50.png</texturesliderbackground>
				<texturesliderbar colordiffuse="$VAR[BackgroundColor]">views/white_70.png</texturesliderbar>
				<texturesliderbarfocus colordiffuse="$VAR[BackgroundColor]">views/white_100.png</texturesliderbarfocus>
				<textureslidernib></textureslidernib>
				<textureslidernibfocus></textureslidernibfocus>
				<visible>!Control.IsVisible(50)</visible>
				<include>ScrollBarAnimation</include>
			</control>
		</control>
		<!-- Options -->
		<control type="image">
			<include>VisibleFadeAnimation</include>
			<include>FullscreenDimensions</include>
			<texture colordiffuse="$VAR[SecondaryColor]">views/white_70.png</texture>
			<visible>Control.HasFocus(3000)</visible>
		</control>
		<control type="fixedlist" id="3000">
			<left>1030</left>
			<top>144</top>
			<width>860</width>
			<height>896</height>
			<onup>50</onup>
			<ondown>50</ondown>
			<onback>50</onback>
			<onleft condition="String.IsEmpty(Container(3000).ListItem.Property(ActionLeft))">50</onleft>
			<onright condition="String.IsEmpty(Container(3000).ListItem.Property(ActionRight))">50</onright>
			<onleft condition="!String.IsEmpty(Container(3000).ListItem.Property(ActionLeft))">$INFO[Container(3000).ListItem.Property(ActionLeft)]</onleft>
			<onleft condition="!String.IsEmpty(Container(3000).ListItem.Property(ActionLeft2))">$INFO[Container(3000).ListItem.Property(ActionLeft2)]</onleft>
			<onright condition="!String.IsEmpty(Container(3000).ListItem.Property(ActionRight))">$INFO[Container(3000).ListItem.Property(ActionRight)]</onright>
			<movement>6</movement>
			<focusposition>6</focusposition>
			<orientation>vertical</orientation>
			<viewtype label="535">list</viewtype>
			<defaultcontrol always="true">0</defaultcontrol>
			<scrolltime tween="sine" easing="inout">200</scrolltime>
			<visible allowhiddenfocus="true">Control.HasFocus(3000)</visible>
			<include>OptionsAnimation</include>
			<itemlayout height="59" width="860">
				<control type="label">
					<width>860</width>
					<height>59</height>
					<font>Thin48</font>
					<textcolor>$VAR[TextColor]</textcolor>
					<label>$INFO[ListItem.Label2]</label>
				</control>
			</itemlayout>
			<focusedlayout height="70" width="860">
				<control type="label">
					<width>860</width>
					<height>70</height>
					<font>Light60</font>
					<textcolor>$VAR[TextColor]</textcolor>
					<label>[UPPERCASE]$INFO[ListItem.Label][/UPPERCASE]</label>
				</control>
			</focusedlayout>
			<content>
				<!-- Viewmode -->
				<item>
					<onclick>SetFocus(50)</onclick>
					<label>‹ $LOCALIZE[535] ›</label>
					<label2>$LOCALIZE[31105] | $LOCALIZE[535]</label2>
					<property name="ActionLeft">Container.PreviousViewMode</property>
					<property name="ActionRight">Container.NextViewMode</property>
					<visible>Control.IsVisible(50)</visible>
				</item>
				<item>
					<onclick>SetFocus(500)</onclick>
					<label>‹ $LOCALIZE[31500] ›</label>
					<label2>$LOCALIZE[31105] | $LOCALIZE[31500]</label2>
					<property name="ActionLeft">Container.PreviousViewMode</property>
					<property name="ActionRight">Container.NextViewMode</property>
					<visible>Control.IsVisible(500)</visible>
				</item>
				<item>
					<onclick>SetFocus(501)</onclick>
					<label>‹ $LOCALIZE[31501] ›</label>
					<label2>$LOCALIZE[31105] | $LOCALIZE[31501]</label2>
					<property name="ActionLeft">Container.PreviousViewMode</property>
					<property name="ActionRight">Container.NextViewMode</property>
					<visible>Control.IsVisible(501)</visible>
				</item>
				<item>
					<onclick>SetFocus(510)</onclick>
					<label>‹ $LOCALIZE[31510] ›</label>
					<label2>$LOCALIZE[31105] | $LOCALIZE[31510]</label2>
					<property name="ActionLeft">Container.PreviousViewMode</property>
					<property name="ActionRight">Container.NextViewMode</property>
					<visible>Control.IsVisible(510)</visible>
				</item>
				<item>
					<onclick>SetFocus(511)</onclick>
					<label>‹ $LOCALIZE[31511] ›</label>
					<label2>$LOCALIZE[31105] | $LOCALIZE[31511]</label2>
					<property name="ActionLeft">Container.PreviousViewMode</property>
					<property name="ActionRight">Container.NextViewMode</property>
					<visible>Control.IsVisible(511)</visible>
				</item>
				<item>
					<onclick>SetFocus(520)</onclick>
					<label>‹ $LOCALIZE[31520] ›</label>
					<label2>$LOCALIZE[31105] | $LOCALIZE[31520]</label2>
					<property name="ActionLeft">Container.PreviousViewMode</property>
					<property name="ActionRight">Container.NextViewMode</property>
					<visible>Control.IsVisible(520)</visible>
				</item>
				<item>
					<onclick>SetFocus(521)</onclick>
					<label>‹ $LOCALIZE[31521] ›</label>
					<label2>$LOCALIZE[31105] | $LOCALIZE[31521]</label2>
					<property name="ActionLeft">Container.PreviousViewMode</property>
					<property name="ActionRight">Container.NextViewMode</property>
					<visible>Control.IsVisible(521)</visible>
				</item>
				<item>
					<onclick>SetFocus(522)</onclick>
					<label>‹ $LOCALIZE[31522] ›</label>
					<label2>$LOCALIZE[31105] | $LOCALIZE[31522]</label2>
					<property name="ActionLeft">Container.PreviousViewMode</property>
					<property name="ActionRight">Container.NextViewMode</property>
					<visible>Control.IsVisible(522)</visible>
				</item>
				<item>
					<onclick>SetFocus(523)</onclick>
					<label>‹ $LOCALIZE[31523] ›</label>
					<label2>$LOCALIZE[31105] | $LOCALIZE[31523]</label2>
					<property name="ActionLeft">Container.PreviousViewMode</property>
					<property name="ActionRight">Container.NextViewMode</property>
					<visible>Control.IsVisible(523)</visible>
				</item>
				<item>
					<onclick>SetFocus(530)</onclick>
					<label>‹ $LOCALIZE[31530] ›</label>
					<label2>$LOCALIZE[31105] | $LOCALIZE[31530]</label2>
					<property name="ActionLeft">Container.PreviousViewMode</property>
					<property name="ActionRight">Container.NextViewMode</property>
					<visible>Control.IsVisible(530)</visible>
				</item>
				<item>
					<onclick>SetFocus(531)</onclick>
					<label>‹ $LOCALIZE[31531] ›</label>
					<label2>$LOCALIZE[31105] | $LOCALIZE[31531]</label2>
					<property name="ActionLeft">Container.PreviousViewMode</property>
					<property name="ActionRight">Container.NextViewMode</property>
					<visible>Control.IsVisible(531)</visible>
				</item>
				<item>
					<onclick>SetFocus(532)</onclick>
					<label>‹ $LOCALIZE[31532] ›</label>
					<label2>$LOCALIZE[31105] | $LOCALIZE[31532]</label2>
					<property name="ActionLeft">Container.PreviousViewMode</property>
					<property name="ActionRight">Container.NextViewMode</property>
					<visible>Control.IsVisible(532)</visible>
				</item>
				<item>
					<onclick>SetFocus(533)</onclick>
					<label>‹ $LOCALIZE[31533] ›</label>
					<label2>$LOCALIZE[31105] | $LOCALIZE[31533]</label2>
					<property name="ActionLeft">Container.PreviousViewMode</property>
					<property name="ActionRight">Container.NextViewMode</property>
					<visible>Control.IsVisible(533)</visible>
				</item>
				<item>
					<onclick>SetFocus(534)</onclick>
					<label>‹ $LOCALIZE[31534] ›</label>
					<label2>$LOCALIZE[31105] | $LOCALIZE[31534]</label2>
					<property name="ActionLeft">Container.PreviousViewMode</property>
					<property name="ActionRight">Container.NextViewMode</property>
					<visible>Control.IsVisible(534)</visible>
				</item>
				<!-- Shuffle playlist -->
				<item>
					<onclick>SetFocus(50)</onclick>
					<label>‹ $LOCALIZE[16039] ›</label>
					<label2>$LOCALIZE[191] | $LOCALIZE[16039]</label2>
					<property name="ActionLeft">SendClick(20)</property>
					<property name="ActionRight">SendClick(20)</property>
					<visible>Control.IsEnabled(20) + !String.Contains(Control.GetLabel(20),*)</visible>
				</item>
				<item>
					<onclick>SetFocus(50)</onclick>
					<label>‹ $LOCALIZE[16041] ›</label>
					<label2>$LOCALIZE[191] | $LOCALIZE[16041]</label2>
					<property name="ActionLeft">SendClick(20)</property>
					<property name="ActionRight">SendClick(20)</property>
					<visible>Control.IsEnabled(20) + String.Contains(Control.GetLabel(20),*)</visible>
				</item>
				<!-- Repeat playlist -->
				<item>
					<onclick>SetFocus(50)</onclick>
					<label>‹ $LOCALIZE[591] ›</label>
					<label2>$LOCALIZE[486] | $LOCALIZE[591]</label2>
					<property name="ActionLeft">SendClick(26)</property>
					<property name="ActionLeft2">SendClick(26)</property>
					<property name="ActionRight">SendClick(26)</property>
					<visible>Control.IsEnabled(26) + String.Contains(Control.GetLabel(26),$LOCALIZE[591])</visible>
				</item>
				<item>
					<onclick>SetFocus(50)</onclick>
					<label>‹ $LOCALIZE[592] ›</label>
					<label2>$LOCALIZE[486] | $LOCALIZE[592]</label2>
					<property name="ActionLeft">SendClick(26)</property>
					<property name="ActionLeft2">SendClick(26)</property>
					<property name="ActionRight">SendClick(26)</property>
					<visible>Control.IsEnabled(26) + String.Contains(Control.GetLabel(26),$LOCALIZE[592])</visible>
				</item>
				<item>
					<onclick>SetFocus(50)</onclick>
					<label>‹ $LOCALIZE[593] ›</label>
					<label2>$LOCALIZE[486] | $LOCALIZE[593]</label2>
					<property name="ActionLeft">SendClick(26)</property>
					<property name="ActionLeft2">SendClick(26)</property>
					<property name="ActionRight">SendClick(26)</property>
					<visible>Control.IsEnabled(26) + String.Contains(Control.GetLabel(26),$LOCALIZE[593])</visible>
				</item>
				<!-- Save playlist -->
				<item>
					<onclick>SendClick(21)</onclick>
					<label>$LOCALIZE[190]</label>
					<label2>$LOCALIZE[190]</label2>
					<visible>Control.IsEnabled(21)</visible>
				</item>
				<!-- Clear playlist -->
				<item>
					<onclick>SendClick(22)</onclick>
					<onclick>SetFocus(50)</onclick>
					<onclick>ReplaceWindow(Videos)</onclick>
					<label>$LOCALIZE[192]</label>
					<label2>$LOCALIZE[192]</label2>
					<visible>Control.IsEnabled(22)</visible>
				</item>
			</content>
		</control>
		<include>GlobalMenu</include>
	</controls>
</window>