<?xml version="1.0" encoding="UTF-8"?>
<window>
	<!-- startup -->
	<defaultcontrol always="true">10</defaultcontrol>
	<onload>Skin.SetBool(SkinHelper.EnableExtraFanart)</onload>
	<onload>Skin.SetString(SkinHelper.RandomFanartDelay,6)</onload>
	<onload>Skin.SetBool(SkinHelper.EnableMusicArt)</onload>
	<onload>SetProperty(copacetix_loaded,True,home)</onload>
	<onload>SetProperty(FIVE_daemon_set,delaunay,home)</onload>
	<onload>Skin.Reset(HideSettings)</onload>
	<onload>ReplaceWindow($INFO[System.StartupWindow])</onload>
	<controls>
		<control type="button" id="10">
			<description>trigger</description>
			<onfocus>ReplaceWindow($INFO[System.StartupWindow])</onfocus>
			<onfocus>Skin.SetString(colorbox_npoints,50)</onfocus>
			<onfocus condition="System.HasAddon(script.colorbox)">RunScript(script.colorbox,daemon=True)</onfocus>
			<onfocus condition="System.HasAddon(script.colorbox)">AlarmClock(nms1,ActivateWindow(1105),00:05,true)</onfocus>
			
			<texturefocus></texturefocus>
			<visible>!Skin.HasSetting(Use_Startup_Playlist)</visible>
		</control>
		<control type="button" id="10">
			<description>trigger with startup Playlist</description>
			<onfocus>XBMC.PlayMedia($INFO[Skin.String(Startup_Playlist_Path)])</onfocus>
			<onfocus>ReplaceWindow($INFO[System.StartupWindow])</onfocus>
			<onfocus>Skin.SetString(colorbox_npoints,50)</onfocus>
			<onfocus condition="System.HasAddon(script.colorbox)">RunScript(script.colorbox,daemon=True)</onfocus>
			<onfocus condition="System.HasAddon(script.colorbox)">AlarmClock(nms1,ActivateWindow(1105),00:05,true)</onfocus>
			
			<texturefocus></texturefocus>
			<visible>Skin.HasSetting(Use_Startup_Playlist)</visible>
		</control>
		<include>CommonBackground</include>
	</controls>
</window>