<?xml version="1.0" encoding="UTF-8"?>
<window>
    <defaultcontrol>10</defaultcontrol>
    <coordinates>
        <system>1</system>
        <posx>0</posx>
        <posy>0</posy>
    </coordinates>
    <controls>
        <!--background-->
        <include>globalBackground</include>
        <control type="group" id="9001">
            <posx>col-7-begin</posx>
            <posy>row-7-begin</posy>
            <!--animations-->
            <include>modalDialogInOutVertical</include>
            <control type="image">
                <posx>0</posx>
                <posy>0</posy>
                <width>12-col</width>
                <height>2-row</height>
                <texture>colors/white.png</texture>
                <colordiffuse>highlight</colordiffuse>
                <aspectratio>stretch</aspectratio>
            </control>
            <control type="label">
                <posx>24</posx>
                <posy>0</posy>
                <width>12-col</width>
                <height>2-row</height>
                <aligny>center</aligny>
                <font>dialogTitle</font>
                <textcolor>textActive</textcolor>
                <label>$LOCALIZE[1026]</label>
            </control>

            <!--dialog controls 1-->
            <control type="group">
                <posx>0</posx>
                <posy>96</posy>
                <control type="image">
                    <posx>0</posx>
                    <posy>-12</posy>
                    <width>12-col</width>
                    <height>96</height>
                    <texture>colors/black.png</texture>
                    <colordiffuse>overlay</colordiffuse>
                    <aspectratio>stretch</aspectratio>
                </control>
                <control type="panel" id="8000">
                    <posx>780</posx>
                    <posy>0</posy>
                    <width>1-col</width>
                    <height>6-row</height>
                    <orientation>vertical</orientation>
                    <onleft>10</onleft>
                    <ondown>12</ondown>
                    <itemlayout width="1-col" height="2-row">
                        <control type="image">
                            <posx>0</posx>
                            <posy>0</posy>
                            <width>1-col-textbox</width>
                            <height>2-row</height>
                            <aspectratio>stretch</aspectratio>
                            <texture>colors/black.png</texture>
                            <colordiffuse>textboxInactive</colordiffuse>
                        </control>
                        <control type="label">
                            <posx>0</posx>
                            <posy>0</posy>
                            <width>1-col</width>
                            <height>2-row</height>
                            <align>center</align>
                            <aligny>center</aligny>
                            <font>symbolLarge</font>
                            <textcolor>textActive</textcolor>
                            <label>$INFO[ListItem.label2]</label>
                        </control>
                    </itemlayout>
                    <focusedlayout width="1-col" height="2-row">
                        <control type="image">
                            <posx>0</posx>
                            <posy>0</posy>
                            <width>1-col</width>
                            <height>2-row</height>
                            <aspectratio>stretch</aspectratio>
                            <texture>colors/white.png</texture>
                            <colordiffuse>highlight</colordiffuse>
                            <include>spinFocusIcon</include>
                        </control>
                        <control type="label">
                            <posx>0</posx>
                            <posy>0</posy>
                            <width>1-col</width>
                            <height>2-row</height>
                            <align>center</align>
                            <aligny>center</aligny>
                            <font>symbolLarge</font>
                            <textcolor>textActive</textcolor>
                            <label>$INFO[ListItem.label2]</label>
                            <shadowcolor>-</shadowcolor>
                        </control>
                    </focusedlayout>
                    <content>
                        <item>
                            <description>Browse</description>
                            <label>1024</label>
                            <label2></label2>
                            <thumb>-</thumb>
                            <onclick>SendClick(129,11)</onclick>
                        </item>
                    </content>
                </control>
            </control>

            <control type="group">
                <posx>0</posx>
                <posy>96</posy>
                <!--path list-->
                <control type="panel" id="10">
                    <posx>12</posx>
                    <posy>0</posy>
                    <width>11-col-gutter</width>
                    <height>6-row</height>
                    <onright>8000</onright>
                    <ondown>12</ondown>
                    <pagecontrol>-</pagecontrol>
                    <scrolltime>200</scrolltime>
                    <itemlayout width="11-col-gutter" height="2-row">
                        <control type="image">
                            <posx>0</posx>
                            <posy>0</posy>
                            <width>11-col-gutter</width>
                            <height>2-row</height>
                            <aspectratio>stretch</aspectratio>
                            <texture>colors/black.png</texture>
                            <bordersize>0</bordersize>
                            <colordiffuse>textboxInactive</colordiffuse>
                        </control>
                        <control type="label">
                            <posx>12</posx>
                            <posy>0</posy>
                            <width>11-col-gutter</width>
                            <height>2-row</height>
                            <aligny>center</aligny>
                            <font>mediumStrong</font>
                            <textcolor>textActive</textcolor>
                            <selectedcolor>selected</selectedcolor>
                            <label>$LOCALIZE[31208]: $INFO[listitem.label]</label>
                            <shadowcolor>-</shadowcolor>
                        </control>
                    </itemlayout>
                    <focusedlayout width="11-col-gutter" height="2-row">
                        <control type="image">
                            <posx>0</posx>
                            <posy>0</posy>
                            <width>11-col-gutter</width>
                            <height>2-row</height>
                            <aspectratio>stretch</aspectratio>
                            <texture>colors/white.png</texture>
                            <bordersize>0</bordersize>
                            <colordiffuse>ffFFFFFF</colordiffuse>
                        </control>
                        <control type="label">
                            <posx>12</posx>
                            <posy>0</posy>
                            <width>11-col-gutter</width>
                            <height>2-row</height>
                            <aligny>center</aligny>
                            <font>mediumStrong</font>
                            <textcolor>black</textcolor>
                            <selectedcolor>black</selectedcolor>
                            <label>$LOCALIZE[31208]: $INFO[listitem.label]</label>
                            <shadowcolor>-</shadowcolor>
                        </control>
                    </focusedlayout>
                </control>

                <!--name field-->
                <control type="image">
                    <posx>0</posx>
                    <posy>96</posy>
                    <width>12-col</width>
                    <height>96</height>
                    <texture>colors/black.png</texture>
                    <colordiffuse>overlay</colordiffuse>
                    <aspectratio>stretch</aspectratio>
                </control>
                <control type="edit" id="12">
                    <description>Name Button</description>
                    <posx>12</posx>
                    <posy>3-row</posy>
                    <width>12-col-gutter</width>
                    <hinttext>$LOCALIZE[31209]</hinttext>
                    <textoffsetx>166</textoffsetx>
                    <align>left</align>
                    <label>-</label>
                    <onup>10</onup>
                    <ondown>8001</ondown>
                </control>
                <control type="label">
                    <posx>24</posx>
                    <posy>3-row</posy>
                    <width>3-col</width>
                    <height>2-row</height>
                    <aligny>center</aligny>
                    <font>mediumStrong</font>
                    <textcolor>textActive</textcolor>
                    <label>$LOCALIZE[31210]:</label>
                    <shadowcolor>-</shadowcolor>
                </control>
            </control>

            <!--OK / Cancel-->
            <control type="group">
                <posx>0</posx>
                <posy>312</posy>
                <control type="panel" id="8001">
                    <posx>4-col</posx>
                    <posy>0</posy>
                    <width>8-col</width>
                    <height>2-row</height>
                    <itemgap>3</itemgap>
                    <orientation>horizontal</orientation>
                    <onup>12</onup>
                    <itemlayout width="4-col" height="2-row">
                        <control type="image">
                            <posx>0</posx>
                            <posy>0</posy>
                            <width>1-col-textbox</width>
                            <height>2-row</height>
                            <aspectratio>stretch</aspectratio>
                            <texture>colors/black.png</texture>
                            <colordiffuse>overlay</colordiffuse>
                        </control>
                        <control type="image">
                            <posx>1-col</posx>
                            <posy>0</posy>
                            <width>3-col-textbox</width>
                            <height>2-row</height>
                            <aspectratio>stretch</aspectratio>
                            <texture>colors/black.png</texture>
                            <colordiffuse>overlay</colordiffuse>
                        </control>
                        <control type="label">
                            <posx>0</posx>
                            <posy>0</posy>
                            <width>1-col</width>
                            <height>2-row</height>
                            <align>center</align>
                            <aligny>center</aligny>
                            <font>symbol</font>
                            <textcolor>textActive</textcolor>
                            <label>$INFO[ListItem.label2]</label>
                        </control>
                        <control type="label">
                            <posx>1-col-indent</posx>
                            <posy>-1</posy>
                            <width>3-col-gutter</width>
                            <height>2-row</height>
                            <aligny>center</aligny>
                            <font>buttonTitle</font>
                            <textcolor>textActive</textcolor>
                            <label>$INFO[ListItem.label]</label>
                        </control>
                    </itemlayout>
                    <focusedlayout width="4-col" height="2-row">
                        <control type="image">
                            <posx>0</posx>
                            <posy>0</posy>
                            <width>1-col</width>
                            <height>2-row</height>
                            <aspectratio>stretch</aspectratio>
                            <texture>colors/white.png</texture>
                            <colordiffuse>highlight</colordiffuse>
                            <include>spinFocusIcon</include>
                        </control>
                        <control type="image">
                            <posx>1-col</posx>
                            <posy>0</posy>
                            <width>3-col</width>
                            <height>2-row</height>
                            <aspectratio>stretch</aspectratio>
                            <texture>colors/white.png</texture>
                        </control>
                        <control type="label">
                            <posx>0</posx>
                            <posy>0</posy>
                            <width>1-col</width>
                            <height>2-row</height>
                            <align>center</align>
                            <aligny>center</aligny>
                            <font>symbol</font>
                            <textcolor>textActive</textcolor>
                            <label>$INFO[ListItem.label2]</label>
                            <shadowcolor>-</shadowcolor>
                        </control>
                        <control type="label">
                            <posx>1-col-indent</posx>
                            <posy>-1</posy>
                            <width>3-col-gutter</width>
                            <height>2-row</height>
                            <aligny>center</aligny>
                            <font>buttonTitle</font>
                            <textcolor>black</textcolor>
                            <label>$INFO[ListItem.label]</label>
                            <shadowcolor>-</shadowcolor>
                        </control>
                    </focusedlayout>
                    <content>
                        <item>
                            <description>Ok Button</description>
                            <label>186</label>
                            <label2></label2>
                            <thumb>-</thumb>
                            <onclick>SendClick(129,18)</onclick>
                        </item>
                        <item>
                            <description>Cancel Button</description>
                            <label>222</label>
                            <label2></label2>
                            <thumb>-</thumb>
                            <onclick>SendClick(129,19)</onclick>
                        </item>
                    </content>
                </control>
            </control>

        </control>
        <!--buttons-->
        <control type="group">
            <visible>false</visible>
            <control type="button" id="11">
                <description>Browse Button</description>
            </control>
            <control type="button" id="13">
                <description>Add Path Button</description>
            </control>
            <control type="button" id="14">
                <description>Remove Path Button</description>
            </control>
            <control type="button" id="18">
                <description>Ok Button</description>
            </control>
            <control type="button" id="19">
                <description>Cancel Button</description>
            </control>
        </control>
        <!--debugging-->
        <include>DebugGrid</include>
        <control type="label">
            <include>DialogID</include>
            <label>DialogMediaSource.xml</label>
        </control>
    </controls>
</window>
