<?xml version="1.0" encoding="UTF-8"?>
<includes>
    <include name="fadeInOut">
        <animation type="windowOpen">
            <effect type="fade" start="0" end="100" time="300"/>
        </animation>
        <animation type="windowClose">
            <effect type="fade" start="100" end="0" time="300"/>
        </animation>
    </include>
    <include name="fadeIn">
        <animation type="focus">
            <effect type="fade" start="0" end="100" time="500"/>
        </animation>
    </include>
    <include name="listSlideIn">
        <effect type="fade" start="0" end="100" time="300" delay="600"/>
        <effect type="slide" start="3-col" end="0" center="auto" tween="cubic" easing="out" time="400" delay="500"/>
    </include>
    <!--ken burnsey style effect for fanart images-->
    <include name="kenBurnsey">
        <animation type="conditional" condition="!Skin.HasSetting(lowPowerMode)" loop="true">
            <effect type="fade" start="0" end="100" time="2000"/>
            <effect type="zoom" center="auto" start="130" end="100" time="15000"/>
            <effect type="fade" start="100" end="0" time="1000" delay="14000"/>
        </animation>
    </include>
    <!--focus item spinner-->
    <include name="spinFocusIcon">
        <animation type="focus" loop="false" reversible="false">
            <effect type="fade" time="500"/>
            <effect type="rotatey" end="180" center="36" tween="back" easing="out" time="1000"/>
        </animation>
    </include>
    <include name="spinFocusPoster">
        <animation type="focus" loop="false" reversible="false">
            <effect type="rotatey" start="0" end="-15" center="132" tween="back" easing="out" time="300"/>
            <effect type="rotatey" start="0" end="15" center="132" tween="back" easing="out" delay="300" time="300"/>
        </animation>
    </include>

    <!--modal dialog handling-->
    <include name="modalDialogInOut">
        <animation type="Windowopen">
            <effect type="fade" start="0" end="100" time="300"/>
            <effect type="slide" start="1920" end="0" tween="cubic" easing="out" time="400"/>
        </animation>
        <animation type="Windowclose">
            <effect type="fade" start="100" end="0" time="300"/>
            <effect type="slide" start="0" end="-1920" tween="cubic" easing="out" time="400"/>
        </animation>
    </include>
    <include name="modalDialogInOutVertical">
        <animation type="Windowopen">
            <effect type="fade" start="0" end="100" time="300"/>
            <effect type="slide" start="0,-200" end="0" tween="cubic" easing="out" time="400"/>
        </animation>
        <animation type="Windowclose">
            <effect type="fade" start="100" end="0" time="300"/>
            <effect type="slide" start="0" end="0,300" tween="cubic" easing="out" time="400"/>
        </animation>
    </include>
    <include name="modalDialogContentShift">
        <animation type="Conditional" condition="controlgroup(9000).hasfocus | controlgroup(9002).hasfocus | controlgroup(100).hasfocus">
            <effect type="zoom" end="275" time="200" center="auto" tween="linear" easing="out"/>
            <effect type="fade" start="100" end="30" time="200"/>
        </animation>
    </include>
</includes>
