<?xml version="1.0" encoding="UTF-8"?>
<window>
    <defaultcontrol always="true">9999</defaultcontrol>
    <allowoverlay>yes</allowoverlay>
    <include>fadeInOut</include>
    <controls>
        <!--page container group-->
        <control type="group">
            <include>globalBackground</include>

            <!--window fader-->
            <animation type="conditional" condition="window.next(0)">
                <effect type="fade" start="100" end="0" time="300"/>
            </animation>

            <!--Main content listing-->
            <control type="group" id="9999">
                <!--source content-->
                <control type="group">
                    <control type="panel" id="50">
                        <posx>col-1-begin</posx>
                        <posy>row-5-begin</posy>
                        <width>24-col</width>
                        <height>24-row</height>
                        <onleft>9000</onleft>
                        <onright>60</onright>
                        <ondown>50</ondown>
                        <onup>50</onup>
                        <pagecontrol>60</pagecontrol>
                        <itemlayout width="4-col" height="4-col">
                            <control type="image">
                                <posx>0</posx>
                                <posy>0</posy>
                                <width>4-col-gutter</width>
                                <height>4-col-gutter</height>
                                <aspectratio>stretch</aspectratio>
                                <texture border="3">colors/black.png</texture>
                                <bordertexture colordiffuse="33FFFFFF">colors/white.png</bordertexture>
                                <bordersize>3</bordersize>
                                <colordiffuse>textboxInactive</colordiffuse>
                            </control>
                            <control type="label">
                                <posx>12</posx>
                                <posy>2-row</posy>
                                <width>240</width>
                                <height>2-row</height>
                                <align>center</align>
                                <aligny>center</aligny>
                                <font>regularStrong</font>
                                <textcolor>disabled</textcolor>
                                <label>$INFO[ListItem.label]</label>
                            </control>
                            <control type="label">
                                <posx>12</posx>
                                <posy>3-row</posy>
                                <width>240</width>
                                <height>2-row</height>
                                <align>center</align>
                                <aligny>center</aligny>
                                <font>buttonTitle</font>
                                <textcolor>textActive</textcolor>
                                <label>$INFO[ListItem.label2]</label>
                            </control>
                            <control type="image">
                                <posx>0</posx>
                                <posy>0</posy>
                                <width>4-col-gutter</width>
                                <height>4-col-gutter</height>
                                <aspectratio>stretch</aspectratio>
                                <texture fallback="" border="0">$INFO[Listitem.thumb]</texture>
                                <bordertexture border="3" colordiffuse="33FFFFFF">colors/white.png</bordertexture>
                                <bordersize>3</bordersize>
                                <colordiffuse>ffFFFFFF</colordiffuse>
                            </control>
                        </itemlayout>
                        <focusedlayout width="4-col" height="4-col">
                            <control type="group">
                                <include>spinFocusPoster</include>
                                <control type="image">
                                    <posx>0</posx>
                                    <posy>0</posy>
                                    <width>4-col-gutter</width>
                                    <height>4-col-gutter</height>
                                    <aspectratio>stretch</aspectratio>
                                    <texture fallback="colors/offblack.png" border="0">$INFO[Listitem.thumb]</texture>
                                    <bordertexture colordiffuse="FFFFFFFF">colors/white.png</bordertexture>
                                    <bordersize>3</bordersize>
                                    <colordiffuse>ffFFFFFF</colordiffuse>
                                </control>
                                <control type="image">
                                    <posx>3</posx>
                                    <posy>3</posy>
                                    <width>258</width>
                                    <height>258</height>
                                    <aspectratio>stretch</aspectratio>
                                    <texture border="0">colors/black.png</texture>
                                    <colordiffuse>ccFFFFFF</colordiffuse>
                                </control>
                                <control type="label">
                                    <posx>12</posx>
                                    <posy>2-row</posy>
                                    <width>240</width>
                                    <height>2-row</height>
                                    <align>center</align>
                                    <aligny>center</aligny>
                                    <font>regularStrong</font>
                                    <textcolor>textActive</textcolor>
                                    <label>$INFO[ListItem.label]</label>
                                </control>
                                <control type="label">
                                    <posx>12</posx>
                                    <posy>3-row</posy>
                                    <width>240</width>
                                    <height>2-row</height>
                                    <align>center</align>
                                    <aligny>center</aligny>
                                    <font>buttonTitle</font>
                                    <textcolor>highlight</textcolor>
                                    <label>$INFO[ListItem.label2]</label>
                                </control>
                                <control type="grouplist">
                                    <posx>42</posx>
                                    <posy>5-row</posy>
                                    <width>4-col-gutter</width>
                                    <orientation>horizontal</orientation>
                                    <control type="label">
                                        <width>24</width>
                                        <height>2-row</height>
                                        <aligny>center</aligny>
                                        <font>symbol</font>
                                        <textcolor>textActive</textcolor>
                                        <label></label>
                                    </control>
                                    <control type="label">
                                        <width>1-col</width>
                                        <height>2-row</height>
                                        <aligny>center</aligny>
                                        <font>smallStrong</font>
                                        <textcolor>textActive</textcolor>
                                        <label>$LOCALIZE[31185]</label>
                                    </control>
                                    <control type="label">
                                        <width>24</width>
                                        <height>2-row</height>
                                        <aligny>center</aligny>
                                        <font>symbol</font>
                                        <textcolor>textActive</textcolor>
                                        <label></label>
                                    </control>
                                    <control type="label">
                                        <width>1-col</width>
                                        <height>2-row</height>
                                        <aligny>center</aligny>
                                        <font>smallStrong</font>
                                        <textcolor>textActive</textcolor>
                                        <label>$LOCALIZE[31184]</label>
                                    </control>
                                </control>
                            </control>
                        </focusedlayout>
                    </control>
                </control>
            </control>

            <!--page scrollbar-->
            <control type="group" id="8000">
                <visible>Control.IsVisible(60) + SubString(skin.string(showRecentVideoItems),false)</visible>
                <animation effect="fade" start="100" end="0" time="100" condition="!controlgroup(8000).hasfocus">conditional</animation>
                <control type="scrollbar" id="60">
                    <posx>84r</posx>
                    <posy>row-5-begin</posy>
                    <height>789</height>
                    <onleft>9999</onleft>
                </control>
            </control>

            <!--Folder titles-->
            <control type="group">
                <!--source title-->
                <control type="label">
                    <posx>col-1-begin</posx>
                    <posy>row-1-begin</posy>
                    <width>24-col</width>
                    <align>left</align>
                    <font>pageTitle</font>
                    <label>10506</label>
                    <textcolor>textActive</textcolor>
                </control>
                <!--source subtitle-->
                <control type="label">
                    <posx>col-1-begin</posx>
                    <posy>96</posy>
                    <width>24-col</width>
                    <align>left</align>
                    <font>regular</font>
                    <label>$INFO[container.Numitems,, $LOCALIZE[31145]]</label>
                    <textcolor>textActive</textcolor>
                </control>
            </control>
            <!--dateTime-->
            <include>dateTime</include>
        </control>
        <!--hub menu-->
        <include>hubMenu</include>
        <!--debugging-->
        <include>DebugGrid</include>
        <control type="label">
            <include>WindowID</include>
            <label>MyPrograms.xml</label>
        </control>
    </controls>
</window>
