<?xml version="1.0"?>
<window>
    <onload>control.setfocus(3000)</onload>
    <allowoverlay>no</allowoverlay>
    <include>fadeInOut</include>
    <controls>
        <control type="group">
            <include>globalBackground</include>
            <control type="image">
                <include>dimensionsFullscreen</include>
                <texture>vignette.png</texture>
                <colordiffuse>ffffffff</colordiffuse>
                <aspectratio>stretch</aspectratio>
            </control>
        </control>

        <control type="group">
            <!--animations-->
            <include>modalDialogInOut</include>
            <!--thumbnail if available-->
            <control type="group">
                <posx>col-7-begin</posx>
                <posy>row-2-begin</posy>
                <control type="image">
                    <posx>0</posx>
                    <posy>12</posy>
                    <width>12-col</width>
                    <height>486</height>
                    <aspectratio scalediffuse="false" align="left">keep</aspectratio>
                    <texture background="true" fallback="colors/black.png" border="0">$INFO[Listitem.thumb]</texture>
                    <bordertexture border="3" colordiffuse="33FFFFFF">colors/white.png</bordertexture>
                    <bordersize>3</bordersize>
                </control>
            </control>

            <!--content-->
            <control type="group">
                <posx>col-7-begin</posx>
                <posy>row-17-begin</posy>
                <!--titles-->
                <control type="label">
                    <description>Title</description>
                    <posx>0</posx>
                    <posy>0</posy>
                    <width>12-col</width>
                    <font>mediumStrong</font>
                    <textcolor>textActive</textcolor>
                    <shadowcolor>-</shadowcolor>
                    <label>[COLOR highlight]$INFO[ListItem.Property(console)][/COLOR] $INFO[ListItem.Label]</label>
                </control>

                <!--details-->
                <control type="panel">
                    <posx>0</posx>
                    <posy>2-row</posy>
                    <width>12-col</width>
                    <height>6-row</height>
                    <itemlayout width="6-col" height="45">
                        <control type="label">
                            <posx>0</posx>
                            <posy>0</posy>
                            <width>6-col-gutter</width>
                            <font>itemTitle</font>
                            <textcolor>textActive</textcolor>
                            <label>[COLOR highlight]$INFO[ListItem.label][/COLOR] $INFO[ListItem.label2]</label>
                            <shadowcolor>-</shadowcolor>
                        </control>
                    </itemlayout>
                    <focusedlayout width="6-col" height="45">
                        <control type="label">
                            <posx>0</posx>
                            <posy>0</posy>
                            <width>6-col-gutter</width>
                            <font>itemTitle</font>
                            <textcolor>textActive</textcolor>
                            <label>[COLOR highlight]$INFO[ListItem.label][/COLOR] $INFO[ListItem.label2]</label>
                            <shadowcolor>-</shadowcolor>
                        </control>
                    </focusedlayout>
                    <content>
                        <item>
                            <label>$ADDON[script.games.rom.collection.browser 32401]:</label>
                            <label2>$INFO[ListItem.Property(genre)]</label2>
                            <thumb>-</thumb>
                            <onclick>noop</onclick>
                        </item>
                        <item>
                            <label>$ADDON[script.games.rom.collection.browser 32400]:</label>
                            <label2>$INFO[ListItem.Property(year)]</label2>
                            <thumb>-</thumb>
                            <onclick>noop</onclick>
                        </item>
                        <item>
                            <label>$ADDON[script.games.rom.collection.browser 32402]:</label>
                            <label2>$INFO[ListItem.Property(publisher)]</label2>
                            <thumb>-</thumb>
                            <onclick>noop</onclick>
                        </item>
                        <item>
                            <label>$ADDON[script.games.rom.collection.browser 32403]:</label>
                            <label2>$INFO[ListItem.Property(developer)]</label2>
                            <thumb>-</thumb>
                            <onclick>noop</onclick>
                        </item>
                        <item>
                            <label>$ADDON[script.games.rom.collection.browser 32750]:</label>
                            <label2>$INFO[ListItem.Property(region)]</label2>
                            <thumb>-</thumb>
                            <onclick>noop</onclick>
                        </item>
                        <item>
                            <label>$ADDON[script.games.rom.collection.browser 32751]:</label>
                            <label2>$INFO[ListItem.Property(media)]</label2>
                            <thumb>-</thumb>
                            <onclick>noop</onclick>
                        </item>
                        <item>
                            <label>$ADDON[script.games.rom.collection.browser 32752]:</label>
                            <label2>$INFO[ListItem.Property(controllertype)]</label2>
                            <thumb>-</thumb>
                            <onclick>noop</onclick>
                        </item>
                        <item>
                            <label>$ADDON[script.games.rom.collection.browser 32753]:</label>
                            <label2>$INFO[ListItem.Property(rating)]</label2>
                            <thumb>-</thumb>
                            <onclick>noop</onclick>
                        </item>
                        <item>
                            <label>$ADDON[script.games.rom.collection.browser 32754]:</label>
                            <label2>$INFO[ListItem.Property(maxplayers)]</label2>
                            <thumb>-</thumb>
                            <onclick>noop</onclick>
                        </item>
                        <item>
                            <label>$ADDON[script.games.rom.collection.browser 32755]:</label>
                            <label2>$INFO[ListItem.Property(playcount)]</label2>
                            <thumb>-</thumb>
                            <onclick>noop</onclick>
                        </item>
                    </content>
                </control>
                <!--dialog controls-->
                <control type="button" id="3000">
                    <description>Play Game</description>
                    <visible>false</visible>
                    <posx>0</posx>
                    <posy>426</posy>
                    <width>6-col</width>
                    <height>53</height>
                    <label>$ADDON[script.games.rom.collection.browser 32756]</label>
                    <font>menuTitle</font>
                    <focusedcolor>black</focusedcolor>
                    <textcolor>textActive</textcolor>
                    <texturefocus>colors/white.png</texturefocus>
                    <texturenofocus>colors/black.png</texturenofocus>
                </control>
                <control type="group" id="1000">
                    <control type="wraplist" id="59">
                        <posx>0</posx>
                        <posy>0</posy>
                        <width>0</width>
                        <height>0</height>
                        <scrolltime>200</scrolltime>
                        <itemlayout height="0" width="0"/>
                        <focusedlayout height="0" width="0">
                        </focusedlayout>
                    </control>
                </control>
                <control type="label" id="4000">
                    <description>Messages</description>
                </control>
                <control type="button" id="3001">
                    <visible>false</visible>
                    <description>autoplay video</description>
                    <onfocus>XBMC.PlayMedia($ESCINFO[ListItem.Property(gameplayinfo)],1)</onfocus>
                </control>
            </control>
        </control>
        <!--debugging-->
        <include>DebugGrid</include>
        <control type="label">
            <include>DialogID</include>
            <label>script-RCB-gameinfo.xml</label>
        </control>
    </controls>
</window>
