<?xml version="1.0" encoding="UTF-8"?>
<includes>
	<default type="label">
		<height>75</height>
		<align>left</align>
		<aligny>center</aligny>
		<font>Light36</font>
		<textcolor>$VAR[TextColor]</textcolor>
		<disabledcolor>$VAR[DisabledColor]</disabledcolor>
		<selectedcolor>$VAR[TextColor]</selectedcolor>
		<scroll>false</scroll>
		<shadowcolor>$VAR[TextShadowColour]</shadowcolor>
	</default>
	<default type="fadelabel">
		<height>75</height>
		<align>left</align>
		<aligny>center</aligny>
		<font>Light36</font>
		<textcolor>$VAR[TextColor]</textcolor>
		<scrollout>false</scrollout>
		<scrollspeed>40</scrollspeed>
		<pauseatend>2000</pauseatend>
		<shadowcolor>$VAR[TextShadowColour]</shadowcolor>
	</default>
	<default type="button">
		<height>75</height>
		<align>left</align>
		<aligny>center</aligny>
		<font>Light36</font>
		<label></label>
		<textoffsetx>10</textoffsetx>
		<textcolor>$VAR[TextColor]</textcolor>
		<focusedcolor>$VAR[TextColor]</focusedcolor>
		<invalidcolor>$VAR[DisabledColor]</invalidcolor>
		<disabledcolor>$VAR[DisabledColor]</disabledcolor>
		<texturefocus colordiffuse="$VAR[TextColor]">views/white_20.png</texturefocus>
		<texturenofocus colordiffuse="$VAR[UnFocusedColor]">views/white_10.png</texturenofocus>
		<pulseonselect>false</pulseonselect>
		<shadowcolor>$VAR[TextShadowColour]</shadowcolor>
	</default>
	<default type="togglebutton">
		<height>75</height>
		<align>left</align>
		<aligny>center</aligny>
		<label></label>
		<textoffsetx>10</textoffsetx>
		<font>Light36</font>
		<textcolor>$VAR[TextColor]</textcolor>
		<focusedcolor>$VAR[TextColor]</focusedcolor>
		<disabledcolor>$VAR[DisabledColor]</disabledcolor>
		<texturefocus colordiffuse="$VAR[TextColor]">views/white_20.png</texturefocus>
		<texturenofocus colordiffuse="$VAR[UnFocusedColor]">views/white_10.png</texturenofocus>
		<alttexturefocus colordiffuse="$VAR[UnFocusedColor]">views/white_50.png</alttexturefocus>
		<alttexturenofocus colordiffuse="$VAR[TextColor]">views/white_10.png</alttexturenofocus>
		<pulseonselect>false</pulseonselect>
		<shadowcolor>$VAR[TextShadowColour]</shadowcolor>
	</default>
	<default type="radiobutton">
		<height>75</height>
		<align>left</align>
		<aligny>center</aligny>
		<font>Light36</font>
		<label></label>
		<textoffsetx>10</textoffsetx>
		<textcolor>$VAR[TextColor]</textcolor>
		<focusedcolor>$VAR[TextColor]</focusedcolor>
		<disabledcolor>$VAR[DisabledColor]</disabledcolor>
		<radiowidth />
		<radioheight />
		<texturefocus colordiffuse="$VAR[TextColor]">views/white_20.png</texturefocus>
		<texturenofocus colordiffuse="$VAR[UnFocusedColor]">views/white_10.png</texturenofocus>
		<textureradioonfocus/>
		<textureradioofffocus/>
		<textureradioonnofocus/>
		<textureradiooffnofocus/>
		<textureradioondisabled/>
		<textureradiooffdisabled/>
		<pulseonselect>false</pulseonselect>
		<shadowcolor>$VAR[TextShadowColour]</shadowcolor>
	</default>
	<default type="spincontrolex">
		<height>75</height>
		<align>left</align>
		<aligny>center</aligny>
		<label></label>
		<font>Light36</font>
		<textoffsetx>10</textoffsetx>
		<textcolor>$VAR[TextColor]</textcolor>
		<focusedcolor>$VAR[TextColor]</focusedcolor>
		<disabledcolor>$VAR[DisabledColor]</disabledcolor>
		<spinwidth>55</spinwidth>
		<spinheight>75</spinheight>
		<texturefocus colordiffuse="$VAR[TextColor]">views/white_20.png</texturefocus>
		<texturenofocus colordiffuse="$VAR[UnFocusedColor]">views/white_10.png</texturenofocus>
		<textureup colordiffuse="$VAR[TextColor]">dialogs/spin_up.png</textureup>
		<texturedown colordiffuse="$VAR[TextColor]">dialogs/spin_down.png</texturedown>
		<textureupfocus colordiffuse="$VAR[UnFocusedColor]">dialogs/spin_up.png</textureupfocus>
		<texturedownfocus colordiffuse="$VAR[UnFocusedColor]">dialogs/spin_down.png</texturedownfocus>
		<textureupdisabled colordiffuse="$VAR[DisabledColor]">dialogs/spin_up.png</textureupdisabled>
		<texturedowndisabled colordiffuse="$VAR[DisabledColor]">dialogs/spin_down.png</texturedowndisabled>
		<reverse>yes</reverse>
		<pulseonselect>false</pulseonselect>
		<shadowcolor>$VAR[TextShadowColour]</shadowcolor>
	</default>
	<default type="spincontrol">
		<height>75</height>
		<width>75</width>
		<align>left</align>
		<aligny>center</aligny>
		<spinwidth>43</spinwidth>
		<spinheight>60</spinheight>
		<font>Light36</font>
		<textoffsetx>10</textoffsetx>
		<textcolor>$VAR[TextColor]</textcolor>
		<focusedcolor>$VAR[TextColor]</focusedcolor>
		<disabledcolor>$VAR[DisabledColor]</disabledcolor>
		<spinwidth>43</spinwidth>
		<spinheight>60</spinheight>
		<textureup colordiffuse="$VAR[TextColor]">dialogs/spin_up.png</textureup>
		<texturedown colordiffuse="$VAR[TextColor]">dialogs/spin_down.png</texturedown>
		<textureupfocus colordiffuse="$VAR[UnFocusedColor]">dialogs/spin_up.png</textureupfocus>
		<texturedownfocus colordiffuse="$VAR[TextColor]">dialogs/spin_down.png</texturedownfocus>
		<reverse>yes</reverse>
		<pulseonselect>false</pulseonselect>
		<shadowcolor>$VAR[TextShadowColour]</shadowcolor>
	</default>
	<default type="sliderex">
		<height>75</height>
		<align>left</align>
		<aligny>center</aligny>
		<font>Light36</font>
		<textcolor>$VAR[TextColor]</textcolor>
		<focusedcolor>$VAR[TextColor]</focusedcolor>
		<disabledcolor>$VAR[DisabledColor]</disabledcolor>
		<texturefocus colordiffuse="$VAR[TextColor]">views/white_20.png</texturefocus>
		<texturenofocus colordiffuse="$VAR[UnFocusedColor]">views/white_10.png</texturenofocus>
		<sliderwidth>200</sliderwidth>
		<sliderheight>20</sliderheight>
		<texturesliderbar colordiffuse="$VAR[DisabledColor]">common/white.png</texturesliderbar>
		<textureslidernib colordiffuse="$VAR[UnFocusedColor]">common/white.png</textureslidernib>
		<textureslidernibfocus colordiffuse="$VAR[TextColor]">common/white.png</textureslidernibfocus>
		<textoffsetx>10</textoffsetx>
		<pulseonselect>false</pulseonselect>
		<shadowcolor>$VAR[TextShadowColour]</shadowcolor>
	</default>
	<default type="slider">
		<height>23</height>
		<orientation>horizontal</orientation>
		<texturefocus colordiffuse="$VAR[BackgroundColor]">views/white_50.png</texturefocus>
		<texturenofocus colordiffuse="$VAR[DisabledColor]">views/white_10.png</texturenofocus>
	</default>
	<default type="progress">
		<height>44</height>
		<texturebg></texturebg>
		<lefttexture></lefttexture>
		<righttexture></righttexture>
		<overlaytexture></overlaytexture>
	</default>
	<default type="textbox">
		<font>Font27</font>
		<textcolor>$VAR[TextColor]</textcolor>
		<autoscroll delay="8000" time="4000" repeat="12000">Skin.HasSetting(ScrollPlot)</autoscroll>
		<shadowcolor>$VAR[TextShadowColour]</shadowcolor>
	</default>
	<default type="edit">
		<height>75</height>
		<align>left</align>
		<aligny>center</aligny>
		<font>Light36</font>
		<hinttext/>
		<textoffsetx>10</textoffsetx>
		<textcolor>$VAR[TextColor]</textcolor>
		<focusedcolor>$VAR[TextColor]</focusedcolor>
		<disabledcolor>$VAR[DisabledColor]</disabledcolor>
		<invalidcolor>$VAR[DisabledColor]</invalidcolor>
		<texturefocus colordiffuse="$VAR[TextColor]">views/white_20.png</texturefocus>
		<texturenofocus colordiffuse="$VAR[UnFocusedColor]">views/white_50.png</texturenofocus>
		<pulseonselect>no</pulseonselect>
		<shadowcolor>$VAR[TextShadowColour]</shadowcolor>
	</default>
</includes>