<?xml version="1.0" encoding="UTF-8"?>
<window>
	<!-- volumebar -->
	<controls>
		<control type="group">
			<right>0</right>
			<top>0</top>
			<width>960</width>
			<height>150</height>
			<include>DialogToastAnimation</include>
			<!-- Background image -->
			<control type="image">
				<width>960</width>
				<height>150</height>
				<texture colordiffuse="$VAR[BackgroundColor]">views/white_100.png</texture>
			</control>
			<!-- Progress -->
			<control type="progress" id="404">
				<width>960</width>
				<height>150</height>
				<info>player.volume</info>
				<texturebg colordiffuse="$VAR[BackgroundColor]">views/overlay_50.png</texturebg>
				<lefttexture></lefttexture>
				<midtexture colordiffuse="$VAR[SecondaryColor]">views/overlay_50.png</midtexture>
				<righttexture></righttexture>
				<overlaytexture></overlaytexture>
				<visible>!Player.Muted</visible>
			</control>
			<!-- Heading -->
			<control type="label">
				<left>20</left>
				<top>35</top>
				<width>920</width>
				<height>40</height>
				<scroll>true</scroll>
				<font>Light33Upper</font>
				<label>13376</label>
				<textcolor>$VAR[TextColor]</textcolor>
			</control>
			<!-- Details -->
			<control type="label">
				<left>20</left>
				<top>77</top>
				<width>920</width>
				<height>37</height>
				<scroll>true</scroll>
				<font>Thin27</font>
				<label>$VAR[VolumeDetails]</label>
				<textcolor>$VAR[TextColor]</textcolor>
			</control>
		</control>
	</controls>
</window>