<?xml version="1.0" encoding="UTF-8"?>
<window type="dialog" id="1198">
	<zorder>2</zorder>
	<visible>!Window.IsVisible(startup)</visible>
	<visible>!Skin.HasSetting(DebugInfo)</visible>
	<controls>
		<control type="group">
			<!-- Window/Dialog debug -->
			<control type="image">
			<include>FullscreenDimensions</include>
				<texture>background.png</texture>
				<colordiffuse>$VAR[ColorBackgroundVar]</colordiffuse>
			</control>
			<control type="grouplist">
				<left>100</left>
				<top>110</top>
				<width>1920</width>
				<height>1450</height>
				<itemgap>50</itemgap>
				<!-- Window labels -->
				<control type="label">
					<include>WindowID</include>
					<label>AddonBrowser.xml</label>
					<visible>Window.IsVisible(AddonBrowser.xml)</visible>
				</control>
				<control type="label">
					<include>WindowID</include>
					<label>CustomSettings.xml</label>
					<visible>Window.IsVisible(CustomSettings.xml)</visible>
				</control>
				<control type="label">
					<include>WindowID</include>
					<label>FileManager.xml</label>
					<visible>Window.IsVisible(FileManager.xml)</visible>
				</control>
				<control type="label">
					<include>WindowID</include>
					<label>Home.xml</label>
					<visible>Window.IsVisible(Home.xml)</visible>
				</control>
				<control type="label">
					<include>WindowID</include>
					<label>LoginScreen.xml</label>
					<visible>Window.IsVisible(LoginScreen.xml)</visible>
				</control>
				<control type="label">
					<include>WindowID</include>
					<label>MyMusicNav.xml</label>
					<visible>Window.IsVisible(MyMusicNav.xml)</visible>
				</control>
				<control type="label">
					<include>WindowID</include>
					<label>MyMusicPlaylist.xml</label>
					<visible>Window.IsVisible(MyMusicPlaylist.xml)</visible>
				</control>
				<control type="label">
					<include>WindowID</include>
					<label>MyMusicPlaylistEditor.xml</label>
					<visible>Window.IsVisible(MyMusicPlaylistEditor.xml)</visible>
				</control>
				<control type="label">
					<include>WindowID</include>
					<label>MyMusicSongs.xml</label>
					<visible>Window.IsVisible(MyMusicSongs.xml)</visible>
				</control>
				<control type="label">
					<include>WindowID</include>
					<label>MyPics.xml</label>
					<visible>Window.IsVisible(MyPics.xml)</visible>
				</control>
				<control type="label">
					<include>WindowID</include>
					<label>MyPrograms.xml</label>
					<visible>Window.IsVisible(MyPrograms.xml)</visible>
				</control>
				<control type="label">
					<include>WindowID</include>
					<label>MyVideoNav.xml</label>
					<visible>Window.IsVisible(MyVideoNav.xml)</visible>
				</control>
				<control type="label">
					<include>WindowID</include>
					<label>MyVideoPlaylist.xml</label>
					<visible>Window.IsVisible(MyVideoPlaylist.xml)</visible>
				</control>
				<control type="label">
					<include>WindowID</include>
					<label>MyWeather.xml</label>
					<visible>Window.IsVisible(MyWeather.xml)</visible>
				</control>
				<control type="label">
					<include>WindowID</include>
					<label>Settings.xml</label>
					<visible>Window.IsVisible(Settings.xml)</visible>
				</control>
				<control type="label">
					<include>WindowID</include>
					<label>SettingsCategory.xml</label>
					<visible>Window.IsVisible(SettingsCategory.xml)</visible>
				</control>
				<control type="label">
					<include>WindowID</include>
					<label>SettingsProfile.xml</label>
					<visible>Window.IsVisible(SettingsProfile.xml)</visible>
				</control>
				<control type="label">
					<include>WindowID</include>
					<label>VideoFullScreen.xml</label>
					<visible>Window.IsVisible(VideoFullScreen.xml)</visible>
				</control>
				<!-- Dialog labels -->
				<control type="label">
					<include>DialogID</include>
					<label>DialogAddonInfo.xml</label>
					<visible>Window.IsVisible(DialogAddonInfo.xml)</visible>
				</control>
				<control type="label">
					<include>DialogID</include>
					<label>DialogAddonSettings.xml</label>
					<visible>Window.IsVisible(DialogAddonSettings.xml)</visible>
				</control>
				<control type="label">
					<include>DialogID</include>
					<label>DialogAlbumInfo.xml</label>
					<visible>Window.IsVisible(DialogAlbumInfo.xml)</visible>
				</control>
				<control type="label">
					<include>DialogID</include>
					<label>DialogBusy.xml</label>
					<visible>Window.IsVisible(DialogBusy.xml)</visible>
				</control>
				<control type="label">
					<include>DialogID</include>
					<label>DialogButtonMenu.xml</label>
					<visible>Window.IsVisible(DialogButtonMenu.xml)</visible>
				</control>
				<control type="label">
					<include>DialogID</include>
					<label>DialogContentSettings.xml</label>
					<visible>Window.IsVisible(DialogContentSettings.xml)</visible>
				</control>
				<control type="label">
					<include>DialogID</include>
					<label>DialogContextMenu.xml</label>
					<visible>Window.IsVisible(DialogContextMenu.xml)</visible>
				</control>
				<control type="label">
					<include>DialogID</include>
					<label>DialogFavourites.xml</label>
					<visible>Window.IsVisible(DialogFavourites.xml)</visible>
				</control>
				<control type="label">
					<include>DialogID</include>
					<label>DialogFileStacking.xml</label>
					<visible>Window.IsVisible(DialogFileStacking.xml)</visible>
				</control>
				<control type="label">
					<include>DialogID</include>
					<label>DialogFullScreenInfo.xml</label>
					<visible>Window.IsVisible(DialogFullScreenInfo.xml)</visible>
				</control>
				<control type="label">
					<include>DialogID</include>
					<label>DialogKaiToast.xml</label>
					<visible>Window.IsVisible(DialogKaiToast.xml)</visible>
				</control>
				<control type="label">
					<include>DialogID</include>
					<label>DialogKaraokeSongSelector.xml</label>
					<visible>Window.IsVisible(DialogKaraokeSongSelector.xml)</visible>
				</control>
				<control type="label">
					<include>DialogID</include>
					<label>DialogKaraokeSongSelectorLarge.xml</label>
					<visible>Window.IsVisible(DialogKaraokeSongSelectorLarge.xml)</visible>
				</control>
				<control type="label">
					<include>DialogID</include>
					<label>DialogKeyboard.xml</label>
					<visible>Window.IsVisible(DialogKeyboard.xml)</visible>
				</control>
				<control type="label">
					<include>DialogID</include>
					<label>DialogMediaSource.xml</label>
					<visible>Window.IsVisible(DialogMediaSource.xml)</visible>
				</control>
				<control type="label">
					<include>DialogID</include>
					<label>DialogMusicScan.xml</label>
					<visible>Window.IsVisible(DialogMusicScan.xml)</visible>
				</control>
				<control type="label">
					<include>DialogID</include>
					<label>DialogMuteBug.xml</label>
					<visible>Window.IsVisible(DialogMuteBug.xml)</visible>
				</control>
				<control type="label">
					<include>DialogID</include>
					<label>DialogNetworkSetup.xml</label>
					<visible>Window.IsVisible(DialogNetworkSetup.xml)</visible>
				</control>
				<control type="label">
					<include>DialogID</include>
					<label>DialogNotification.xml</label>
					<visible>Window.IsVisible(DialogNotification.xml)</visible>
				</control>
				<control type="label">
					<include>DialogID</include>
					<label>DialogNumeric.xml</label>
					<visible>Window.IsVisible(DialogNumeric.xml)</visible>
				</control>
				<control type="label">
					<include>DialogID</include>
					<label>DialogOk.xml</label>
					<visible>Window.IsVisible(DialogOk.xml)</visible>
				</control>
				<control type="label">
					<include>DialogID</include>
					<label>DialogPeripheralManager.xml</label>
					<visible>Window.IsVisible(DialogPeripheralManager.xml)</visible>
				</control>
				<control type="label">
					<include>DialogID</include>
					<label>DialogPeripheralSettings.xml</label>
					<visible>Window.IsVisible(DialogPeripheralSettings.xml)</visible>
				</control>
				<control type="label">
					<include>DialogID</include>
					<label>DialogPictureInfo.xml</label>
					<visible>Window.IsVisible(DialogPictureInfo.xml)</visible>
				</control>
				<control type="label">
					<include>DialogID</include>
					<label>DialogProgress.xml</label>
					<visible>Window.IsVisible(DialogProgress.xml)</visible>
				</control>
				<control type="label">
					<include>DialogID</include>
					<label>DialogSeekbar.xml</label>
					<visible>Window.IsVisible(DialogSeekbar.xml)</visible>
				</control>
				<control type="label">
					<include>DialogID</include>
					<label>DialogSelect.xml</label>
					<visible>Window.IsVisible(DialogSelect.xml)</visible>
				</control>
				<control type="label">
					<include>DialogID</include>
					<label>DialogSlider.xml</label>
					<visible>Window.IsVisible(DialogSlider.xml)</visible>
				</control>
				<control type="label">
					<include>DialogID</include>
					<label>DialogSongInfo.xml</label>
					<visible>Window.IsVisible(DialogSongInfo.xml)</visible>
				</control>
				<control type="label">
					<include>DialogID</include>
					<label>DialogTextViewer.xml</label>
					<visible>Window.IsVisible(DialogTextViewer.xml)</visible>
				</control>
				<control type="label">
					<include>DialogID</include>
					<label>DialogVideoInfo.xml</label>
					<visible>Window.IsVisible(DialogVideoInfo.xml)</visible>
				</control>
				<control type="label">
					<include>DialogID</include>
					<label>DialogVideoScan.xml</label>
					<visible>Window.IsVisible(DialogVideoScan.xml)</visible>
				</control>
				<control type="label">
					<include>DialogID</include>
					<label>DialogVolumeBar.xml</label>
					<visible>Window.IsVisible(DialogVolumeBar.xml)</visible>
				</control>
				<control type="label">
					<include>DialogID</include>
					<label>DialogYesNo.xml</label>
					<visible>Window.IsVisible(DialogYesNo.xml)</visible>
				</control>
				<control type="label">
					<include>DialogID</include>
					<label>FileBrowser.xml</label>
					<visible>Window.IsVisible(FileBrowser.xml)</visible>
				</control>
				<control type="label">
					<include>DialogID</include>
					<label>LockSettings.xml</label>
					<visible>Window.IsVisible(LockSettings.xml)</visible>
				</control>
				<control type="label">
					<include>DialogID</include>
					<label>MusicKaraokeLyrics.xml</label>
					<visible>Window.IsVisible(MusicKaraokeLyrics.xml)</visible>
				</control>
				<control type="label">
					<include>DialogID</include>
					<label>MusicOSD.xml</label>
					<visible>Window.IsVisible(MusicOSD.xml)</visible>
				</control>
				<control type="label">
					<include>DialogID</include>
					<label>MusicOverlay.xml</label>
					<visible>Window.IsVisible(MusicOverlay.xml)</visible>
				</control>
				<control type="label">
					<include>DialogID</include>
					<label>MusicVisualisation.xml</label>
					<visible>Window.IsVisible(MusicVisualisation.xml)</visible>
				</control>
				<control type="label">
					<include>DialogID</include>
					<label>PlayerControls.xml</label>
					<visible>Window.IsVisible(PlayerControls.xml)</visible>
				</control>
				<control type="label">
					<include>DialogID</include>
					<label>ProfileSettings.xml</label>
					<visible>Window.IsVisible(ProfileSettings.xml)</visible>
				</control>
				<control type="label">
					<include>DialogID</include>
					<label>SettingsScreenCalibration.xml</label>
					<visible>Window.IsVisible(SettingsScreenCalibration.xml)</visible>
				</control>
				<control type="label">
					<include>DialogID</include>
					<label>SettingsSystemInfo.xml</label>
					<visible>Window.IsVisible(SettingsSystemInfo.xml)</visible>
				</control>
				<control type="label">
					<include>DialogID</include>
					<label>SlideShow.xml</label>
					<visible>Window.IsVisible(SlideShow.xml)</visible>
				</control>
				<control type="label">
					<include>DialogID</include>
					<label>SmartPlaylistEditor.xml</label>
					<visible>Window.IsVisible(SmartPlaylistEditor.xml)</visible>
				</control>
				<control type="label">
					<include>DialogID</include>
					<label>SmartPlaylistRule.xml</label>
					<visible>Window.IsVisible(SmartPlaylistRule.xml)</visible>
				</control>
				<control type="label">
					<include>DialogID</include>
					<label>VideoOSD.xml</label>
					<visible>Window.IsVisible(VideoOSD.xml)</visible>
				</control>
				<control type="label">
					<include>DialogID</include>
					<label>VideoOSDBookmarks.xml</label>
					<visible>Window.IsVisible(VideoOSDBookmarks.xml)</visible>
				</control>
				<control type="label">
					<include>DialogID</include>
					<label>VideoOSDSettings.xml</label>
					<visible>Window.IsVisible(VideoOSDSettings.xml)</visible>
				</control>
				<control type="label">
					<include>DialogID</include>
					<label>VideoOverlay.xml</label>
					<visible>Window.IsVisible(VideoOverlay.xml)</visible>
				</control>
				<control type="label">
					<include>DialogID</include>
					<label>VisualisationPresetList.xml</label>
					<visible>Window.IsVisible(VisualisationPresetList.xml)</visible>
				</control>
			</control>
		<control type="grouplist">
			<description>grouplist for context buttons</description>
			<left>0</left>
			<top>450</top>
			<width>1920</width>
			<height>1060</height>
			<itemgap>0</itemgap>
			<orientation>vertical</orientation>
			<!-- Control label -->
			<control type="label">
				<textcolor>white</textcolor><height>50</height>
				<label>CURRENT: $INFO[System.CurrentControl]</label>
			</control>
			<!-- Path label -->
			<control type="label">
				<textcolor>white</textcolor><height>50</height>
				<label>fp $INFO[Container.FolderPath]</label>
			</control>
			<!-- Path label -->
			<control type="label">
				<textcolor>white</textcolor><height>50</height>
				<label>cc $INFO[Container.Content]</label>
			</control>
			<!-- Path label -->
			<control type="label">
				<textcolor>white</textcolor><height>50</height>
				<label>dbt $INFO[ListItem.DBTYPE]</label>
			</control>
			<!-- Path label -->
			<control type="label">
				<textcolor>white</textcolor><height>50</height>
				<label>+++chv $VAR[ColorHeaderVar] -> ctv $VAR[ColorTextVar] == cc $INFO[Container.Content]</label>
			</control>
			<!-- Control label -->
			<!-- Control label -->
			<control type="label">
			<width>1920</width>
				<textcolor>white</textcolor><height>500</height>
				<label>li $VAR[ListIcon] [-----TV $VAR[ThumbVar][CR]CBV $VAR[ColorboxImage] CXML $INFO[Window.Property(xmlfile)]</label>
			</control>
			</control>
		</control>
	</controls>
</window>