<?xml version="1.0" encoding="UTF-8"?>
<window>
	<coordinates>
	<top>1074</top>
	</coordinates>

	<controls>
		<control type="group">
			<visible>!Window.IsActive(fullscreenvideo) + !Window.IsActive(visualisation)</visible>
			<control type="image">
				<description>background image</description>
				<width>1920</width>
				<height>6</height>
				<texture>background.png</texture>
				<colordiffuse>$VAR[ListColorHighlightVar]</colordiffuse>
			</control>
			<control type="progress" id="32">
				<description>progress control</description>
				<height>6</height>
			</control>
			<control type="label" id="30">
				<description>Header Label</description>
				<include>HiddenObject</include>
			</control>
			<control type="label" id="31">
				<description>Header Label</description>
				<include>HiddenObject</include>
			</control>
		</control>
	</controls>
</window>