<?xml version="1.0" encoding="UTF-8"?>
<window>
	<defaultcontrol always="true">9000</defaultcontrol>
	<allowoverlay>no</allowoverlay>
	<controls>
		<control type="group">
			<include>FullscreenDimensions</include>
			<control type="image">
				<aspectratio align="center">scale</aspectratio>
				<texture background="true">$INFO[ListItem.Art(fanart)]</texture>
			</control>
			<control type="image">
				<aspectratio align="center">scale</aspectratio>
				<texture background="true">$VAR[ColorboxImage]</texture>
			</control>
			<control type="image">
				<texture>background.png</texture>
				<colordiffuse>$VAR[ColorBackgroundVar]</colordiffuse>
			</control>
		</control>
		<control type="group">
			<include>Animation.Common</include>
			<left>703</left>
			<control type="group">
				<top>60</top>
				<width>1150</width>
				<height>854</height>
				<control type="panel" id="90050">
					<left>5</left>
					<top>118</top>
					<width>1150</width>
					<height>300</height>
					<orientation>horizontal</orientation>
					<pagecontrol>61</pagecontrol>
					<scrolltime tween="quadratic" easing="out">200</scrolltime>
					<itemlayout height="50" width="1150">
						<control type="label">
							<width>200</width>
							<height>50</height>
							<font>font15</font>
							<textcolor>$VAR[ColorHighlightVar]</textcolor>
							<label>$INFO[ListItem.Label2]</label>
						</control>
						<control type="label">
							<left>200</left>
							<width>950</width>
							<height>50</height>
							<font>font15</font>
							<label>$INFO[ListItem.Label]</label>
						</control>
					</itemlayout>
					<focusedlayout height="50" width="1150">
						<control type="label">
							<width>200</width>
							<height>50</height>
							<font>font15</font>
							<textcolor>$VAR[ColorHighlightVar]</textcolor>
							<label>$INFO[ListItem.Label2]</label>
						</control>
						<control type="label">
							<left>200</left>
							<width>950</width>
							<height>50</height>
							<font>font15</font>
							<label>$INFO[ListItem.Label]</label>
						</control>
					</focusedlayout>
					<content>
						<item>
							<label>$INFO[ListItem.Year]</label>
							<label2>$LOCALIZE[345]:</label2>
							<onclick>noop</onclick>
							<visible>!String.IsEmpty(ListItem.Year)</visible>
						</item>
						<item>
							<label>$INFO[ListItem.Duration]</label>
							<label2>$LOCALIZE[180]:</label2>
							<onclick>noop</onclick>
							<visible>!String.IsEmpty(ListItem.Duration)</visible>
						</item>
						<item>
							<label>$INFO[ListItem.Rating]</label>
							<label2>$LOCALIZE[563]:</label2>
							<onclick>noop</onclick>
							<visible>!String.IsEmpty(ListItem.Rating)</visible>
						</item>
						<item>
							<label>$INFO[ListItem.UserRating]</label>
							<label2>$LOCALIZE[38018]:</label2>
							<onclick>noop</onclick>
							<visible>!String.IsEmpty(ListItem.UserRating)</visible>
						</item>
						<item>
							<label>$INFO[ListItem.Property(Album_Label)]</label>
							<label2>$LOCALIZE[21899]:</label2>
							<onclick>noop</onclick>
							<visible>!String.IsEmpty(ListItem.Property(Album_Label))</visible>
						</item>
						<item>
							<label>$INFO[ListItem.Genre]</label>
							<label2>$LOCALIZE[515]:</label2>
							<onclick>noop</onclick>
							<visible>!String.IsEmpty(ListItem.Genre) + $EXP[isAlbum]</visible>
						</item>
						<item>
							<label>$INFO[ListItem.Property(Album_Mood)]</label>
							<label2>$LOCALIZE[175]:</label2>
							<onclick>noop</onclick>
							<visible>!String.IsEmpty(ListItem.Property(Album_Mood))</visible>
						</item>
						<item>
							<label>$INFO[ListItem.Property(Album_Style)]</label>
							<label2>$LOCALIZE[176]:</label2>
							<onclick>noop</onclick>
							<visible>!String.IsEmpty(ListItem.Property(Album_Style))</visible>
						</item>
						<item>
							<label>$INFO[ListItem.Property(Album_Theme)]</label>
							<label2>$LOCALIZE[21895]:</label2>
							<onclick>noop</onclick>
							<visible>!String.IsEmpty(ListItem.Property(Album_Theme))</visible>
						</item>
						<item>
							<label>$INFO[ListItem.Property(Album_Type)]</label>
							<label2>$LOCALIZE[564]:</label2>
							<onclick>noop</onclick>
							<visible>!String.IsEmpty(ListItem.Property(Album_Type))</visible>
						</item>
						<item>
							<label>$INFO[ListItem.Property(Artist_Formed)]</label>
							<label2>$LOCALIZE[21894]:</label2>
							<onclick>noop</onclick>
							<visible>!String.IsEmpty(ListItem.Property(Artist_Formed))</visible>
						</item>
						<item>
							<label>$INFO[ListItem.Property(Artist_Disbanded)]</label>
							<label2>$LOCALIZE[21896]:</label2>
							<onclick>noop</onclick>
							<visible>!String.IsEmpty(ListItem.Property(Artist_Disbanded))</visible>
						</item>
						<item>
							<label>$INFO[ListItem.Property(Artist_Born)]</label>
							<label2>$LOCALIZE[21893]:</label2>
							<onclick>noop</onclick>
							<visible>!String.IsEmpty(ListItem.Property(Artist_Born))</visible>
						</item>
						<item>
							<label>$INFO[ListItem.Property(Artist_Died)]</label>
							<label2>$LOCALIZE[21897]:</label2>
							<onclick>noop</onclick>
							<visible>!String.IsEmpty(ListItem.Property(Artist_Died))</visible>
						</item>
						<item>
							<label>$INFO[ListItem.Property(Artist_YearsActive)]</label>
							<label2>$LOCALIZE[21898]:</label2>
							<onclick>noop</onclick>
							<visible>!String.IsEmpty(ListItem.Property(Artist_YearsActive))</visible>
						</item>
						<item>
							<label>$INFO[ListItem.Property(Artist_Mood)]</label>
							<label2>$LOCALIZE[175]:</label2>
							<onclick>noop</onclick>
							<visible>!String.IsEmpty(ListItem.Property(Artist_Mood))</visible>
						</item>
						<item>
							<label>$INFO[ListItem.Property(Artist_Style)]</label>
							<label2>$LOCALIZE[176]:</label2>
							<onclick>noop</onclick>
							<visible>!String.IsEmpty(ListItem.Property(Artist_Style))</visible>
						</item>
						<item>
							<label>$INFO[ListItem.Property(Artist_Instrument)]</label>
							<label2>$LOCALIZE[21892]:</label2>
							<onclick>noop</onclick>
							<visible>!String.IsEmpty(ListItem.Property(Artist_Instrument))</visible>
						</item>
						<item>
							<label>$INFO[ListItem.Filename]</label>
							<label2>$LOCALIZE[21800]:</label2>
							<onclick>noop</onclick>
							<visible>!String.IsEmpty(ListItem.Filename)</visible>
						</item>
						<item>
							<label>$INFO[ListItem.PlayCount]</label>
							<label2>$LOCALIZE[567]:</label2>
							<onclick>noop</onclick>
							<visible>!String.IsEmpty(ListItem.PlayCount)</visible>
						</item>
						<item>
							<label>$INFO[ListItem.PercentPlayed,,%]</label>
							<label2 fallback="-">$LOCALIZE[575]:</label2>
							<onclick>noop</onclick>
							<visible>ListItem.IsResumable</visible>
						</item>
						<item>
							<label>$INFO[ListItem.LastPlayed]</label>
							<label2 fallback="-">$LOCALIZE[568]:</label2>
							<onclick>noop</onclick>
							<visible>!String.IsEmpty(ListItem.LastPlayed)</visible>
						</item>
					</content>
				</control>
				<control type="scrollbar" id="61">
					<visible allowhiddenfocus="true">Control.HasFocus(61)</visible>
					<left>2</left>
					<top>430</top>
					<width>1145</width>
					<height>10</height>
					<onup>9000</onup>
					<ondown>9000</ondown>
					<onleft>61</onleft>
					<onright>61</onright>
					<orientation>horizontal</orientation>
				</control>
				<control type="textbox" id="209">
					<animation effect="fade" time="300" start="0" end="100" delay="100">Visible</animation>
					<description>Plot</description>
					<left>5</left>
					<top>545</top>
					<width>1120</width>
					<height>395</height>
					<font>font15_textbox</font>
					<label>$VAR[MusicInfoDescription]</label>
					<pagecontrol>60</pagecontrol>
					<visible>![Control.HasFocus(204) | Control.HasFocus(203) | Control.HasFocus(208) | Control.HasFocus(150) | Control.HasFocus(50) | Control.HasFocus(555) | Control.HasFocus(61)]</visible>
				</control>
				<control type="scrollbar" id="60">
					<visible allowhiddenfocus="true">Control.HasFocus(60)</visible>
					<left>1140</left>
					<top>545</top>
					<width>10</width>
					<height>395</height>
					<onleft>9000</onleft>
					<onright>9000</onright>
					<orientation>vertical</orientation>
				</control>
				<control type="group">
		            <visible>Integer.IsGreater(Container(50).NumItems,0) + $EXP[isArtist]</visible>
		            <control type="image">
		            	<visible>Control.HasFocus(50)</visible>
		                <left>-9</left>
		                <top>560</top>
		                <width>397</width>
		                <height>397</height>
		                <animation effect="fade" time="320" delay="0">Visible</animation>
		                <animation effect="fade" time="200">Hidden</animation>
		                <texture colordiffuse="$VAR[ColorHighlightVar]">listselect_fo.png</texture>
		                <animation effect="slide" end="385,0" time="300" tween="cubic" easing="inout" condition="Container(50).Column(2)">Conditional</animation>
		                <animation effect="slide" end="385,0" time="300" tween="cubic" easing="inout" condition="Container(50).Column(2) | Container(50).Column(1)">Conditional</animation>
		            </control>
		        </control>
				<control type="panel" id="50">
					<visible>ControlGroup(9000).HasFocus(208) | ControlGroup(9000).HasFocus(203) | Control.HasFocus(555) | Control.HasFocus(50)</visible>
					<animation effect="fade" time="500" tween="inout" easing="sine" start="0" end="100" delay="200">Visible</animation>
					<animation effect="slide" start="0" end="6" time="0" condition="$EXP[isAlbum]">Conditional</animation>
					<left>-3</left>
					<top>566</top>
					<width>1155</width>
					<height>385</height>
					<onleft>50</onleft>
					<onright>50</onright>
					<onup>9000</onup>
					<ondown>9000</ondown>
					<viewtype label="">list</viewtype>
					<scrolltime tween="quadratic" easing="out">200</scrolltime>
					<orientation>horizontal</orientation>
					<itemlayout height="77" width="572" condition="$EXP[isAlbum]">
						<control type="label">
							<width>572</width>
							<height>77</height>
							<font>font15</font>
							<textoffsetx>20</textoffsetx>
							<selectedcolor>$VAR[ColorHighlightVar]</selectedcolor>
							<label>$INFO[ListItem.Tracknumber,,: ]$INFO[ListItem.Label]</label>
						</control>
					</itemlayout>
					<focusedlayout height="77" width="572" condition="$EXP[isAlbum]">
						<control type="image">
							<width>572</width>
							<height>77</height>
							<texture>listselect_fo.png</texture>
							<colordiffuse>$VAR[ListColorHighlightVar]</colordiffuse>
							<visible>Control.HasFocus(50)</visible>
							<include>VisibleFadeEffect</include>
						</control>
						<control type="label">
							<width>572</width>
							<height>77</height>
							<font>font15</font>
							<textoffsetx>20</textoffsetx>
							<label>$INFO[ListItem.Tracknumber,,: ]$INFO[ListItem.Label]</label>
						</control>
					</focusedlayout>
					<itemlayout height="385" width="385" condition="$EXP[isArtist]">
						<control type="image">
							<top>6</top>
							<left>6</left>
							<width>373</width>
							<height>373</height>
							<aspectratio align="center" aligny="center">scale</aspectratio>
							<texture background="true">$INFO[ListItem.Thumb]</texture>
						</control>
						<control type="image">
							<top>6</top>
							<left>6</left>
							<width>373</width>
							<height>373</height>
							<texture>thumbs/diffuse.png</texture>
						</control>
						<control type="image">
							<top>289</top>
							<left>6</left>
							<width>373</width>
							<height>90</height>
							<texture>black.png</texture>
							<colordiffuse>bbffffff</colordiffuse>
						</control>
						<control type="label">
							<left>16</left>
							<top>293</top>
							<width>353</width>
							<height>40</height>
							<font>font_Actor</font>
							<selectedcolor>$VAR[ColorHighlightVar]</selectedcolor>
							<label>$INFO[ListItem.Label]</label>
						</control>
						<control type="label">
							<left>16</left>
							<top>333</top>
							<width>353</width>
							<height>40</height>
							<font>font_Actor</font>
							<selectedcolor>$VAR[ColorHighlightVar]</selectedcolor>
							<label>$INFO[ListItem.Label2]</label>
						</control>
					</itemlayout>
					<focusedlayout height="385" width="385" condition="$EXP[isArtist]">
						<control type="group">
							<control type="image">
								<top>6</top>
								<left>6</left>
								<width>373</width>
								<height>373</height>
								<aspectratio align="center" aligny="center">scale</aspectratio>
								<texture background="true">$INFO[ListItem.Thumb]</texture>
							</control>
							<control type="image">
								<animation center="auto" condition="Control.HasFocus(50)" easing="inout" effect="fade" end="0" start="100" time="300" tween="sine">Focus</animation>
								<animation center="auto" condition="Control.HasFocus(50)" easing="inout" effect="fade" end="100" start="0" time="300" tween="sine">UnFocus</animation>
								<top>6</top>
								<left>6</left>
								<width>373</width>
								<height>373</height>
								<texture>thumbs/diffuse.png</texture>
							</control>
							<control type="image">
								<top>289</top>
								<left>6</left>
								<width>373</width>
								<height>90</height>
								<texture>black.png</texture>
								<colordiffuse>bbffffff</colordiffuse>
							</control>
							<control type="label">
								<left>16</left>
								<top>293</top>
								<width>353</width>
								<height>40</height>
								<font>font_Actor</font>
								<label>$INFO[ListItem.Label]</label>
							</control>
							<control type="label">
								<left>16</left>
								<top>333</top>
								<width>353</width>
								<height>40</height>
								<font>font_Actor</font>
								<label>$INFO[ListItem.Label2]</label>
							</control>
						</control>
					</focusedlayout>
				</control>
				<control type="label">
		            <left>862</left>
		            <top>960</top>
		            <width>300</width>
		            <height>40</height>
		            <font>font13_title</font>
		            <textoffsetx>15</textoffsetx>
		            <textcolor>disabled</textcolor>
		            <align>right</align>
		            <label>$INFO[Container(50).NumItems,[B], $LOCALIZE[31025][/B] ]$INFO[Container(50).CurrentPage]$INFO[Container(50).NumPages,/]</label>
		            <visible>Control.IsVisible(50) + Integer.IsGreater(Container(50).NumItems,0) + !Control.IsVisible(150)</visible>
		            <animation effect="fade" start="0" end="100" time="300" tween="sine" easing="inout">Visible</animation>
		        </control>
			</control>
            <control type="group">
                <include>VisibleFadeEffect</include>
                <visible>ControlGroup(9000).HasFocus()</visible>
                <height>30</height>
                <top>525</top>
                <left>-50</left>
                <control type="label">
                    <visible>Container(9000).HasPrevious</visible>
                    <width>30</width>
                    <height>30</height>
                    <align>center</align>
                    <label></label>
                    <font>IconTiny</font>
                    <textcolor>disabled</textcolor>
                </control>
                <control type="label">
                    <visible>Container(9000).HasNext</visible>
                    <left>1220</left>
                    <width>30</width>
                    <height>30</height>
                    <align>center</align>
                    <label></label>
                    <font>IconTiny</font>
                    <textcolor>disabled</textcolor>
                </control>
            </control>
			<control type="group">
				<left>2</left>
				<top>510</top>
				<control type="grouplist" id="9000">
					<width>1145</width>
					<height>60</height>
					<itemgap>10</itemgap>
					<onleft>9000</onleft>
					<onright>9000</onright>
					<align>left</align>
					<onup condition="Container(90050).HasNext | Container(90050).HasPrevious">61</onup>
					<ondown condition="Control.IsVisible(209) + [Container(209).HasNext | Container(209).HasPrevious]">60</ondown>
					<ondown condition="Control.IsVisible(50)">50</ondown>
					<ondown condition="Control.IsVisible(150)">150</ondown>
					<orientation>horizontal</orientation>
					<control type="togglebutton" id="5">
						<description>Description</description>
						<include>ButtonInfoDialogsCommonValues</include>
						<label>21887</label>
						<altlabel>21821</altlabel>
						<usealttexture>$EXP[isAlbum] | $EXP[isSong]</usealttexture>
					</control>
					<control type="button" id="203">
						<description>Discography</description>
						<include>ButtonInfoDialogsCommonValues</include>
						<label>21888</label>
						<visible>$EXP[isArtist]</visible>
					</control>
					<control type="button" id="208">
						<description>Tracks</description>
						<include>ButtonInfoDialogsCommonValues</include>
						<label>182</label>
						<enable>Integer.IsGreater(Container(50).NumItems,0)</enable>
						<visible>$EXP[isAlbum]</visible>
					</control>
					<!--<control type="button" id="204">
						<description>YouTube</description>
						<include>ButtonInfoDialogsCommonValues</include>
						<label>31070</label>
						<onclick>noop</onclick>
						<enable>System.HasAddon(script.extendedinfo)</enable>
						<visible>$EXP[isArtist] | $EXP[isAlbum] | $EXP[isSong]</visible>
					</control>-->
					<control type="button" id="7">
						<description>User ratings</description>
						<include>ButtonInfoDialogsCommonValues</include>
						<label>38023</label>
					</control>
					<control type="button" id="10">
						<description>Get Thumb</description>
						<include>ButtonInfoDialogsCommonValues</include>
						<label>13405</label>
						<enable>!Skin.HasSetting(KioskMode.Enabled)</enable>
					</control>
					<control type="button" id="12">
						<description>Get Fanart</description>
						<include>ButtonInfoDialogsCommonValues</include>
						<label>20413</label>
						<enable>!Skin.HasSetting(KioskMode.Enabled)</enable>
						<visible>!String.IsEqual(Control.GetLabel(12),$LOCALIZE[10523])</visible>
					</control>
					<control type="button" id="6">
						<description>Refresh</description>
						<font>IconMedium</font>
						<width>68</width>
						<include>ButtonInfoDialogsCommonValues</include>
						<label></label>
						<visible>False</visible>
					</control>
					<control type="button" id="206">
						<description>Refresh</description>
						<include>ButtonInfoDialogsCommonValues</include>
						<label>184</label>
						<onclick>SendClick(6)</onclick>
						<enable>!Skin.HasSetting(KioskMode.Enabled)</enable>
					</control>
					<control type="button" id="207">
						<description>Extras</description>
						<include>ButtonInfoDialogsCommonValues</include>
						<label>22082</label>
						<onclick>RunScript(script.mimic.extras)</onclick>
						<enable>!String.IsEmpty(ListItem.Art(fanart)) + !Skin.HasSetting(KioskMode.Enabled)</enable>
					</control>
				</control>
				<control type="button" id="555">
					<description>fake button for mouse support</description>
					<left>231</left>
					<top>570</top>
					<height>34</height>
					<texturefocus>blank.png</texturefocus>
					<texturenofocus>blank.png</texturenofocus>
					<include>ButtonInfoDialogsCommonValues</include>
					<visible>Control.IsEnabled(208)</visible>
				</control>
			</control>
		</control>
		<control type="group">
			<include>Animation.Common</include>
			<top>190</top>
			<left>72</left>
			<control type="image">
				<width>560</width>
				<height>560</height>
				<aspectratio align="center" aligny="center">keep</aspectratio>
				<texture background="true" diffuse="thumbs/colorbox_poster_mask.png" colordiffuse="$VAR[LibColorHighlightVar]">$VAR[FocusImage]</texture>
			</control>
			<control type="image">
				<width>560</width>
				<height>560</height>
				<aspectratio scalediffuse="false" align="center" aligny="center">scale</aspectratio>
				<bordersize>20</bordersize>
				<texture background="true">$INFO[ListItem.Icon]</texture>
			</control>
			<control type="image">
				<top>560</top>
				<width>560</width>
				<height>260</height>
				<aspectratio>keep</aspectratio>
				<texture background="true">$INFO[Window(Home).Property(SkinHelper.Music.ClearLogo)]</texture>
			</control>
		</control>
		<include>Topbar</include>
		<control type="group">
			<visible allowhiddenfocus="true">Control.HasFocus(90400)</visible>
			<include>VisibleFadeEffect</include>
			<control type="button" id="90400">
				<description>FS Fanart button</description>
				<width>FullScreenWidth</width>
				<height>1080</height>
				<texturefocus>-</texturefocus>
				<texturenofocus>-</texturenofocus>
				<onclick>SetFocus(9000)</onclick>
				<onleft>SetFocus(9000)</onleft>
				<onright>SetFocus(9000)</onright>
				<onup>SetFocus(9000)</onup>
				<ondown>SetFocus(9000)</ondown>
				<label>-</label>
				<hitrect x="0" y="0" w="0" h="0"/>
			</control>
			<control type="image">
				<include>FullscreenDimensions</include>
				<texture>$INFO[ListItem.Art(fanart)]</texture>
			</control>
		</control>
	</controls>
</window>