<?xml version="1.0" encoding="UTF-8"?>
<window>
	<coordinates>
	<left>0</left>
	<top>0</top>
	</coordinates>
	<include>dialogeffect</include>
	<controls>
		<control type="group">
			<control type="image">
				<description>background image</description>
				<width>1920</width>
				<height>120</height>
				<texture>background.png</texture>
				<colordiffuse>$VAR[ListColorHighlightVar]</colordiffuse>
			</control>
			<control type="image" id="400">
				<left>20</left>
				<top>20</top>
				<width>80</width>
				<height>80</height>
				<aspectratio>stretch</aspectratio>
			</control>
			<control type="fadelabel" id="401">
				<description>Line 1 Label</description>
				<left>120</left>
				<top>20</top>
				<right>20</right>
				<height>40</height>
				<font>font28_title</font>
				<scrollout>false</scrollout>
				<pauseatend>2000</pauseatend>
			</control>
			<control type="fadelabel" id="402">
				<description>Line 2 Label</description>
				<left>120</left>
				<top>60</top>
				<right>20</right>
				<height>40</height>
				<font>topbar</font>
				<textcolor>$VAR[ColorHighlightVar]</textcolor>
				<scrollout>false</scrollout>
				<pauseatend>2000</pauseatend>
			</control>
		</control>
	</controls>
</window>