<?xml version="1.0" encoding="UTF-8"?>
<window>
	<defaultcontrol>1</defaultcontrol>
	<coordinates>
		<system>0</system>
		<top>340</top>
		<left>760</left>
	</coordinates>
	<controls>
		<control type="progress" id="20">
            <include>HiddenObject</include>
            <info>Player.Volume</info>
        </control>
        <control type="group">
            <visible>!Window.IsActive(startup)</visible>
            <animation effect="fade" start="0" end="100" time="150">WindowOpen</animation>
            <animation effect="fade" start="100" end="0" time="150">WindowClose</animation>
            <control type="image">
                <width>400</width>
                <height>400</height>
                <texture colordiffuse="$VAR[ColorHighlightVar]">progress/images/inner$INFO[Control.GetLabel(20)]%.png</texture>
            </control>
            <control type="image">
                <width>400</width>
                <height>400</height>
                <texture colordiffuse="$VAR[ColorHighlightVar]">progress/images/inner0%.png</texture>
                <animation effect="fade" start="100" end="0" delay="300" time="500" tween="sine" condition="!Player.Muted">Conditional</animation>
            </control>
        </control>
	</controls>
</window>