<?xml version="1.0" encoding="UTF-8"?>
<window>
	<defaultcontrol>10</defaultcontrol>
	<coordinates>
		<system>1</system>
		<left>211</left>
		<top>300</top>
	</coordinates>
	<include>dialogeffect</include>
	<controls>
		<include content="DialogBackgroundCommons">
			<param name="DialogBackgroundWidth" value="1498" />
			<param name="DialogBackgroundHeight" value="480" />
			<param name="DialogHeaderLabel" value="$LOCALIZE[13406]" />
			<param name="DialogHeaderId" value="2" />
		</include>
		<control type="label">
			<description>path label</description>
			<left>30</left>
			<top>72</top>
			<width>1140</width>
			<height>60</height>
			<textoffsetx>15</textoffsetx>
			<font>font14</font>
			<label>1021</label>
			<textcolor>disabled</textcolor>
		</control>
		<control type="group">
			<left>30</left>
			<top>132</top>
			<control type="list" id="10">
				<left>1</left>
				<top>2</top>
				<width>786</width>
				<height>180</height>
				<onup>12</onup>
				<onleft>9001</onleft>
				<onright>60</onright>
				<ondown>12</ondown>
				<pagecontrol>60</pagecontrol>
				<scrolltime tween="quadratic" easing="out">200</scrolltime>
				<itemlayout height="60">
					<control type="label">
						<width>735</width>
						<height>60</height>
						<font>font14</font>
						<textoffsetx>15</textoffsetx>
						<selectedcolor>$VAR[ColorHighlightVar]</selectedcolor>
						<label>$INFO[ListItem.Label]</label>
					</control>
				</itemlayout>
				<focusedlayout height="60">
					<control type="image">
						<width>786</width>
						<height>60</height>
						<texture>listselect_fo.png</texture>
						<colordiffuse>$VAR[ListColorHighlightVar]</colordiffuse>
						<visible>Control.HasFocus(10)</visible>
						<include>VisibleFadeEffect</include>
					</control>
					<control type="label">
						<width>735</width>
						<height>60</height>
						<font>font14</font>
						<textoffsetx>15</textoffsetx>
						<label>$INFO[ListItem.Label]</label>
					</control>
				</focusedlayout>
			</control>
			<control type="scrollbar" id="60">
				<left>790</left>
				<top>2</top>
				<width>10</width>
				<height>180</height>
				<onleft>10</onleft>
				<onright>9000</onright>
				<orientation>vertical</orientation>
			</control>
		</control>
		<control type="group">
			<left>832</left>
			<top>132</top>
			<control type="grouplist" id="9000">
				<left>1</left>
				<top>2</top>
				<onup>12</onup>
				<ondown>12</ondown>
				<onleft>60</onleft>
				<onright>9001</onright>
				<control type="button" id="11">
					<description>Browse Button</description>
					<width>310</width>
					<label>1024</label>
				</control>
				<control type="button" id="13">
					<description>Add Path Button</description>
					<width>310</width>
					<label>15019</label>
				</control>
				<control type="button" id="14">
					<description>Remove Path Button</description>
					<width>310</width>
					<label>1210</label>
				</control>
			</control>
		</control>
		<control type="group">
			<left>1156</left>
			<top>132</top>
			<control type="grouplist" id="9001">
				<left>1</left>
				<top>2</top>
				<onup>9001</onup>
				<onleft>9000</onleft>
				<onright>10</onright>
				<ondown>9001</ondown>
				<control type="button" id="18">
					<description>Ok Button</description>
					<width>310</width>
					<label>186</label>
					<font>font15</font>
				</control>
				<control type="button" id="19">
					<description>Cancel Button</description>
					<width>310</width>
					<label>222</label>
					<font>font15</font>
				</control>
			</control>
		</control>
		<control type="group">
			<left>30</left>
			<top>328</top>
			<control type="label">
				<description>Name label</description>
				<width>1114</width>
				<height>60</height>
				<textoffsetx>15</textoffsetx>
				<font>font14</font>
				<label>1022</label>
				<textcolor>disabled</textcolor>
			</control>
			<control type="edit" id="12">
				<description>Name Button</description>
				<top>60</top>
				<width>1114</width>
				<align>center</align>
				<label>-</label>
				<onup>10</onup>
				<onleft>12</onleft>
				<onright>19</onright>
				<ondown>9001</ondown>
			</control>
		</control>
	</controls>
</window>