<?xml version="1.0" encoding="UTF-8"?>
<window>
	<zorder>2</zorder>
	<onload>ActivateWindow(videoosd)</onload>
	<menucontrol>9000</menucontrol>
	<visible>Window.IsActive(videoosd) + [Player.Paused | Player.Seeking | Player.DisplayAfterSeek | Player.Forwarding | Player.Rewinding] + VideoPlayer.IsFullscreen + ![Window.IsVisible(fullscreeninfo) | Window.IsVisible(musicosd) | Window.IsVisible(OSDVideoSettings) | Window.IsVisible(OSDAudioSettings) | Window.IsVisible(PVROSDGuide) | Window.IsVisible(PVROSDTeletext) | Window.IsVisible(PVROSDChannels) | Window.IsVisible(subtitlesearch) | Window.IsVisible(videobookmarks) | Window.IsActive(script.pseudotv.TVOverlay.xml) | Window.IsActive(script.pseudotv.live.TVOverlay.xml)]</visible>
	<controls>
		<control type="group">
			<left>0</left>
			<top>797</top>
			<control type="label" id="101">
				<label>$VAR[SeekLabel]</label>
				<top>3333</top>
			</control>
			<control type="button">
				<left>102</left>
				<top>59</top>
				<width>1715</width>
				<height>45</height>
				<font>topbar</font>
				<align>left</align>
				<aligny>center</aligny>
				<textoffsetx>15</textoffsetx>
				<scroll>true</scroll>
				<scrollspeed>150</scrollspeed>
				<textcolor>$VAR[ColorMenuVar]</textcolor>
				<label>$VAR[SeekLabel]</label>
				<label2></label2>
				<onclick>noop</onclick>
				<texturefocus>blank.png</texturefocus>
				<visible>!String.IsEmpty(Control.GetLabel(101))</visible>
			</control>
		</control>
	</controls>
</window>