<?xml version="1.0" encoding="UTF-8"?>
<window type="buttonMenu">
	<zorder>2</zorder>
	<onload condition="!Window.IsActive(VideoOSD.xml) + Window.IsActive(VideoFullScreen.xml)">ActivateWindow(videoosd)</onload>
	<defaultcontrol>9001</defaultcontrol>
	<animation type="WindowOpen" reversible="false">
		<effect type="fade" delay="300" end="100" time="300" />
	</animation>
	<!--
	<animation type="WindowClose" reversible="false">
		<effect type="slide" time="300" delay="0" start="0" end="0,483" tween="cubic" reversible="true" />
	</animation>
	-->
	<coordinates>
		<system>1</system>
		<left>0</left>
		<top>0</top>
	</coordinates>
	<controls>
		<control type="group" id="9001">
			<top>797</top>
			<control type="wraplist" id="9010">
				<include content="SubMenuListDefault">
					<param name="SubmenuLeft" value="-124" />
					<param name="SubmenuTop" value="-193" />
					<param name="SubMenuContainerWidth" value="2540" />
					<param name="SubmenuItemHeight" value="384" />
					<param name="SubmenuOrientation" value="Horizontal" />
					<param name="SubmenuFocusposition" value="3" />
				</include>
			</control>
		</control>
	</controls>
</window>