<?xml version="1.0" encoding="UTF-8"?>
<includes>
	<include name="VideoButtonsGroup">
		<control type="group" id="97632">
			<top>488</top>
			<control type="wraplist" id="9000">
				<animation effect="fade" start="100" end="0" time="0" tween="quadratic" easing="out" condition="true">Conditional</animation>
				<top>20</top>
				<left>110</left>
				<height>144</height>
				<width>FullScreenWidth</width>
				<align>left</align>
				<itemgap>0</itemgap>
				<scrolltime tween="sine">200</scrolltime>
				<orientation>horizontal</orientation>
				<onup>back</onup>
				<ondown>703</ondown>
				<onleft>202</onleft>
				<onright>202</onright>
					<itemlayout height="120" width="1150"></itemlayout>
					<focusedlayout height="120" width="1150"></focusedlayout>
					<content>
						<item>
							<label></label>
							<label2>$LOCALIZE[478] $LOCALIZE[14221] $LOCALIZE[1390]</label2>
							<icon>$INFO[Skin.String(MenuDefaultIconsPath)]media/audio.ico</icon>
							<thumb>$INFO[Skin.String(MenuDefaultIconsPath)]media/audio.ico</thumb>
					<onclick>SetProperty(RefreshItem,$LOCALIZE[13396],home)</onclick>
							<onclick>ActivateWindow(osdaudiosettings)</onclick>
						</item>
						<item>
							<label></label>
							<label2>$LOCALIZE[478] $LOCALIZE[13280] $LOCALIZE[1390]</label2>
							<icon>$INFO[Skin.String(MenuDefaultIconsPath)]media/video.ico</icon>
							<thumb>$INFO[Skin.String(MenuDefaultIconsPath)]media/video.ico</thumb>
					<onclick>SetProperty(RefreshItem,$LOCALIZE[13395],home)</onclick>
							<onclick>ActivateWindow(osdvideosettings)</onclick>
						</item>
						<item>
							<label></label>
							<label2>210</label2>
							<icon>$INFO[Skin.String(MenuDefaultIconsPath)]media/previous.ico</icon>
							<thumb>$INFO[Skin.String(MenuDefaultIconsPath)]media/previous.ico</thumb>
							<onclick>PlayerControl(Previous)</onclick>
						</item>
						<item>
							<label></label>
							<label2>31990</label2>
							<icon>$INFO[Skin.String(MenuDefaultIconsPath)]media/rewind.ico</icon>
							<thumb>$INFO[Skin.String(MenuDefaultIconsPath)]media/rewind.ico</thumb>
							<onclick>PlayerControl(Rewind)</onclick>
						</item>
						<item>
							<label></label>
							<label2>208</label2>
							<icon>$INFO[Skin.String(MenuDefaultIconsPath)]media/play.ico</icon>
							<thumb>$INFO[Skin.String(MenuDefaultIconsPath)]media/play.ico</thumb>
							<onclick>PlayerControl(Play)</onclick>
							<visible>Player.Paused | Player.Forwarding | Player.Rewinding</visible>
						</item>
						<item>
							<label></label>
							<label2>36045</label2>
							<icon>$INFO[Skin.String(MenuDefaultIconsPath)]media/pause.ico</icon>
							<thumb>$INFO[Skin.String(MenuDefaultIconsPath)]media/pause.ico</thumb>
							<onclick>PlayerControl(Play)</onclick>
							<visible>!Player.Paused + !Player.Forwarding + !Player.Rewinding</visible>
						</item>
						<item>
							<label></label>
							<label2>244</label2>
							<icon>$INFO[Skin.String(MenuDefaultIconsPath)]media/close.ico</icon>
							<thumb>$INFO[Skin.String(MenuDefaultIconsPath)]media/close.ico</thumb>
							<onclick>Skin.SetString(_kill_feking_seekbar,1)</onclick>
							<onclick>back</onclick>
							<onclick>Dialog.Close(all,true)</onclick>
						</item>
						<item>
							<label></label>
							<label2>36044</label2>
							<icon>$INFO[Skin.String(MenuDefaultIconsPath)]media/stop.ico</icon>
							<thumb>$INFO[Skin.String(MenuDefaultIconsPath)]media/stop.ico</thumb>
							<onclick>PlayerControl(Stop)</onclick>
							<onclick>Dialog.Close(all,true)</onclick>
						</item>
						<item>
							<label></label>
							<label2>31991</label2>
							<icon>$INFO[Skin.String(MenuDefaultIconsPath)]media/forward.ico</icon>
							<thumb>$INFO[Skin.String(MenuDefaultIconsPath)]media/forward.ico</thumb>
							<onclick>PlayerControl(Forward)</onclick>
						</item>
						<item>
							<label></label>
							<label2>209</label2>
							<icon>$INFO[Skin.String(MenuDefaultIconsPath)]media/next.ico</icon>
							<thumb>$INFO[Skin.String(MenuDefaultIconsPath)]media/next.ico</thumb>
							<onclick>PlayerControl(Next)</onclick>
						</item>
						<item>
							<label></label>
							<label2>287</label2>
							<icon>$INFO[Skin.String(MenuDefaultIconsPath)]media/subtitles.ico</icon>
							<thumb>$INFO[Skin.String(MenuDefaultIconsPath)]media/subtitles.ico</thumb>
							<onclick>Close</onclick>
							<onclick>ActivateWindow(SubtitleSearch)</onclick>
						</item>
						<item>
							<label></label>
							<label2>$LOCALIZE[13280] $LOCALIZE[29915]</label2>
							<icon>$INFO[Skin.String(MenuDefaultIconsPath)]media/videoinfo.ico</icon>
							<thumb>$INFO[Skin.String(MenuDefaultIconsPath)]media/videoinfo.ico</thumb>
							<onclick>PlayerControl(ShowVideoMenu)</onclick>
							<visible>VideoPlayer.HasMenu</visible>
						</item>
						<item>
							<label></label>
							<label2>13320</label2>
							<icon>$INFO[Skin.String(MenuDefaultIconsPath)]media/stereo.ico</icon>
							<thumb>$INFO[Skin.String(MenuDefaultIconsPath)]media/stereo.ico</thumb>
							<onclick>StereoMode</onclick>
							<visible>VideoPlayer.IsStereoscopic</visible>
						</item>
						<item>
							<label></label>
							<label2>29915</label2>
							<icon>$INFO[Skin.String(MenuDefaultIconsPath)]media/info.ico</icon>
							<thumb>$INFO[Skin.String(MenuDefaultIconsPath)]media/info.ico</thumb>
							<onclick>Close</onclick>
							<onclick>ActivateWindow(fullscreeninfo)</onclick>
							<visible>VideoPlayer.Content(movies) | VideoPlayer.Content(episodes) | VideoPlayer.Content(files)</visible>
						</item>
					</content>
					<!--
				-->
			</control>
		</control>
	</include>
</includes>
