<?xml version="1.0" encoding="UTF-8"?>
<includes>
	<include name="HomeDefault">
		<control type="group">
			<animation effect="slide" time="0" start="0,0" end="0,-70" condition="system.getbool(lookandfeel.enablerssfeeds)">Conditional</animation>
			<top>797</top>
			<!-- Main Menu (Includes_Home.xml) -->
			<control type="image">
				<visible>!Control.HasFocus(501)</visible>
				<!-- homemenu3d -->
				<animation effect="slide" time="300" delay="0" start="0" end="0,-320" tween="cubic" reversible="true" condition="[!Window.IsVisible(musicinformation) + !Window.IsVisible(movieinformation) + [String.IsEqual(Container(9000).ListItem.Property(widget),weather) + Weather.IsFetched] | [!Window.IsVisible(musicinformation) + !Window.IsVisible(movieinformation) + [[!ControlGroup(97631).HasFocus + String.Contains(Window.Property(xmlfile), etting)] | [!ControlGroup(97631).HasFocus + Window.IsActive(script-skinshortcuts.xml)] | Window.IsVisible(DialogFullScreenInfo.xml) | Window.IsVisible(DialogKeyboard.xml) | Window.IsVisible(DialogSubtitles.xml) | Window.IsVisible(DialogSettings.xml) | Window.IsVisible(FileBrowser.xml) | Window.IsVisible(DialogContextMenu.xml) | Window.IsVisible(DialogAddonSettings.xml) | Window.IsVisible(DialogAddonInfo.xml) | Window.IsVisible(DialogSelect.xml)]] | [!Control.IsVisible(12345) + !String.IsEqual(Container(9000).ListItem.Property(widget),weather) + !String.IsEmpty(Container(9000).ListItem.Property(widgetName))]]">Conditional</animation>

				<animation effect="slide" time="300" delay="0" start="0" end="0,-320" tween="cubic" reversible="true" condition="[[Window.IsVisible(DialogConfirm.xml) | Window.IsVisible(DialogButtonMenu.xml) | Control.Hasfocus(9010)] + [Control.IsVisible(12345) | String.IsEmpty(Container(9000).ListItem.Property(widgetName))]]">Conditional</animation>


				<fadetime>400</fadetime>

				<width>FullScreenWidth</width>
				<height>1080</height>
				<texture background="true">$VAR[MenuPanelBackground]</texture>
				<colordiffuse>$VAR[MenuPanelBackgroundColorHighlightVar]</colordiffuse>
			</control>
			<control type="image">
				<visible>Control.HasFocus(501)</visible>
				<!-- homemenu3d -->
				<animation effect="slide" time="300" delay="0" start="0" end="0,-320" tween="cubic" reversible="true" condition="[!Window.IsVisible(musicinformation) + !Window.IsVisible(movieinformation) + [String.IsEqual(Container(9000).ListItem.Property(widget),weather) + Weather.IsFetched] | [!Window.IsVisible(musicinformation) + !Window.IsVisible(movieinformation) + [[!ControlGroup(97631).HasFocus + String.Contains(Window.Property(xmlfile), etting)] | [!ControlGroup(97631).HasFocus + Window.IsActive(script-skinshortcuts.xml)] | Window.IsVisible(DialogFullScreenInfo.xml) | Window.IsVisible(DialogKeyboard.xml) | Window.IsVisible(DialogSubtitles.xml) | Window.IsVisible(DialogSettings.xml) | Window.IsVisible(FileBrowser.xml) | Window.IsVisible(DialogContextMenu.xml) | Window.IsVisible(DialogAddonSettings.xml) | Window.IsVisible(DialogAddonInfo.xml) | Window.IsVisible(DialogSelect.xml)]] | [!Control.IsVisible(12345) + !String.IsEqual(Container(9000).ListItem.Property(widget),weather) + !String.IsEmpty(Container(9000).ListItem.Property(widgetName))]]">Conditional</animation>

				<animation effect="slide" time="300" delay="0" start="0" end="0,-320" tween="cubic" reversible="true" condition="[[Window.IsVisible(DialogConfirm.xml) | Window.IsVisible(DialogButtonMenu.xml) | Control.Hasfocus(9010)] + [Control.IsVisible(12345) | String.IsEmpty(Container(9000).ListItem.Property(widgetName))]]">Conditional</animation>



				<aspectratio align="center" aligny="center">scale</aspectratio>
				<fadetime>400</fadetime>

				<width>FullScreenWidth</width>
				<height>120</height>
				<texture background="true">$VAR[MenuPanelBackground]</texture>
				<colordiffuse>$VAR[MenuPanelBackgroundColorHighlightVar]</colordiffuse>
			</control>
			<include>MainMenuList</include>	
		</control>
		<include condition="system.getbool(lookandfeel.enablerssfeeds)">RSSFeedWidget</include>
		<include>WeatherHomeWidget</include>
		<include>HomeDefaultWidgets</include>
	</include>
</includes>