<?xml version="1.0" encoding="UTF-8"?>
<includes>
	<include name="FocusedImageWidget">

		<control type="image">
			<visible>Control.HasFocus($PARAM[FocusImageWidgetID])</visible>
			<left>23</left>
			<top>604</top>
			<width>219</width>
			<height>316</height>
			<animation delay="200" effect="fade" time="320">Visible</animation>
			<animation effect="fade" time="200">Hidden</animation>
			<fadetime>2000</fadetime>
			<texture colordiffuse="$VAR[LibColorHighlightVar]">$VAR[FocusImage]</texture>
			<animation condition="Integer.IsGreater(Container($PARAM[FocusImageWidgetID]).Column,8)" easing="inout" effect="slide" end="207,0" time="300" tween="cubic">Conditional</animation>
			<animation condition="Integer.IsGreater(Container($PARAM[FocusImageWidgetID]).Column,7)" easing="inout" effect="slide" end="207,0" time="300" tween="cubic">Conditional</animation>
			<animation condition="Integer.IsGreater(Container($PARAM[FocusImageWidgetID]).Column,6)" easing="inout" effect="slide" end="207,0" time="300" tween="cubic">Conditional</animation>
			<animation condition="Integer.IsGreater(Container($PARAM[FocusImageWidgetID]).Column,5)" easing="inout" effect="slide" end="207,0" time="300" tween="cubic">Conditional</animation>
			<animation condition="Integer.IsGreater(Container($PARAM[FocusImageWidgetID]).Column,4)" easing="inout" effect="slide" end="207,0" time="300" tween="cubic">Conditional</animation>
			<animation condition="Integer.IsGreater(Container($PARAM[FocusImageWidgetID]).Column,3)" easing="inout" effect="slide" end="207,0" time="300" tween="cubic">Conditional</animation>
			<animation condition="Integer.IsGreater(Container($PARAM[FocusImageWidgetID]).Column,2)" easing="inout" effect="slide" end="207,0" time="300" tween="cubic">Conditional</animation>
			<animation condition="Integer.IsGreater(Container($PARAM[FocusImageWidgetID]).Column,1)" easing="inout" effect="slide" end="207,0" time="300" tween="cubic">Conditional</animation>
			<animation condition="Integer.IsGreater(Container($PARAM[FocusImageWidgetID]).Column,0)" easing="inout" effect="slide" end="207,0" time="300" tween="cubic">Conditional</animation>
		</control>

	</include>
	<include name="FixedWrapWidgetContent">
        <animation effect="fade" start="100" end="0" time="0" reversible="false" condition="Container($PARAM[id]).IsUpdating | Window.IsVisible(favourites) | Window.IsVisible(script-globalsearch-main.xml) | Window.IsVisible(script-lazytv-main.xml) | Window.IsVisible(script-lazytv-BigScreenList.xml)">Conditional</animation>
        <animation effect="fade" start="0" end="100" time="200" reversible="false" condition="![Container($PARAM[id]).IsUpdating | Window.IsVisible(favourites) | Window.IsVisible(script-globalsearch-main.xml) | Window.IsVisible(script-lazytv-main.xml) | Window.IsVisible(script-lazytv-BigScreenList.xml)]">Conditional</animation>
        <animation effect="slide" time="200" tween="sine" easing="inout" end="0,700" start="0">WindowClose</animation>
        <left>0</left>
        <top>554</top>
        <width>FullScreenWidth</width>
        <height>360</height>
        <onup condition="!Window.IsActive(home)">50</onup>
        <onup>9000</onup>
        <ondown>9000</ondown>
        <onback>9000</onback>
        <viewtype label="535">list</viewtype>
        <focusposition>0</focusposition>
        <pagecontrol>-</pagecontrol>
        <preloaditems>2</preloaditems>
        <scrolltime tween="sine" easing="out">240</scrolltime>
        <orientation>horizontal</orientation>
        <visible>!String.IsEmpty(Container(9000).ListItem.Property(widgetPath))</visible>
        <autoscroll time="10000" delay="10000" repeat="10000">Control.IsVisible(9003) + !Control.HasFocus($PARAM[id]) + !Skin.HasSetting(Disable.WidgetAutoScroll)</autoscroll>
        
        <!-- Poster -->
        <itemlayout height="320" width="220" condition="!String.IsEqual(Container(9000).ListItem.Property(widgetIcon),$LOCALIZE[31313]) + !String.IsEqual(Container(9000).ListItem.Property(widgetIcon),$LOCALIZE[31100])">
            <control type="image">
                <visible>String.IsEmpty(ListItem.Art(tvshow.poster))</visible>
                <top>30</top>
                <left>90</left>
                <width>200</width>
                <height>300</height>
                <aspectratio aligny="center" align="center">scale</aspectratio>
                <texture background="true" fallback="DefaultFallback.png">$INFO[ListItem.Art(thumb)]</texture>
            </control>
            <control type="image">
                <visible>!String.IsEmpty(ListItem.Art(tvshow.poster))</visible>
                <top>30</top>
                <left>90</left>
                <width>200</width>
                <height>300</height>
                <aspectratio aligny="center" align="center">scale</aspectratio>
                <texture background="true" fallback="DefaultFallback.png">$INFO[ListItem.Art(tvshow.poster)]</texture>
            </control>
            <control type="image">
                <top>30</top>
                <left>90</left>
                <width>200</width>
                <height>300</height>
                <texture>thumbs/diffuse.png</texture>
            </control>
        </itemlayout>
        <focusedlayout height="320" width="220" condition="!String.IsEqual(Container(9000).ListItem.Property(widgetIcon),$LOCALIZE[31313]) + !String.IsEqual(Container(9000).ListItem.Property(widgetIcon),$LOCALIZE[31100])">
            <control type="group">
                <animation center="190,180" easing="inout" effect="zoom" end="136" start="100" time="300" tween="sine">Focus</animation>
                <animation center="190,180" easing="inout" effect="zoom" end="100" start="136" time="300" tween="sine">UnFocus</animation>
				<control type="button">
					<texturefocus>-</texturefocus>
					<texturenofocus>-</texturenofocus>
					<onfocus condition="!String.IsEmpty(Container($PARAM[id]).ListItem.Art(tvshow.poster))">SetProperty(FIVE_daemon_fallback,$INFO[Container($PARAM[id]).ListItem.Art(tvshow.poster)],home)</onfocus>
					<onfocus condition="String.IsEmpty(Container($PARAM[id]).ListItem.Art(tvshow.poster))">SetProperty(FIVE_daemon_fallback,$INFO[Container($PARAM[id]).ListItem.Art(thumb)],home)</onfocus>
				</control>
                <control type="image">
                    <visible>String.IsEmpty(ListItem.Art(tvshow.poster))</visible>
                    <top>30</top>
                    <left>90</left>
                    <width>200</width>
                    <height>300</height>
                    <aspectratio aligny="center" align="center">scale</aspectratio>
                    <texture background="true" fallback="DefaultFallback.png">$INFO[ListItem.Art(thumb)]</texture>
                </control>
                <control type="image">
                    <visible>!String.IsEmpty(ListItem.Art(tvshow.poster))</visible>
                    <top>30</top>
                    <left>90</left>
                    <width>200</width>
                    <height>300</height>
                    <aspectratio aligny="center" align="center">scale</aspectratio>
                    <texture background="true" fallback="DefaultFallback.png">$INFO[ListItem.Art(tvshow.poster)]</texture>
                </control>
                <control type="image">
                    <top>30</top>
                    <left>90</left>
                    <width>200</width>
                    <height>300</height>
                    <texture>thumbs/diffuse.png</texture>
                    <animation center="auto" condition="Control.HasFocus($PARAM[id])" easing="inout" effect="fade" end="0" start="100" time="300" tween="sine">Focus</animation>
                    <animation center="auto" condition="Control.HasFocus($PARAM[id])" easing="inout" effect="fade" end="100" start="0" time="300" tween="sine">UnFocus</animation>
                </control>
            </control>
        </focusedlayout>

        <!-- Square -->
        <itemlayout height="300" width="330" condition="String.IsEqual(Container(9000).ListItem.Property(widgetIcon),$LOCALIZE[31313])">
            <control type="image">
                <top>30</top>
                <left>148</left>
                <width>300</width>
                <height>300</height>
                <aspectratio aligny="center" align="center">scale</aspectratio>
                <texture background="true" fallback="DefaultFolder.png">$INFO[ListItem.Icon]</texture>
            </control>
            <control type="image">
                <top>30</top>
                <left>148</left>
                <width>300</width>
                <height>300</height>
                <texture>thumbs/diffuse.png</texture>
            </control>
        </itemlayout>
        <focusedlayout height="300" width="330" condition="String.IsEqual(Container(9000).ListItem.Property(widgetIcon),$LOCALIZE[31313])">
            <control type="group">
                <animation center="298,180" easing="inout" effect="zoom" end="136" start="100" time="300" tween="sine">Focus</animation>
                <animation center="298,180" easing="inout" effect="zoom" end="100" start="136" time="300" tween="sine">UnFocus</animation>
				<control type="button">
					<texturefocus>-</texturefocus>
					<texturenofocus>-</texturenofocus>
					<onfocus>SetProperty(FIVE_daemon_fallback,$INFO[Container($PARAM[id]).ListItem.Icon],home)</onfocus>
				</control>
                <control type="image">
                    <top>30</top>
                    <left>148</left>
                    <width>300</width>
                    <height>300</height>
                    <aspectratio aligny="center" align="center">scale</aspectratio>
                    <texture background="true" fallback="DefaultFolder.png">$INFO[ListItem.Icon]</texture>
                </control>
                <control type="image">
                    <top>30</top>
                    <left>148</left>
                    <width>300</width>
                    <height>300</height>
                    <texture>thumbs/diffuse.png</texture>
                    <animation center="auto" condition="Control.HasFocus($PARAM[id])" easing="inout" effect="fade" end="0" start="100" time="300" tween="sine">Focus</animation>
                    <animation center="auto" condition="Control.HasFocus($PARAM[id])" easing="inout" effect="fade" end="100" start="0" time="300" tween="sine">UnFocus</animation>
                </control>
            </control>
        </focusedlayout>

        <!-- Landscape -->
        <itemlayout height="300" width="563" condition="String.IsEqual(Container(9000).ListItem.Property(widgetIcon),$LOCALIZE[31100])">
            <control type="image">
                <top>30</top>
                <left>130</left>
                <width>533</width>
                <height>300</height>
                <aspectratio aligny="center" align="center">scale</aspectratio>
                <texture background="true">$VAR[LandscapeWidgetArt]</texture>
            </control>
            <control type="image">
                <top>30</top>
                <left>130</left>
                <width>533</width>
                <height>300</height>
                <texture>thumbs/diffuse.png</texture>
            </control>
        </itemlayout>
        <focusedlayout height="300" width="563" condition="String.IsEqual(Container(9000).ListItem.Property(widgetIcon),$LOCALIZE[31100])">
            <control type="group">
                <animation center="396,180" easing="inout" effect="zoom" end="136" start="100" time="300" tween="sine">Focus</animation>
                <animation center="396,180" easing="inout" effect="zoom" end="100" start="136" time="300" tween="sine">UnFocus</animation>
				<control type="button">
					<texturefocus>-</texturefocus>
					<texturenofocus>-</texturenofocus>
					<onfocus condition="!String.IsEmpty(Container($PARAM[id]).ListItem.Art(tvshow.poster))">SetProperty(FIVE_daemon_fallback,$INFO[Container($PARAM[id]).ListItem.Art(tvshow.poster)],home)</onfocus>
					<onfocus condition="String.IsEmpty(Container($PARAM[id]).ListItem.Art(tvshow.poster))">SetProperty(FIVE_daemon_fallback,$INFO[Container($PARAM[id]).ListItem.Art(thumb)],home)</onfocus>
				</control>
                <control type="image">
                    <top>30</top>
                    <left>130</left>
                    <width>533</width>
                    <height>300</height>
                    <aspectratio aligny="center" align="center">scale</aspectratio>
                    <texture background="true">$VAR[LandscapeWidgetArt]</texture>
                </control>
                <control type="image">
                    <top>30</top>
                    <left>130</left>
                    <width>533</width>
                    <height>300</height>
                    <texture>thumbs/diffuse.png</texture>
                    <animation center="auto" condition="Control.HasFocus($PARAM[id])" easing="inout" effect="fade" end="0" start="100" time="300" tween="sine">Focus</animation>
                    <animation center="auto" condition="Control.HasFocus($PARAM[id])" easing="inout" effect="fade" end="100" start="0" time="300" tween="sine">UnFocus</animation>
                </control>
            </control>
        </focusedlayout>
	</include>
	<include name="WeatherWidgetCommons">
		<top>180</top>
		<control type="panel" id="8011">
			<animation effect="fade" start="0" end="100" time="300" delay="0" reversible="false" condition="[[ControlGroup(9003).IsVisible] | [ControlGroup(9003).HasFocus]]">Conditional</animation>
			<animation effect="fade" time="1000" tween="" easing="" start="100" end="0" condition="!Weather.IsFetched">Conditional</animation>
			<description>weather widget</description>
			<visible>String.IsEqual(Container(9000).ListItem.Property(widget),weather)</visible>
			<left>$PARAM[WeatherPositionLeft]</left>
			<top>$PARAM[WeatherPositionTop]</top>
			<width>$PARAM[WeatherPanelWidth]</width>
			<height>$PARAM[WeatherPanelHeight]</height>
			<onup condition="Control.IsVisible(9990)">9990</onup>
			<onup condition="Window.IsVisible(SettingsCategory.xml)">3</onup>
			<onup condition="Window.IsVisible(MyWeather.xml)">9990</onup>
			<onup condition="Window.IsVisible(script-skinshortcuts.xml)">211</onup>
			<onup condition="!Window.IsVisible(home)">50</onup>
			<onup>$PARAM[WeatherOnUp]</onup>
			<ondown>$PARAM[WeatherOnDown]</ondown>
			<onleft>$PARAM[WeatherOnLeft]</onleft>
			<onright>$PARAM[WeatherOnRight]</onright>
			<onback>9000</onback>
			<orientation>$PARAM[WeatherOrientation]</orientation>
			<scrolltime tween="quadratic" easing="out">200</scrolltime>
			<itemlayout height="370" width="$PARAM[WeatherItemWidth]">
				<control type="group">
					<control type="image">
						<description>current weather icon</description>
						<top>60</top>
						<width>$PARAM[WeatherItemWidth]</width>
						<height>100</height>
						<texture>$INFO[ListItem.Icon]</texture>
						<aspectratio aligny="top">keep</aspectratio>
					</control>
					<control type="label">
						<width>$PARAM[WeatherItemWidth]</width>
						<height>60</height>
						<font>font15_title</font>
						<align>center</align>
						<textcolor>$VAR[MenuListColorHighlightVar]</textcolor>
						<label>$INFO[ListItem.Label]</label>
						<textoffsetx>15</textoffsetx>
					</control>
					<control type="label">
						<top>160</top>
						<width>$PARAM[WeatherItemWidth]</width>
						<height>60</height>
						<font>font15</font>
						<align>center</align>
						<textcolor>$VAR[MenuListColorHighlightVar]</textcolor>
						<label>$INFO[ListItem.Label2]</label>
						<textoffsetx>15</textoffsetx>
					</control>
					<control type="label">
						<top>240</top>
						<width>$PARAM[WeatherItemWidth]</width>
						<height>60</height>
						<font>font15</font>
						<align>center</align>
						<selectedcolor>$VAR[ColorMenuVar]</selectedcolor>
						<label>$INFO[ListItem.Property(HighTemp),[COLOR invalid],[/COLOR]]$INFO[ListItem.Property(LowTemp), | [COLOR ff8de0ff],[/COLOR]]</label>
						<textoffsetx>15</textoffsetx>
					</control>
				</control>
			</itemlayout>
			<focusedlayout height="370" width="$PARAM[WeatherItemWidth]">
				<control type="group">
					<control type="button">
						<texturefocus>-</texturefocus>
						<texturenofocus>-</texturenofocus>
						<onfocus>Skin.SetString(WidgetLine,$INFO[Window(weather).Property(FanArt)]$INFO[Window(weather).Property(Day0.Outlook),[B], [/B]]$INFO[Container(8011).ListItem.Property(HighTemp),[COLOR invalid],[/COLOR] ]$INFO[Container(8011).ListItem.Property(LowTemp),| [COLOR ff8de0ff],[/COLOR]])</onfocus>
					</control>
					<control type="image">
						<description>current weather art</description>
						<texture>$INFO[ListItem.thumb]</texture>
						<aspectratio aligny="top">keep</aspectratio>
			            <colordiffuse>$VAR[MenuListColorHighlightVar]</colordiffuse>
					</control>
					<control type="image">
						<description>current weather icon</description>
						<top>60</top>
						<width>$PARAM[WeatherItemWidth]</width>
						<height>100</height>
						<texture>$INFO[ListItem.Icon]</texture>
						<aspectratio aligny="top">keep</aspectratio>
					</control>
					<control type="label">
						<width>$PARAM[WeatherItemWidth]</width>
						<height>60</height>
						<font>font15_title</font>
						<align>center</align>
						<textcolor>$VAR[MenuListColorHighlightVar]</textcolor>
						<label>$INFO[ListItem.Label]</label>
						<textoffsetx>15</textoffsetx>
					</control>
					<control type="label">
						<top>160</top>
						<width>$PARAM[WeatherItemWidth]</width>
						<height>60</height>
						<font>font15</font>
						<textcolor>$VAR[MenuListColorHighlightVar]</textcolor>
						<align>center</align>
						<label>$INFO[ListItem.Label2]</label>
						<textoffsetx>15</textoffsetx>
					</control>
					<control type="label">
						<top>240</top>
						<width>$PARAM[WeatherItemWidth]</width>
						<height>60</height>
						<font>font15</font>
						<align>center</align>
						<label>$INFO[ListItem.Property(HighTemp),[COLOR invalid],[/COLOR]]$INFO[ListItem.Property(LowTemp), | [COLOR ff8de0ff],[/COLOR]]</label>
						<textoffsetx>15</textoffsetx>
					</control>
				</control>
			</focusedlayout>
			<content>
				<item>
					<label>$LOCALIZE[33006]</label>
					<label2>$INFO[Window(weather).Property(Day0.Outlook)]</label2>
					<icon>$VAR[WeatherIconVar]$INFO[Window(weather).Property(Day0.FanartCode),,.png]</icon>
					<thumb>$VAR[WeatherIconVar]$INFO[Window(weather).Property(Day0.FanartCode),,.png]</thumb>
					<property name="HighTemp">$INFO[Window(weather).Property(Day0.HighTemp)]$INFO[System.TemperatureUnits]</property>
					<property name="LowTemp">$INFO[Window(weather).Property(Day0.LowTemp)]$INFO[System.TemperatureUnits]</property>
					<onclick>noop</onclick>
				</item>
				<item>
					<label>$LOCALIZE[33007]</label>
					<label2>$INFO[Window(weather).Property(Day1.Outlook)]</label2>
					<icon>$VAR[WeatherIconVar]$INFO[Window(weather).Property(Day1.FanartCode),,.png]</icon>
					<thumb>$VAR[WeatherIconVar]$INFO[Window(weather).Property(Day1.FanartCode),,.png]</thumb>
					<property name="HighTemp">$INFO[Window(weather).Property(Day1.HighTemp)]$INFO[System.TemperatureUnits]</property>
					<property name="LowTemp">$INFO[Window(weather).Property(Day1.LowTemp)]$INFO[System.TemperatureUnits]</property>
					<onclick>noop</onclick>
				</item>
				<item>
					<label>$INFO[Window(weather).Property(Day2.Title)]</label>
					<label2>$INFO[Window(weather).Property(Day2.Outlook)]</label2>
					<icon>$VAR[WeatherIconVar]$INFO[Window(weather).Property(Day2.FanartCode),,.png]</icon>
					<thumb>$VAR[WeatherIconVar]$INFO[Window(weather).Property(Day2.FanartCode),,.png]</thumb>
					<property name="HighTemp">$INFO[Window(weather).Property(Day2.HighTemp)]$INFO[System.TemperatureUnits]</property>
					<property name="LowTemp">$INFO[Window(weather).Property(Day2.LowTemp)]$INFO[System.TemperatureUnits]</property>
					<onclick>noop</onclick>
				</item>
				<item>
					<label>$INFO[Window(weather).Property(Day3.Title)]</label>
					<label2>$INFO[Window(weather).Property(Day3.Outlook)]</label2>
					<icon>$VAR[WeatherIconVar]$INFO[Window(weather).Property(Day3.FanartCode),,.png]</icon>
					<thumb>$VAR[WeatherIconVar]$INFO[Window(weather).Property(Day3.FanartCode),,.png]</thumb>
					<property name="HighTemp">$INFO[Window(weather).Property(Day3.HighTemp)]$INFO[System.TemperatureUnits]</property>
					<property name="LowTemp">$INFO[Window(weather).Property(Day3.LowTemp)]$INFO[System.TemperatureUnits]</property>
					<onclick>noop</onclick>
				</item>
				<item>
					<visible>!Skin.HasSetting(Enable.BasicWeatherView)</visible>
					<label>$INFO[Window(weather).Property(Day4.Title)]</label>
					<label2>$INFO[Window(weather).Property(Day4.Outlook)]</label2>
					<icon>$VAR[WeatherIconVar]$INFO[Window(weather).Property(Day4.FanartCode),,.png]</icon>
					<thumb>$VAR[WeatherIconVar]$INFO[Window(weather).Property(Day4.FanartCode),,.png]</thumb>
					<property name="HighTemp">$INFO[Window(weather).Property(Day4.HighTemp)]$INFO[System.TemperatureUnits]</property>
					<property name="LowTemp">$INFO[Window(weather).Property(Day4.LowTemp)]$INFO[System.TemperatureUnits]</property>
					<onclick>noop</onclick>
				</item>
				<item>
					<visible>!Skin.HasSetting(Enable.BasicWeatherView)</visible>
					<label>$INFO[Window(weather).Property(Day5.Title)]</label>
					<label2>$INFO[Window(weather).Property(Day5.Outlook)]</label2>
					<icon>$VAR[WeatherIconVar]$INFO[Window(weather).Property(Day5.FanartCode),,.png]</icon>
					<thumb>$VAR[WeatherIconVar]$INFO[Window(weather).Property(Day5.FanartCode),,.png]</thumb>
					<property name="HighTemp">$INFO[Window(weather).Property(Day5.HighTemp)]$INFO[System.TemperatureUnits]</property>
					<property name="LowTemp">$INFO[Window(weather).Property(Day5.LowTemp)]$INFO[System.TemperatureUnits]</property>
					<onclick>noop</onclick>
				</item>
				<item>
					<visible>!Skin.HasSetting(Enable.BasicWeatherView)</visible>
					<label>$INFO[Window(weather).Property(Day6.Title)]</label>
					<label2>$INFO[Window(weather).Property(Day6.Outlook)]</label2>
					<icon>$VAR[WeatherIconVar]$INFO[Window(weather).Property(Day6.FanartCode),,.png]</icon>
					<thumb>$VAR[WeatherIconVar]$INFO[Window(weather).Property(Day6.FanartCode),,.png]</thumb>
					<property name="HighTemp">$INFO[Window(weather).Property(Day6.HighTemp)]$INFO[System.TemperatureUnits]</property>
					<property name="LowTemp">$INFO[Window(weather).Property(Day6.LowTemp)]$INFO[System.TemperatureUnits]</property>
					<onclick>noop</onclick>
				</item>
			</content>
		</control>
	</include>
    <include name="WidgetBusyAnimation">
        <control type="image" id="12345">
            <visible>Control.IsVisible($PARAM[id]) + Container($PARAM[id]).IsUpdating</visible>
        </control>
    </include>
</includes>