<?xml version="1.0" encoding="UTF-8"?>
<window>
	<defaultcontrol always="true">50</defaultcontrol>
	<allowoverlay>true</allowoverlay>
	<views>50</views>
	<menucontrol>9000</menucontrol>
	<onload>Dialog.Close(all,true)</onload>
	<onload>ClearProperty(ImageFilterFIVE,Home)</onload>
	<onload>ClearProperty(ImageFIVE,Home)</onload>
	<onload>SetProperty(Window.HasSettings,True,home)</onload>
	<onload>ClearProperty(MediaMenu,Home)</onload>
	<onload condition="System.HasAddon(script.tv.show.next.aired) + !Skin.HasSetting(Disable.NextAired)">RunScript(script.tv.show.next.aired,backend=True)</onload>
	<onunload>ClearProperty(ImageFiltercfa,Home)</onunload>
	<onunload>ClearProperty(MediaMenu,Home)</onunload>
	<onunload>ClearProperty(Window.HasSettings,Home)</onunload>
	<onunload>Skin.SetString(background_fx,$INFO[Window(home).Property(cfa_daemon_set)])</onunload>
	<onunload>Skin.SetString(focus_fx,$INFO[Window(home).Property(FIVE_daemon_set)])</onunload>
	<onunload>ClearProperty(RefreshItem,Home)</onunload>
	<controls>
		<control type="image" id="7355"><left>2117</left><texture>$VAR[ThumbVar]</texture></control>
		<control type="multiimage" id="7975">
			<left>-2160</left>
			<imagepath background="true">$VAR[ThumbVar]</imagepath>
			<visible>!String.IsEmpty(Control.GetLabel(7355))</visible>
		</control>
		<control type="multiimage" id="7975">
			<left>-2160</left>
			<imagepath background="true">special://skin/media/APEx.jpg</imagepath>
			<visible>String.IsEmpty(Control.GetLabel(7355))</visible>
		</control>
		<control type="group">
			<visible>[[Skin.HasSetting(Enable.WideList.Movies) + [Container.Content(movies) | Container.Content(movie)]] | [Skin.HasSetting(Enable.WideList.Misc) + ![Container.Content(movies) | Container.Content(movie)]]]</visible>
			<control type="group">
				<animation effect="slide" loop="true" time="30000" delay="0" start="0" end="1320" tween="" reversible="false" condition="![[Skin.HasSetting(Enable.SlimList.Movies) + [Container.Content(movies) | Container.Content(movie)]] | [Skin.HasSetting(Enable.SlimList.Misc) + ![Container.Content(movies) | Container.Content(movie)]]] + [[Skin.HasSetting(Enable.WideList.Movies) + [Container.Content(movies) | Container.Content(movie)]] | [Skin.HasSetting(Enable.WideList.Misc) + ![Container.Content(movies) | Container.Content(movie)]]] | [[Skin.HasSetting(Enable.SlimList.Movies) + [Container.Content(movies) | Container.Content(movie)]] | [Skin.HasSetting(Enable.SlimList.Misc) + ![Container.Content(movies) | Container.Content(movie)]]] + [[Skin.HasSetting(Enable.WideList.Movies) + [Container.Content(movies) | Container.Content(movie)]] | [Skin.HasSetting(Enable.WideList.Misc) + ![Container.Content(movies) | Container.Content(movie)]]]">Conditional</animation>
				<include>CommonBackgroundNav</include>
				<left>-1320</left>
				<width>1320</width>
			</control>
			<control type="group">
				<animation effect="slide" loop="true" time="30000" delay="0" start="0" end="1320" tween="" reversible="false" condition="![[Skin.HasSetting(Enable.SlimList.Movies) + [Container.Content(movies) | Container.Content(movie)]] | [Skin.HasSetting(Enable.SlimList.Misc) + ![Container.Content(movies) | Container.Content(movie)]]] + [[Skin.HasSetting(Enable.WideList.Movies) + [Container.Content(movies) | Container.Content(movie)]] | [Skin.HasSetting(Enable.WideList.Misc) + ![Container.Content(movies) | Container.Content(movie)]]] | [[Skin.HasSetting(Enable.SlimList.Movies) + [Container.Content(movies) | Container.Content(movie)]] | [Skin.HasSetting(Enable.SlimList.Misc) + ![Container.Content(movies) | Container.Content(movie)]]] + [[Skin.HasSetting(Enable.WideList.Movies) + [Container.Content(movies) | Container.Content(movie)]] | [Skin.HasSetting(Enable.WideList.Misc) + ![Container.Content(movies) | Container.Content(movie)]]]">Conditional</animation>
				<include>CommonBackgroundNav</include>
				<width>1320</width>
			</control>
			<control type="group">
				<animation effect="slide" loop="true" time="30000" delay="0" start="0" end="1320" tween="" reversible="false" condition="![[Skin.HasSetting(Enable.SlimList.Movies) + [Container.Content(movies) | Container.Content(movie)]] | [Skin.HasSetting(Enable.SlimList.Misc) + ![Container.Content(movies) | Container.Content(movie)]]] + [[Skin.HasSetting(Enable.WideList.Movies) + [Container.Content(movies) | Container.Content(movie)]] | [Skin.HasSetting(Enable.WideList.Misc) + ![Container.Content(movies) | Container.Content(movie)]]] | [[Skin.HasSetting(Enable.SlimList.Movies) + [Container.Content(movies) | Container.Content(movie)]] | [Skin.HasSetting(Enable.SlimList.Misc) + ![Container.Content(movies) | Container.Content(movie)]]] + [[Skin.HasSetting(Enable.WideList.Movies) + [Container.Content(movies) | Container.Content(movie)]] | [Skin.HasSetting(Enable.WideList.Misc) + ![Container.Content(movies) | Container.Content(movie)]]]">Conditional</animation>
				<include>CommonBackgroundNav</include>
				<left>1320</left>
				<width>1320</width>
			</control>
        </control>
		<include>View_50_List</include>
		<control type="group">
			<left>-400</left>
			<include>SideBladeLeft</include>
			<control type="grouplist" id="9050">
				<include>MediaMenuTop</include>
				<control type="radiobutton" id="97">
					<label>31141</label>
					<include>ButtonCommonValues</include>
					<onclick>Skin.ToggleSetting(Enable.ShiftDescription)</onclick>
					<selected>Skin.HasSetting(Enable.ShiftDescription)</selected>
					<visible>Control.IsVisible(57) + !Container.Content(addons)</visible>
				</control>
				<control type="button" id="201">
					<description>View options</description>
					<textwidth>352</textwidth>
					<font>font13_title</font>
					<include>ButtonCommonValues</include>
					<label>31026</label>
					<enable>no</enable>
					<disabledcolor>$VAR[ColorHighlightVar]</disabledcolor>
				</control>
				<control type="button" id="8">
					<description>Search</description>
					<include>ButtonCommonValues</include>
					<label>137</label>
					<visible>!System.HasAddon(script.globalsearch)</visible>
				</control>
				<control type="button" id="9">
					<description>Global Search</description>
					<label>137</label>
					<include>ButtonCommonValues</include>
					<visible>System.HasAddon(script.globalsearch)</visible>
					<onclick>RunScript(script.globalsearch)</onclick>
				</control>
				<control type="edit" id="19">
					<visible>Container.CanFilter + !Container.CanFilterAdvanced</visible>
					<description>Filter</description>
					<textwidth>345</textwidth>
					<include>ButtonCommonValues</include>
					<label>587</label>
				</control>
				<control type="radiobutton" id="98">
					<visible>Container.CanFilterAdvanced</visible>
					<description>Filter</description>
					<include>ButtonCommonValues</include>
					<label>587</label>
					<selected>Container.Filtered</selected>
					<onclick>right</onclick>
					<onclick>Filter</onclick>
				</control>
				<control type="radiobutton" id="16">
					<description>PartyMode</description>
					<label>589</label>
					<include>ButtonCommonValues</include>
				</control>
				<control type="button" id="203">
					<description>Actions</description>
					<textwidth>352</textwidth>
					<font>font13_title</font>
					<include>ButtonCommonValues</include>
					<label>31039</label>
					<enable>no</enable>
					<disabledcolor>$VAR[ColorHighlightVar]</disabledcolor>
				</control>
				<control type="togglebutton" id="20">
					<description>Update library</description>
					<include>ButtonCommonValues</include>
					<label>653</label>
					<altlabel>13353</altlabel>
					<usealttexture>library.isscanningmusic</usealttexture>
				</control>
				<control type="button" id="622">
					<include>ButtonCommonValues</include>
					<label>31013</label>
					<onclick condition="System.HasAddon(plugin.library.node.editor)">ActivateWindow(programs,plugin://plugin.library.node.editor/?ltype=video,return)</onclick>
					<onclick condition="!System.HasAddon(plugin.library.node.editor)">InstallAddon(plugin.library.node.editor)</onclick>
					<visible>String.IsEmpty(Container.FolderPath) | String.IsEqual(Container.FolderPath,library://video/tvshows/) | String.IsEqual(Container.FolderPath,library://video/movies/) | String.IsEqual(Container.FolderPath,library://video/musicvideos/)</visible>
				</control>
				<include>PlaylistButtons</include>
			</control>
		</control>
		<control type="group" id="97631">
			<visible>!Window.IsActive(musicinformation) + !Window.IsActive(DialogMusicInfo.xml)</visible>
			<animation effect="slide" tween="cubic" time="600" start="0,700" end="0,0" reversible="false">WindowOpen</animation>
			<animation effect="slide" tween="cubic" time="300" start="0,0" end="0,700" reversible="false">WindowClose</animation>
			<animation effect="slide" tween="cubic" time="600" start="0,700" end="0,0" reversible="false">Visible</animation>
			<animation effect="slide" tween="cubic" time="300" start="0,0" end="0,700" reversible="false">Hidden</animation>
			<animation effect="slide" time="300" delay="0" start="0" end="0,483" tween="cubic" reversible="true" condition="!Window.IsVisible(DialogSettings.xml) + !Window.IsVisible(DialogButtonMenu.xml) + !Window.IsVisible(DialogKeyboard.xml) + !Window.IsVisible(DialogAddonInfo.xml) + !Window.IsVisible(DialogContextMenu.xml) + !Window.IsVisible(DialogAddonSettings.xml) + !Window.IsVisible(FileBrowser.xml) + !Window.IsVisible(DialogSelect.xml) + [Integer.IsLessOrEqual(System.CurrentControlID, 6002) | Integer.IsGreaterOrEqual(System.CurrentControlID, 9050)] + !String.StartsWith(System.CurrentControlID, 8011) + [[String.IsEqual(Container(9000).ListItem.Property(widget),weather) + Weather.IsFetched] | [!Control.IsVisible(12345) + !String.IsEqual(Container(9000).ListItem.Property(widget),weather) + !String.IsEmpty(Container(9000).ListItem.Property(widgetName))]]">Conditional</animation>
			
			<animation effect="slide" time="300" delay="0" start="0" end="0,163" tween="cubic" reversible="true" condition="!Window.IsVisible(DialogSettings.xml) + !Window.IsVisible(DialogButtonMenu.xml) + !Window.IsVisible(DialogKeyboard.xml) + !Window.IsVisible(DialogAddonInfo.xml) + !Window.IsVisible(DialogContextMenu.xml) + !Window.IsVisible(DialogAddonSettings.xml) + !Window.IsVisible(FileBrowser.xml) + !Window.IsVisible(DialogSelect.xml) + [Integer.IsLessOrEqual(System.CurrentControlID, 6002) | Integer.IsGreaterOrEqual(System.CurrentControlID, 9050)] + !String.StartsWith(System.CurrentControlID, 8011) + [String.IsEmpty(Container(9000).ListItem.Property(widgetName))]">Conditional</animation>
			<control type="group">
				<include>HomeDefault</include>
			</control>
			<control type="group">
				<left>-140</left>
				<top>195</top>
				<include>MenuHome3D</include>
			</control>
		</control>
	</controls>
</window>