<?xml version="1.0" encoding="UTF-8"?>
<window type="dialog" id="1134">
	<defaultcontrol always="true">90001</defaultcontrol>
	<onload>Skin.Reset(SS_Helper)</onload>
	<onunload>RunScript(script.skinshortcuts,type=buildxml&amp;mode=single&amp;options=clonewidgets&amp;mainmenuID=9000&amp;group=mainmenu)</onunload>
	<menucontrol>9000</menucontrol>
	<allowoverlay>no</allowoverlay>
	<controls>
		<control type="multiimage" id="7977">
			<fadetime>300</fadetime>
			<animation effect="fade" time="200" tween="cubic">Visible</animation>
			<include>FullscreenDimensions</include>
			<imagepath background="true">$VAR[HomeBackgroundVar]</imagepath>
		</control>
		<include>skinshortcuts-template-WidgetFanart</include>
		<control type="visualisation">
			<visible>Player.HasAudio + !Skin.HasSetting(Disable.ShowBackgroundVis)</visible>
			<include>FullscreenDimensions</include>
		</control>
		<control type="image">
			<include>FullscreenDimensions</include>
			<texture>black.png</texture>
			<visible>Player.HasVideo + !Skin.HasSetting(Disable.ShowBackgroundVideo)</visible>
		</control>
		<control type="videowindow">
			<include>FullscreenDimensions</include>
			<visible>Player.HasVideo + !Skin.HasSetting(Disable.ShowBackgroundVideo)</visible>
		</control>
		<control type="image">
			<animation type="Conditional" condition="!Control.HasFocus(9010) + !Control.HasFocus(9000) + !Control.HasFocus(9001) + Window.IsActive(home)" reversible="false">
				<effect type="fade" delay="0" start="55" end="0" time="1000" />
			</animation>
			<animation type="Conditional" condition="true" reversible="false">
				<effect type="fade" delay="0" start="55" end="55" time="00" />
			</animation>
			<include>FullscreenDimensions</include>
			<texture>background.png</texture>
			<colordiffuse>$VAR[MenuMenuListColorHighlightVar]</colordiffuse>
		</control>
		<control type="group" id="97631">
			<visible>!Window.IsActive(movieinformation) + !Window.IsActive(DialogVideoInfo.xml)</visible>
			<animation effect="slide" tween="cubic" time="600" start="0,700" end="0,0" reversible="false">WindowOpen</animation>
			<animation effect="slide" tween="cubic" time="300" start="0,0" end="0,700" reversible="false">WindowClose</animation>
			<animation effect="slide" tween="cubic" time="600" start="0,700" end="0,0" reversible="false">Visible</animation>
			<animation effect="slide" tween="cubic" time="300" start="0,0" end="0,700" reversible="false">Hidden</animation>
			<animation effect="slide" time="300" delay="0" start="0" end="0,483" tween="cubic" reversible="true" condition="!Window.IsVisible(DialogKeyboard.xml) + !Window.IsVisible(DialogAddonInfo.xml) + !Window.IsVisible(DialogContextMenu.xml) + !Window.IsVisible(DialogAddonSettings.xml) + !Window.IsVisible(FileBrowser.xml) + !Window.IsVisible(DialogSelect.xml) + !Window.IsVisible(Settings.xml) + [ControlGroup(97631).HasFocus + Window.IsActive(script-skinshortcuts.xml)] + [Integer.IsLessOrEqual(System.CurrentControlID, 6002) | Integer.IsGreaterOrEqual(System.CurrentControlID, 9050)] + !String.StartsWith(System.CurrentControlID, 8011) + [[String.IsEqual(Container(9000).ListItem.Property(widget),weather) + Weather.IsFetched] | [!Control.IsVisible(12345) + !String.IsEqual(Container(9000).ListItem.Property(widget),weather) + !String.IsEmpty(Container(9000).ListItem.Property(widgetName))]]">Conditional</animation>
			<animation effect="slide" time="300" delay="0" start="0" end="0,163" tween="cubic" reversible="true" condition="!Window.IsVisible(DialogKeyboard.xml) + !Window.IsVisible(DialogAddonInfo.xml) + !Window.IsVisible(DialogContextMenu.xml) + !Window.IsVisible(DialogAddonSettings.xml) + !Window.IsVisible(FileBrowser.xml) + !Window.IsVisible(DialogSelect.xml) + !Window.IsVisible(Settings.xml) + [ControlGroup(97631).HasFocus + Window.IsActive(script-skinshortcuts.xml)] + [Integer.IsLessOrEqual(System.CurrentControlID, 6002) | Integer.IsGreaterOrEqual(System.CurrentControlID, 9050)] + !String.StartsWith(System.CurrentControlID, 8011) + [String.IsEmpty(Container(9000).ListItem.Property(widgetName))]">Conditional</animation>
			<control type="group">
				<include>HomeDefault</include>
			</control>
			<control type="group">
				<left>-140</left>
				<top>195</top>
				<include>MenuHome3D</include>
			</control>
		</control>
		<control type="group" id="97632">
			<visible>!Window.IsActive(movieinformation) + !Window.IsActive(DialogVideoInfo.xml) + !Window.IsActive(FileBrowser.xml)</visible>
			<animation effect="slide" tween="cubic" time="600" start="0,700" end="0,0" reversible="false">WindowOpen</animation>
			<animation effect="slide" tween="cubic" time="300" start="0,0" end="0,700" reversible="false">WindowClose</animation>
			<animation effect="slide" tween="cubic" time="600" start="0,700" end="0,0" reversible="false">Visible</animation>
			<animation effect="slide" tween="cubic" time="300" start="0,0" end="0,700" reversible="false">Hidden</animation>
			<animation effect="fade" start="100" end="0" time="0" reversible="false" condition="Window.IsVisible(DialogKeyboard.xml) | Window.IsVisible(DialogConfirm.xml) | Window.IsVisible(DialogContextMenu.xml) | Window.IsActive(DialogSelect.xml) | Window.IsActive(FileBrowser.xml) | [ControlGroup(97631).HasFocus + Window.IsActive(script-skinshortcuts.xml)]">conditional</animation>
			<animation effect="fade" start="0" end="100" time="200" reversible="false" condition="!Window.IsVisible(DialogKeyboard.xml) + !Window.IsVisible(DialogConfirm.xml) + !Window.IsVisible(DialogConfirm.xml) + !Window.IsVisible(DialogContextMenu.xml) + !Window.IsActive(DialogSelect.xml) + !Window.IsActive(FileBrowser.xml) | [!ControlGroup(97631).HasFocus + Window.IsActive(script-skinshortcuts.xml)]">conditional</animation>
			<top>0</top>
			<control type="image">
				<left>70</left>
				<top>604</top>
				<width>340</width>
				<height>62</height>
				<texture>listselect_fo.png</texture>
				<colordiffuse>$VAR[MenuListColorHighlightVar]</colordiffuse>
				<animation effect="fade" start="0" end="100" time="0" tween="sine" easing="inout" condition="Control.HasFocus(2111)">Conditional</animation>
			</control>
			<control type="image">
				<left>410</left>
				<top>604</top>
				<width>1380</width>
				<height>62</height>
				<texture>background.png</texture>
				<colordiffuse>$VAR[ColorMenuVar]</colordiffuse>
				<visible>Control.HasFocus(2110)</visible>
			</control>
			<control type="button" id="2110">
				<description>Change icons path</description>
				<left>70</left>
				<top>604</top>
				<width>340</width>
				<height>62</height>
				<font>font30</font>
				<align>left</align>
				<texturefocus>listselect_fo.png</texturefocus>
				<textcolor>$VAR[ColorMenuVar]</textcolor>
				<focusedcolor>$VAR[ColorMenuVar]</focusedcolor>
				<disabledcolor>disabled</disabledcolor>
				<aligny>center</aligny>
				<pulseonselect>false</pulseonselect>
				<colordiffuse>$VAR[MenuListColorHighlightVar]</colordiffuse>
				<shadowcolor>$INFO[Skin.String(Text.Shadow.Colour)]</shadowcolor>
				<label>[UPPERCASE]$LOCALIZE[31983][/UPPERCASE]</label>
				<onup>SetFocus(211,-1)</onup>
				<ondown>SetFocus(211,0)</ondown>
				<onright>SetFocus(90001)</onright>
				<onfocus>Skin.SetString(SS_Helper,$INFO[System.CurrentControl])</onfocus>
				<onunfocus>Skin.SetString(SS_Helper,)</onunfocus>
				<onclick>Skin.SetPath(MenuDefaultIconsPath, special://skin/extras)</onclick>
			</control>
			<control type="list" id="211">
				<left>70</left>
				<top>666</top>
				<width>340</width>
				<height>248</height>
				<onup>2110</onup>
				<ondown>2110</ondown>
				<onleft>601</onleft>
				<onright>90001</onright>
				<focusposition>0</focusposition>
				<movement>0</movement>
				<pagecontrol>601</pagecontrol>
				<orientation>Vertical</orientation>
				<scrolltime tween="quadratic" easing="out">300</scrolltime>
				<itemlayout height="62" width="340">
					<control type="label">
						<font>font30</font>
						<align>left</align>
						<selectedcolor>$VAR[ColorMenuVar]</selectedcolor>
						<label>[UPPERCASE]$INFO[ListItem.Label][/UPPERCASE]</label>
					</control>
				</itemlayout>
				<focusedlayout height="62" width="340">
					<control type="image">
						<texture>listselect_fo.png</texture>
						<colordiffuse>$VAR[MenuListColorHighlightVar]</colordiffuse>
						<animation effect="fade" start="100" end="50" time="300" tween="sine" easing="inout" condition="!Control.HasFocus(211)">Conditional</animation>
						<animation effect="fade" start="100" end="0" time="0" tween="sine" easing="inout" condition="Control.HasFocus(2111)">Conditional</animation>
						<animation effect="fade" start="100" end="0" time="0" tween="sine" easing="inout" condition="Control.HasFocus(2110)">Conditional</animation>
						<include>VisibleFadeEffect</include>
					</control>
					<control type="label">
						<font>font30</font>
						<align>left</align>
						<selectedcolor>$VAR[ColorMenuVar]</selectedcolor>
						<label>[UPPERCASE]$INFO[ListItem.Label][/UPPERCASE]</label>
					</control>
				</focusedlayout>
			</control>
			<!--<control type="scrollbar" id="61"><left>0</left><top>-83</top><width>12</width><height>1080</height><onleft>211</onleft><onright>211</onright><ondown>61</ondown><onup>61</onup></control>-->
			<control type="grouplist" id="90001">
				<description>control area</description>
				<left>410</left>
				<top>604</top>
				<width>1380</width>
				<height>310</height>
				<itemgap>0</itemgap>
				<pagecontrol>60</pagecontrol>
				<onleft>211</onleft>
				<onright>60</onright>
				<onup>2111</onup>
				<align>left</align>
				<ondown>90001</ondown>
				<control type="button" id="2111">
					<description>Choose icon path</description>
					<width>1380</width>
					<height>62</height>
					<align>left</align>
					<font>font30</font>
					<label>$LOCALIZE[31984]</label>
					<onleft>211</onleft>
					<onright>60</onright>
					<onup>301</onup>
					<ondown>401</ondown>
					<onfocus>Skin.SetString(SS_Helper,$INFO[System.CurrentControl])</onfocus>
					<onunfocus>Skin.SetString(SS_Helper,)</onunfocus>
					<onclick>Skin.SetPath(MenuDefaultIconsPath, special://skin/extras)</onclick>
				</control>
				<control type="button" id="401">
					<description>Choose shortcut</description>
					<width>1380</width>
					<height>62</height>
					<align>left</align>
					<font>font30</font>
					<label>$ADDON[script.skinshortcuts 32048]</label>
					<onfocus>Skin.SetString(SS_Helper,$INFO[System.CurrentControl])</onfocus>
				</control>
				<control type="button" id="305">
					<description>Change action</description>
					<width>1380</width>
					<height>62</height>
					<align>left</align>
					<font>font30</font>
					<label>$ADDON[script.skinshortcuts 32025]</label>
					<label2>$INFO[Container(211).ListItem.Label]</label2>
					<onfocus>Skin.SetString(SS_Helper,$INFO[System.CurrentControl])</onfocus>
				</control>
				<control type="button" id="307">
					<description>Change action</description>
					<width>1380</width>
					<height>62</height>
					<align>left</align>
					<font>font30</font>
					<label>$ADDON[script.skinshortcuts 32027]</label>
					<label2>$INFO[Container(211).ListItem.Property(displaypath)]</label2>
					<onfocus>Skin.SetString(SS_Helper,$INFO[System.CurrentControl])</onfocus>
				</control>
				<control type="button" id="405">
					<description>Edit submenu</description>
					<width>1380</width>
					<height>62</height>
					<align>left</align>
					<font>font30</font>
					<label>$LOCALIZE[31080]</label>
					<visible>String.IsEqual(Window.Property(groupname),mainmenu)</visible>
					<onfocus>Skin.SetString(SS_Helper,$INFO[System.CurrentControl])</onfocus>
				</control>
				<control type="button" id="306">
					<description>Change thumbnail</description>
					<width>1380</width>
					<height>62</height>
					<align>left</align>
					<font>font30</font>
					<label>$LOCALIZE[31242]</label>
					<label2>$INFO[Container(211).ListItem.Property(thumbnail)]</label2>
					<onfocus>Skin.SetString(SS_Helper,$INFO[System.CurrentControl])</onfocus>
				</control>
				<control type="button" id="310">
					<description>Change background</description>
					<width>1380</width>
					<height>62</height>
					<align>left</align>
					<font>font30</font>
					<label>$ADDON[script.skinshortcuts 32045]</label>
					<label2>$INFO[Container(211).ListItem.Property(backgroundName)]</label2>
					<onfocus>Skin.SetString(SS_Helper,$INFO[System.CurrentControl])</onfocus>
					<visible>Window.IsVisible(SkinSettings.xml)</visible>
				</control>
				<control type="button" id="312">
					<description>Change widget</description>
					<width>1380</width>
					<height>62</height>
					<align>left</align>
					<font>font30</font>
					<label>$ADDON[script.skinshortcuts 32044]</label>
					<label2>$INFO[Container(211).ListItem.Property(widgetName)]</label2>
					<onfocus>Skin.SetString(SS_Helper,$INFO[System.CurrentControl])</onfocus>
					<visible>String.IsEqual(Window.Property(groupname),mainmenu)</visible>
				</control>
				<control type="button" id="500">
					<description>Widget icon</description>
					<width>1380</width>
					<height>62</height>
					<align>left</align>
					<font>font30</font>
					<label>31161</label>
					<label2>$VAR[WidgetIconLabel]</label2>
					<visible>String.IsEqual(Window.Property(groupname),mainmenu)</visible>
					<enable>!String.IsEqual(Container(211).ListItem.Property(widgetName),weather)</enable>
					<onclick>SetProperty(chooseProperty,widgetIcon)</onclick>
					<onclick>SendClick(404)</onclick>
					<onfocus>Skin.SetString(SS_Helper,$INFO[System.CurrentControl])</onfocus>
				</control>
				<control type="button" id="501">
					<description>Choose infoline</description>
					<width>1380</width>
					<height>62</height>
					<align>left</align>
					<font>font30</font>
					<label>$LOCALIZE[31053]</label>
					<label2>$INFO[Container(211).ListItem.Property(InfoLine)]</label2>
					<visible>String.IsEqual(Window.Property(groupname),mainmenu)</visible>
					<onclick>SetProperty(chooseProperty,InfoLine)</onclick>
					<onclick>SendClick(404)</onclick>
					<onfocus>Skin.SetString(SS_Helper,$INFO[System.CurrentControl])</onfocus>
					<visible>false</visible>
				</control>
				<control type="button" id="502">
					<description>Choose infoline</description>
					<width>1380</width>
					<height>62</height>
					<align>left</align>
					<font>font30</font>
					<label>$LOCALIZE[31988]</label>
					<label2>$INFO[Container(211).ListItem.Property(itemVisible)]</label2>
					<visible>String.IsEqual(Window.Property(groupname),mainmenu)</visible>
					<onclick>Skin.SetString(itemVisible)</onclick>
					<onclick>SetProperty(customProperty,itemVisible)</onclick>
					<onclick>SetProperty(customValue,$INFO[Skin.String(itemVisible)])</onclick>
					<onclick>SendClick(404)</onclick>
					<onfocus>Skin.SetString(SS_Helper,$INFO[System.CurrentControl])</onfocus>
				</control>
				<control type="button" id="303">
					<description>Move up</description>
					<label>$LOCALIZE[31159]</label>
					<width>1380</width>
					<height>62</height>
					<align>left</align>
					<font>font30</font>
				</control>
				<control type="button" id="304">
					<description>Move down</description>
					<label>$LOCALIZE[31160]</label>
					<width>1380</width>
					<height>62</height>
					<align>left</align>
					<font>font30</font>
				</control>
				<control type="button" id="302">
					<description>Delete shortcut</description>
					<width>1380</width>
					<height>62</height>
					<align>left</align>
					<font>font30</font>
				</control>
				<control type="button" id="301">
					<description>Add shortcut</description>
					<width>1380</width>
					<height>62</height>
					<align>left</align>
					<font>font30</font>
					<label>$ADDON[script.skinshortcuts 32000]</label>
				</control>
			</control>
			<control type="scrollbar" id="601">
				<top>604</top>
				<left>60</left>
				<width>10</width>
				<onleft>9000</onleft>
				<onright>211</onright>
				<ondown>601</ondown>
				<onup>601</onup>
				<height>310</height>
				<showonepage>true</showonepage>
			</control>
			<control type="scrollbar" id="60">
				<top>604</top>
				<left>1790</left>
				<width>10</width>
				<height>310</height>
				<onleft>90001</onleft>
				<onright>9000</onright>
				<ondown>60</ondown>
				<onup>60</onup>
				<showonepage>true</showonepage>
			</control>
		</control>
		<!-- 404, for setting custom property -->
		<control type="button" id="404">
			<visible>False</visible>
			<left>-1</left>
			<top>-1</top>
			<width>1</width>
			<height>1</height>
			<onclick>noop</onclick>
		</control>
	</controls>
</window>