<?xml version="1.0" encoding="UTF-8"?>
<window>
	<defaultcontrol always="true">2</defaultcontrol>
	<menucontrol>9000</menucontrol>
	<onload>SetProperty(Window.HasSettings,True,home)</onload>
	<onload>ClearProperty(MediaMenu,Home)</onload>
	<onunload>ClearProperty(Window.HasSettings,Home)</onunload>
	<allowoverlay>no</allowoverlay>
	<controls>
		<control type="multiimage" id="7977">
			<fadetime>300</fadetime>
			<animation effect="fade" time="200" tween="cubic">Visible</animation>
			<include>FullscreenDimensions</include>
			<imagepath background="true">$VAR[HomeBackgroundVar]</imagepath>
		</control>
		<include>skinshortcuts-template-WidgetFanart</include>
		<control type="visualisation">
			<visible>Player.HasAudio + !Skin.HasSetting(Disable.ShowBackgroundVis)</visible>
			<include>FullscreenDimensions</include>
		</control>
		<control type="image">
			<include>FullscreenDimensions</include>
			<texture>black.png</texture>
			<visible>Player.HasVideo + !Skin.HasSetting(Disable.ShowBackgroundVideo)</visible>
		</control>
		<control type="videowindow">
			<include>FullscreenDimensions</include>
			<visible>Player.HasVideo + !Skin.HasSetting(Disable.ShowBackgroundVideo)</visible>
		</control>
		<control type="image">
			<animation type="Conditional" condition="!Control.HasFocus(9010) + !Control.HasFocus(9000) + !Control.HasFocus(9001) + Window.IsActive(home)" reversible="false">
				<effect type="fade" delay="0" start="55" end="0" time="1000" />
			</animation>
			<animation type="Conditional" condition="true" reversible="false">
				<effect type="fade" delay="0" start="55" end="55" time="00" />
			</animation>
			<include>FullscreenDimensions</include>
			<texture>background.png</texture>
			<colordiffuse>$VAR[MenuListColorHighlightVar]</colordiffuse>
		</control>
		<control type="group" id="97631">
			<visible>!Window.IsActive(movieinformation) + !Window.IsActive(DialogVideoInfo.xml) + !Window.IsActive(script-skinshortcuts.xml)</visible>
			<animation effect="slide" tween="cubic" time="600" start="0,700" end="0,0" reversible="false">WindowOpen</animation>
			<animation effect="slide" tween="cubic" time="300" start="0,0" end="0,700" reversible="false">WindowClose</animation>
			<animation effect="slide" tween="cubic" time="600" start="0,700" end="0,0" reversible="false">Visible</animation>
			<animation effect="slide" tween="cubic" time="300" start="0,0" end="0,700" reversible="false">Hidden</animation>



			<animation effect="slide" time="300" delay="0" start="0" end="0,483" tween="cubic" reversible="true" condition="!Window.IsVisible(DialogButtonMenu.xml) + !Window.IsVisible(DialogKeyboard.xml) + !Window.IsVisible(DialogAddonInfo.xml) + !Window.IsVisible(DialogContextMenu.xml) + !Window.IsVisible(DialogAddonSettings.xml) + !Window.IsVisible(FileBrowser.xml) + !Window.IsVisible(DialogSelect.xml) + !Window.IsVisible(Settings.xml) + ![ControlGroup(97632).HasFocus] + [Integer.IsLessOrEqual(System.CurrentControlID, 6002) | Integer.IsGreaterOrEqual(System.CurrentControlID, 9050)] + !String.StartsWith(System.CurrentControlID, 8011) + [[String.IsEqual(Container(9000).ListItem.Property(widget),weather) + Weather.IsFetched] | [!Control.IsVisible(12345) + !String.IsEqual(Container(9000).ListItem.Property(widget),weather) + !String.IsEmpty(Container(9000).ListItem.Property(widgetName))]]">Conditional</animation>
			
			<animation effect="slide" time="300" delay="0" start="0" end="0,163" tween="cubic" reversible="true" condition="!Window.IsVisible(DialogButtonMenu.xml) + !Window.IsVisible(DialogKeyboard.xml) + !Window.IsVisible(DialogAddonInfo.xml) + !Window.IsVisible(DialogContextMenu.xml) + !Window.IsVisible(DialogAddonSettings.xml) + !Window.IsVisible(FileBrowser.xml) + !Window.IsVisible(DialogSelect.xml) + !Window.IsVisible(Settings.xml) + ![ControlGroup(97632).HasFocus] + [Integer.IsLessOrEqual(System.CurrentControlID, 6002) | Integer.IsGreaterOrEqual(System.CurrentControlID, 9050)] + !String.StartsWith(System.CurrentControlID, 8011) + [String.IsEmpty(Container(9000).ListItem.Property(widgetName))]">Conditional</animation>

			<control type="group">
				<include>HomeDefault</include>
			</control>
			<control type="group">
				<left>-140</left>
				<top>195</top>
				<include>MenuHome3D</include>
			</control>
        </control>
		<control type="group" id="97632">
			<visible>!Window.IsActive(movieinformation) + !Window.IsActive(DialogVideoInfo.xml) + !Window.IsActive(script-skinshortcuts.xml)</visible>
			<animation effect="slide" tween="cubic" time="600" start="0,700" end="0,0" reversible="false">WindowOpen</animation>
			<animation effect="slide" tween="cubic" time="300" start="0,0" end="0,700" reversible="false">WindowClose</animation>
			<animation effect="slide" tween="cubic" time="600" start="0,700" end="0,0" reversible="false">Visible</animation>
			<animation effect="slide" tween="cubic" time="300" start="0,0" end="0,700" reversible="false">Hidden</animation>
			<animation effect="fade" start="100" end="0" time="0" reversible="false" condition="Window.IsVisible(DialogButtonMenu.xml) | Window.IsVisible(DialogKeyboard.xml) | Window.IsActive(DialogConfirm.xml) | Window.IsActive(DialogSelect.xml) | Window.IsActive(DialogSettings.xml) | Window.IsActive(FileBrowser.xml) | [ControlGroup(97631).HasFocus + String.Contains(Window.Property(xmlfile), etting)]">conditional</animation>
			<animation effect="fade" start="0" end="100" time="200" reversible="false" condition="!Window.IsActive(DialogButtonMenu.xml) + !Window.IsActive(DialogKeyboard.xml) + !Window.IsActive(DialogConfirm.xml) + !Window.IsActive(DialogSelect.xml) + !Window.IsActive(DialogSettings.xml) + !Window.IsActive(FileBrowser.xml) | [!ControlGroup(97631).HasFocus + String.Contains(Window.Property(xmlfile), etting)]">conditional</animation>
			<top>0</top>
            <control type="list" id="2">
				<left>70</left>
				<top>604</top>
				<width>340</width>
				<height>310</height>
				<onup>9990</onup>
				<ondown>9990</ondown>
				<onleft>59</onleft>
				<onright>9991</onright>
				<focusposition>0</focusposition>
				<movement>0</movement>
					<pagecontrol>59</pagecontrol>
				<orientation>Vertical</orientation>
				<scrolltime tween="quadratic" easing="out">300</scrolltime>
				<itemlayout height="62" width="340">
					<control type="label">
						<font>font30</font><textcolor>$VAR[ColorMenuVar]</textcolor>
						<label>$INFO[ListItem.Label]</label>
					</control>
				</itemlayout>
				<focusedlayout height="62" width="340">
					<control type="image">
						<animation effect="fade" time="50" start="100" end="50" condition="!Control.HasFocus(2)">Conditional</animation>
						<texture>listselect_fo.png</texture>
						<colordiffuse>$VAR[MenuListColorHighlightVar]</colordiffuse>
						<include>VisibleFadeEffect</include>
					</control>
                    <control type="label">
                        <left>0</left>
                        <font>font30</font><textcolor>$VAR[ColorMenuVar]</textcolor>
                        <label>$INFO[ListItem.Label]</label>
                    </control>
                </focusedlayout>
			</control>
			<control type="group" id="9991">
				<visible>!Window.IsActive(script-skinshortcuts.xml)</visible>
				<include>SettingsFadeEffect</include>
				<control type="grouplist" id="9901">
					<description>Home window control area</description>
					<left>410</left>
					<top>604</top>
					<width>1380</width>
					<height>310</height>
					<itemgap>0</itemgap>
					<pagecontrol>60</pagecontrol>
					<onleft>2</onleft>
					<onright>60</onright>
					<onup>9901</onup>
					<ondown>9901</ondown>
					<control type="radiobutton" id="4">
						<description>Enable Login screen</description>
						<label>20096</label>
						<width>1380</width>
						<height>62</height>
						
						<font>font30</font><focusedcolor>$VAR[ColorMenuVar]</focusedcolor><textcolor>$VAR[ColorMenuVar]</textcolor>
					</control>
					<control type="button" id="5">
						<description>Auto Login</description>
						<label>$LOCALIZE[33084]</label>
						<label2>$INFO[System.ProfileAutoLogin]</label2>
						<width>1380</width>
						<height>62</height>
						
						<font>font30</font><focusedcolor>$VAR[ColorMenuVar]</focusedcolor><textcolor>$VAR[ColorMenuVar]</textcolor>
						<enable>!System.HasLoginScreen</enable>
					</control>
				</control>
			</control>
				<control type="scrollbar" id="59">
							<top>604</top>
						<left>60</left>
						<width>10</width>
						<height>310</height>
					<onleft>back</onleft>
					<onright>2</onright>
					<ondown>59</ondown>
					<onup>59</onup>
					<showonepage>true</showonepage>
				</control>
				<control type="scrollbar" id="60">
							<top>604</top>
						<left>1790</left>
						<width>10</width>
						<height>310</height>
					<onleft condition="Container(9990).HasFocus(9)">9990</onleft>
					<onleft condition="!Container(9990).HasFocus(9)">9991</onleft>
					<onright>back</onright>
					<ondown>60</ondown>
					<onup>60</onup>
					<showonepage>true</showonepage>
				</control>
		</control>
	</controls>
</window>