<?xml version="1.0" encoding="UTF-8"?>
<window>
	<defaultcontrol>3</defaultcontrol>
	<menucontrol>9000</menucontrol>
	<onload>Dialog.Close(all,true)</onload>
	<onload>SetProperty(Window.HasSettings,True,home)</onload>
	<onload>ClearProperty(MediaMenu,Home)</onload>
	<onunload>ClearProperty(Window.HasSettings,Home)</onunload>
	<controls>
 		<control type="multiimage" id="7977">
            <fadetime>300</fadetime>
            <animation effect="fade" time="200" tween="cubic">Visible</animation>
            <include>FullscreenDimensions</include>
            <imagepath background="true">$VAR[HomeBackgroundVar]</imagepath>
        </control>
        <include>skinshortcuts-template-WidgetFanart</include>
        <control type="visualisation">
        	<visible>Player.HasAudio + !Skin.HasSetting(Disable.ShowBackgroundVis)</visible>
            <include>FullscreenDimensions</include>
        </control>
        <control type="image">
			<include>FullscreenDimensions</include>
			<texture>black.png</texture>
			<visible>Player.HasVideo + !Skin.HasSetting(Disable.ShowBackgroundVideo)</visible>
		</control>
 		<control type="videowindow">
            <include>FullscreenDimensions</include>
            <visible>Player.HasVideo + !Skin.HasSetting(Disable.ShowBackgroundVideo)</visible>
        </control>
        <control type="image">
			<animation type="Conditional" condition="!Control.HasFocus(9010) + !Control.HasFocus(9000) + !Control.HasFocus(9001) + Window.IsActive(home)" reversible="false">
				<effect type="fade" delay="0" start="55" end="0" time="1000" />
			</animation>
			<animation type="Conditional" condition="true" reversible="false">
				<effect type="fade" delay="0" start="55" end="55" time="00" />
			</animation>
            <include>FullscreenDimensions</include>
            <texture>background.png</texture>
            <colordiffuse>$VAR[MenuListColorHighlightVar]</colordiffuse>
        </control>
		<control type="group" id="97631">
			<visible>!Window.IsActive(movieinformation) + !Window.IsActive(DialogVideoInfo.xml) + !Window.IsActive(script-skinshortcuts.xml)</visible>
			<animation effect="slide" tween="cubic" time="600" start="0,700" end="0,0" reversible="false">WindowOpen</animation>
			<animation effect="slide" tween="cubic" time="300" start="0,0" end="0,700" reversible="false">WindowClose</animation>
			<animation effect="slide" tween="cubic" time="600" start="0,700" end="0,0" reversible="false">Visible</animation>
			<animation effect="slide" tween="cubic" time="300" start="0,0" end="0,700" reversible="false">Hidden</animation>



			<animation effect="slide" time="300" delay="0" start="0" end="0,483" tween="cubic" reversible="true" condition="!Window.IsVisible(DialogButtonMenu.xml) + !Window.IsVisible(DialogKeyboard.xml) + !Window.IsVisible(DialogAddonInfo.xml) + !Window.IsVisible(DialogContextMenu.xml) + !Window.IsVisible(DialogAddonSettings.xml) + !Window.IsVisible(FileBrowser.xml) + !Window.IsVisible(DialogSelect.xml) + [ControlGroup(97631).HasFocus + String.Contains(Window.Property(xmlfile), etting)] + [Integer.IsLessOrEqual(System.CurrentControlID, 6002) | Integer.IsGreaterOrEqual(System.CurrentControlID, 9050)] + !String.StartsWith(System.CurrentControlID, 8011) + [[String.IsEqual(Container(9000).ListItem.Property(widget),weather) + Weather.IsFetched] | [!Control.IsVisible(12345) + !String.IsEqual(Container(9000).ListItem.Property(widget),weather) + !String.IsEmpty(Container(9000).ListItem.Property(widgetName))]]">Conditional</animation>
			
			<animation effect="slide" time="300" delay="0" start="0" end="0,163" tween="cubic" reversible="true" condition="!Window.IsVisible(DialogButtonMenu.xml) + !Window.IsVisible(DialogKeyboard.xml) + !Window.IsVisible(DialogAddonInfo.xml) + !Window.IsVisible(DialogContextMenu.xml) + !Window.IsVisible(DialogAddonSettings.xml) + !Window.IsVisible(FileBrowser.xml) + !Window.IsVisible(DialogSelect.xml) + [ControlGroup(97631).HasFocus + String.Contains(Window.Property(xmlfile), etting)] + [Integer.IsLessOrEqual(System.CurrentControlID, 6002) | Integer.IsGreaterOrEqual(System.CurrentControlID, 9050)] + !String.StartsWith(System.CurrentControlID, 8011) + [String.IsEmpty(Container(9000).ListItem.Property(widgetName))]">Conditional</animation>

			<control type="group">
				<include>HomeDefault</include>
			</control>
			<control type="group">
				<left>-140</left>
				<top>195</top>
				<include>MenuHome3D</include>
			</control>
        </control>
		<control type="group" id="97632">
			<visible>!Window.IsActive(movieinformation) + !Window.IsActive(DialogVideoInfo.xml) + !Window.IsActive(script-skinshortcuts.xml)</visible>
			<animation effect="slide" tween="cubic" time="600" start="0,700" end="0,0" reversible="false">WindowOpen</animation>
			<animation effect="slide" tween="cubic" time="300" start="0,0" end="0,700" reversible="false">WindowClose</animation>
			<animation effect="slide" tween="cubic" time="600" start="0,700" end="0,0" reversible="false">Visible</animation>
			<animation effect="slide" tween="cubic" time="300" start="0,0" end="0,700" reversible="false">Hidden</animation>
			<animation effect="fade" start="100" end="0" time="0" reversible="false" condition="Window.IsVisible(DialogButtonMenu.xml) | Window.IsVisible(DialogButtonMenu.xml) | Window.IsVisible(DialogKeyboard.xml) | Window.IsActive(DialogConfirm.xml) | Window.IsActive(DialogSelect.xml) | Window.IsActive(FileBrowser.xml) | [ControlGroup(97631).HasFocus + String.Contains(Window.Property(xmlfile), etting)]">conditional</animation>
			<animation effect="fade" start="0" end="100" time="200" reversible="false" condition="!Window.IsActive(DialogButtonMenu.xml) + !Window.IsActive(DialogKeyboard.xml) + !Window.IsActive(DialogConfirm.xml) + !Window.IsActive(DialogSelect.xml) + !Window.IsActive(FileBrowser.xml) | [!ControlGroup(97631).HasFocus + String.Contains(Window.Property(xmlfile), etting)]">conditional</animation>
		<control type="group">
			<left>0</left>
			<control type="grouplist" id="3">
				<description>button area</description>
				<left>70</left>
				<top>604</top>
				<width>340</width>
				<height>310</height>
				<itemgap>0</itemgap>
				<onleft>601</onleft>
				<onright>5</onright>
				<onup>3</onup>
				<ondown>3</ondown>
				<pagecontrol>601</pagecontrol>
			</control>
			<control type="textbox" id="6">
				<description>description area</description>
				<left>410</left>
				<top>-1742</top>
				<width>1256</width>
				<height>140</height>
				<font>font30</font><focusedcolor>$VAR[ColorMenuVar]</focusedcolor><textcolor>$VAR[ColorMenuVar]</textcolor>

				<autoscroll time="3000" delay="4000" repeat="5000">true</autoscroll>
				<animation effect="fade" start="0" end="100" time="300" tween="sine" easing="inout">Visible</animation>
				<animation effect="fade" start="100" end="0" time="0" tween="sine" easing="inout">Hidden</animation>
				<visible>ControlGroup(5).HasFocus()</visible>
			</control>
			<control type="grouplist" id="5">
				<description>control area</description>
				<left>410</left>
				<top>604</top>
				<width>1380</width>
				<height>310</height>
				<itemgap>0</itemgap>
				<pagecontrol>60</pagecontrol>
				<onleft>3</onleft>
				<onright>60</onright>
				<onup>5</onup>
				<ondown>5</ondown>
			</control>
		</control>
		<control type="button" id="10">
			<description>Default Category Button</description>
			<height>62</height>
			<width>340</width>
			<font>font30</font><focusedcolor>$VAR[ColorMenuVar]</focusedcolor><textcolor>$VAR[ColorMenuVar]</textcolor>
		</control>
		<control type="button" id="7">
			<description>Default Button</description>
			<width>1380</width>
			<height>62</height>
			<font>font30</font><focusedcolor>$VAR[ColorMenuVar]</focusedcolor><textcolor>$VAR[ColorMenuVar]</textcolor>
			
		</control>
		<control type="radiobutton" id="8">
			<description>Default RadioButton</description>
			<width>1380</width>
			<height>62</height>
			<font>font30</font><focusedcolor>$VAR[ColorMenuVar]</focusedcolor><textcolor>$VAR[ColorMenuVar]</textcolor>
			
		</control>
		<control type="spincontrolex" id="9">
			<description>Default SpinControlex</description>
			<width>1380</width>
			<height>62</height>
			<font>font30</font><focusedcolor>$VAR[ColorMenuVar]</focusedcolor><textcolor>$VAR[ColorMenuVar]</textcolor>
			
		</control>
		<control type="sliderex" id="13">
			<description>Default Slider</description>
			<width>1380</width>
			<height>62</height>
			<font>font30</font><focusedcolor>$VAR[ColorMenuVar]</focusedcolor><textcolor>$VAR[ColorMenuVar]</textcolor>
			
		</control>
		<control type="label" id="14">
			<description>Default Label</description>
			<width>1380</width>
			<height>0</height>
			<font>font30_title</font>
			<align>center</align>
			<textcolor>$VAR[ColorHighlightVar]</textcolor>
			<visible>false</visible>
		</control>
		<control type="label" id="2">
			<description>Fake Label so we can pass it value down to the one below</description>
			<width>0</width>
			<height>0</height>
			<font>-</font>
			<visible>false</visible>
		</control>
			<control type="scrollbar" id="601">
						<top>604</top>
					<left>60</left>
					<width>10</width>
					<height>310</height>
			<onleft>9000</onleft>
			<onright>3</onright>
			<ondown>601</ondown>
			<onup>601</onup>
				<showonepage>true</showonepage>
			</control>
			<control type="scrollbar" id="60">
						<top>604</top>
					<left>1790</left>
					<width>10</width>
					<height>310</height>
			<onleft>5</onleft>
			<onright>9000</onright>
			<ondown>60</ondown>
			<onup>60</onup>
				<showonepage>true</showonepage>
			</control>
        </control>
	</controls>
</window>