<?xml version="1.0" encoding="UTF-8"?>
<window>
	<defaultcontrol always="true">2</defaultcontrol>
	<menucontrol>9000</menucontrol>
	<onload>SetProperty(Window.HasSettings,True,home)</onload>
	<onload>ClearProperty(MediaMenu,Home)</onload>
	<onunload>ClearProperty(Window.HasSettings,Home)</onunload>
	<allowoverlay>no</allowoverlay>
	<controls>
		<include>CommonBackground</include>
		<control type="group">
			<animation effect="slide" start="400,0" end="0,0" time="400" tween="quadratic" easing="out" condition="String.IsEmpty(Window(home).Property(MediaMenu))">Conditional</animation>
			<left>0</left>
			<top>60</top>
			<include>Animation.Common</include>
			<control type="panel" id="2">
				<left>82</left>
				<top>0</top>
				<width>356</width>
				<height>840</height>
				<onleft>SetProperty(MediaMenu,True,home)</onleft>
				<onleft>SetFocus(9050,10)</onleft>
				<onright>9901</onright>
				<onup>2</onup>
				<ondown>2</ondown>
				<pagecontrol>-</pagecontrol>
				<scrolltime tween="quadratic" easing="out">200</scrolltime>
				<itemlayout height="90" width="356">
					<control type="label">
						<width>356</width>
						<height>90</height>
						<font>font15</font>
						<textoffsetx>20</textoffsetx>
						<selectedcolor>$VAR[ColorHighlightVar]</selectedcolor>
						<align>right</align>
						<label>$INFO[ListItem.Label]</label>
					</control>
				</itemlayout>
				<focusedlayout height="90" width="356">
					<control type="image">
						<width>356</width>
						<height>90</height>
						<texture>listselect_fo.png</texture>
						<colordiffuse>$VAR[ListColorHighlightVar]</colordiffuse>
						<visible>Control.HasFocus(2)</visible>
						<include>VisibleFadeEffect</include>
					</control>
					<control type="label">
						<width>356</width>
						<height>90</height>
						<font>font15</font>
						<textoffsetx>20</textoffsetx>
						<align>right</align>
						<label>$INFO[ListItem.Label]</label>
					</control>
				</focusedlayout>
			</control>
			<control type="grouplist" id="9901">
				<description>control area</description>
				<left>522</left>
				<top>0</top>
				<width>1316</width>
				<height>720</height>
				<itemgap>0</itemgap>
				<pagecontrol>-</pagecontrol>
				<onleft>2</onleft>
				<onright>2</onright>
				<onup>9901</onup>
				<ondown>9901</ondown>
				<control type="radiobutton" id="4">
					<description>Enable Login screen</description>
					<label>20096</label>
					<width>1316</width>
					<height>90</height>
					<font>font15</font>
					<textoffsetx>30</textoffsetx>
				</control>
				<control type="button" id="5">
					<description>Auto Login</description>
					<label>$LOCALIZE[33084]</label>
					<label2>$INFO[System.ProfileAutoLogin]</label2>
					<width>1316</width>
					<height>90</height>
					<font>font15</font>
					<textoffsetx>30</textoffsetx>
					<enable>!System.HasLoginScreen</enable>
				</control>
			</control>
			<control type="group">
				<left>522</left>
				<top>751</top>
				<control type="image">
					<top>3</top>
					<width>120</width>
					<height>120</height>
					<aspectratio align="center" aligny="center">keep</aspectratio>
					<texture fallback="DefaultActor.png">$INFO[Container(2).Listitem.Icon]</texture>
				</control>
				<control type="label">
					<left>120</left>
					<top>10</top>
					<width>1181</width>
					<height>45</height>
					<aligny>top</aligny>
					<wrapmultiline>true</wrapmultiline>
					<textoffsetx>15</textoffsetx>
					<font>font28_title</font>
					<label>$INFO[Container(2).ListItem.Label]</label>
				</control>
				<control type="label">
					<left>120</left>
					<top>70</top>
					<width>1181</width>
					<height>35</height>
					<textcolor>$VAR[ColorHighlightVar]</textcolor>
					<wrapmultiline>true</wrapmultiline>
					<textoffsetx>15</textoffsetx>
					<font>font13_title</font>
					<label>$INFO[Container(2).ListItem.Label2,$LOCALIZE[31320]: ]</label>
				</control>
			</control>
		</control>
		<include>SettingsMediaMenu</include>
		<control type="group" id="97631">
			<visible>!Window.IsActive(movieinformation) + !Window.IsActive(DialogVideoInfo.xml) + !Window.IsActive(script-skinshortcuts.xml)</visible>
			<animation effect="slide" tween="cubic" time="600" start="0,700" end="0,0" reversible="false">WindowOpen</animation>
			<animation effect="slide" tween="cubic" time="300" start="0,0" end="0,700" reversible="false">WindowClose</animation>
			<animation effect="slide" tween="cubic" time="600" start="0,700" end="0,0" reversible="false">Visible</animation>
			<animation effect="slide" tween="cubic" time="300" start="0,0" end="0,700" reversible="false">Hidden</animation>



			<animation effect="slide" time="300" delay="0" start="0" end="0,483" tween="cubic" reversible="true" condition="!Window.IsVisible(DialogKeyboard.xml) + !Window.IsVisible(DialogAddonInfo.xml) + !Window.IsVisible(DialogContextMenu.xml) + !Window.IsVisible(DialogAddonSettings.xml) + !Window.IsVisible(FileBrowser.xml) + !Window.IsVisible(DialogSelect.xml) + [Integer.IsLessOrEqual(System.CurrentControlID, 6002) | Integer.IsGreaterOrEqual(System.CurrentControlID, 9050)] + !String.StartsWith(System.CurrentControlID, 8011) + [[String.IsEqual(Container(9000).ListItem.Property(widget),weather) + Weather.IsFetched] | [!Control.IsVisible(12345) + !String.IsEqual(Container(9000).ListItem.Property(widget),weather) + !String.IsEmpty(Container(9000).ListItem.Property(widgetName))]]">Conditional</animation>
			
			<animation effect="slide" time="300" delay="0" start="0" end="0,163" tween="cubic" reversible="true" condition="!Window.IsVisible(DialogKeyboard.xml) + !Window.IsVisible(DialogAddonInfo.xml) + !Window.IsVisible(DialogContextMenu.xml) + !Window.IsVisible(DialogAddonSettings.xml) + !Window.IsVisible(FileBrowser.xml) + !Window.IsVisible(DialogSelect.xml) + [Integer.IsLessOrEqual(System.CurrentControlID, 6002) | Integer.IsGreaterOrEqual(System.CurrentControlID, 9050)] + !String.StartsWith(System.CurrentControlID, 8011) + [String.IsEmpty(Container(9000).ListItem.Property(widgetName))]">Conditional</animation>

			<control type="group">
				<include>HomeDefault</include>
			</control>
			<control type="group">
				<left>-140</left>
				<top>195</top>
				<include>MenuHome3D</include>
			</control>
        </control>
	</controls>
</window>