<?xml version="1.0" encoding="UTF-8"?>
<window>
	<defaultcontrol always="true">9001</defaultcontrol>
	<allowoverlay>no</allowoverlay>
	<coordinates>
		<system>1</system>
		<left>199</left>
		<top>210</top>
	</coordinates>
	<include>dialogeffect</include>
	<controls>
		<include content="DialogBackgroundCommons">
			<param name="DialogBackgroundWidth" value="1522" />
			<param name="DialogBackgroundHeight" value="660" />
			<param name="DialogHeaderLabel" value="$LOCALIZE[21421]" />
			<param name="DialogHeaderId" value="2" />
		</include>
		<control type="button">
			<description>rules label</description>
			<left>31</left>
			<top>88</top>
			<width>1138</width>
			<height>60</height>
			<align>left</align>
			<label>21422</label>
			<font>font13_title</font>
			<textoffsetx>15</textoffsetx>
			<disabledcolor>$VAR[ColorHighlightVar]</disabledcolor>
			<enable>no</enable>
			<texturefocus border="1">-</texturefocus>
		</control>
		<!-- left group -->
		<control type="group" id="9001">
			<control type="spincontrolex" id="15">
				<description>Rule Field</description>
				<left>31</left>
				<top>148</top>
				<width>569</width>
				<height>60</height>
				<font>-</font>
				<onright>16</onright>
				<onleft>9000</onleft>
				<onup>17</onup>
				<ondown>17</ondown>
			</control>
			<control type="label">
				<description>Rule Field label</description>
				<left>31</left>
				<top>148</top>
				<width>569</width>
				<height>60</height>
				<font>font14</font>
				<textoffsetx>15</textoffsetx>
				<label>$INFO[Control.GetLabel(15)]</label>
				<visible>!Control.HasFocus(15)</visible>
			</control>
			<control type="label">
				<description>Rule Field label</description>
				<left>31</left>
				<top>148</top>
				<width>569</width>
				<height>60</height>
				<font>font14</font>
				<textoffsetx>15</textoffsetx>
				<label>$INFO[Control.GetLabel(15)]</label>
				<visible>Control.HasFocus(15)</visible>
			</control>
			<control type="spincontrolex" id="16">
				<description>Rule operator</description>
				<left>600</left>
				<top>148</top>
				<width>569</width>
				<height>60</height>
				<font>-</font>
				<onright>9000</onright>
				<onleft>15</onleft>
				<onup>17</onup>
				<ondown>17</ondown>
			</control>
			<control type="label">
				<description>Rule Field label</description>
				<left>600</left>
				<top>148</top>
				<width>569</width>
				<height>60</height>
				<font>font14</font>
				<textoffsetx>15</textoffsetx>
				<label>$INFO[Control.GetLabel(16)]</label>
				<visible>!Control.HasFocus(16)</visible>
			</control>
			<control type="label">
				<description>Rule Field label</description>
				<left>600</left>
				<top>148</top>
				<width>569</width>
				<height>60</height>
				<font>font14</font>
				<textoffsetx>15</textoffsetx>
				<label>$INFO[Control.GetLabel(16)]</label>
				<visible>Control.HasFocus(16)</visible>
			</control>
			<control type="edit" id="17">
				<description>Value Button</description>
				<left>31</left>
				<top>208</top>
				<width>828</width>
				<label>-</label>
				<onup>15</onup>
				<onleft>9000</onleft>
				<onright>20</onright>
				<ondown>15</ondown>
			</control>
			<control type="button" id="20">
				<description>Browse Button</description>
				<left>859</left>
				<top>208</top>
				<width>310</width>
				<label>1024</label>
				<onup>16</onup>
				<onleft>17</onleft>
				<onright>9000</onright>
				<ondown>15</ondown>
			</control>
		</control>
		<!-- right group -->
		<control type="group">
			<left>1182</left>
			<top>88</top>
			<control type="grouplist" id="9000">
				<onup>9000</onup>
				<onleft>9001</onleft>
				<onright>9001</onright>
				<ondown>9000</ondown>
				<control type="button" id="18">
					<description>Ok Button</description>
					<width>310</width>
					<label>186</label>
				</control>
				<control type="button" id="19">
					<description>Cancel Button</description>
					<width>310</width>
					<label>222</label>
				</control>
			</control>
		</control>
	</controls>
</window>