<?xml version="1.0" encoding="UTF-8"?>
<window>
  <defaultcontrol always="true">570</defaultcontrol>
  <menucontrol>9000</menucontrol>
  <views>570</views>
  <controls>
    <include>DefaultBackground</include>
    <control type="image"> 
      <width>1920</width> 
      <top>65</top>
      <height>1015</height> 
      <texture border="0,30,0,0">overlay_20.png</texture> 
      <colordiffuse>FF9e9e9e</colordiffuse> 
    </control> 
    <include>Time</include>      
    <control type="group">
      <include>OpenClose</include>
      <control type="group"> 
        <include>VisibleFadeEffect</include>
        <visible>Control.IsVisible(570)</visible>
        <control type="list" id="570"> 
          <posx>144</posx>
          <posy>120</posy>
          <width>1776</width>
          <height>892</height>
          <onleft>9000</onleft>
          <onright>60</onright>
          <onup>570</onup>
          <ondown>570</ondown>
          <pagecontrol>60</pagecontrol>
          <viewtype label="535">list</viewtype>
          <scrolltime tween="sine" easing="inout">280</scrolltime>
          <itemlayout height="99">
            <control type="image">
              <height>96</height>
              <width>1576</width>
              <texture flipy="true" border="3">list/ListNF.png</texture>
            </control>
            <control type="image" description="Logo">
              <posx>9</posx>
              <posy>9</posy>
              <width>80</width>
              <height>80</height>
              <texture>$INFO[ListItem.Icon]</texture>
              <aspectratio>keep</aspectratio>
            </control>
            <control type="label" description="Label">
              <left>108</left>
              <height>40</height>
              <top>5</top>
              <width>1270</width>
              <align>left</align>
              <aligny>center</aligny>
              <label>[B]$INFO[ListItem.Label][/B]</label>
            </control>
            <control type="textbox" description="Description">
              <top>49</top>
              <left>108</left>
              <height>40</height>
              <width>1270</width>
              <align>left</align>
              <label>$INFO[ListItem.Property(Event.Description)]</label>
            </control>
            <control type="label" description="Label2">
              <height>60</height>
              <font>Details</font>
              <width>1566</width>
              <textcolor>Grey</textcolor>
              <align>right</align>
              <aligny>center</aligny>
              <label>$INFO[ListItem.Label2]</label>
            </control>
          </itemlayout>
          <focusedlayout height="99">
            <control type="image">
              <height>96</height>
              <width>1576</width>
              <texture border="4" colordiffuse="$VAR[HighlightColor]">WhiteRoundedcbxST2.png</texture>
            </control>
            <control type="image" description="Logo">
              <posx>9</posx>
              <posy>9</posy>
              <width>80</width>
              <height>80</height>
              <texture>$INFO[ListItem.Icon]</texture>
              <aspectratio>keep</aspectratio>
            </control>
            <control type="label" description="Label">
              <left>108</left>
              <height>40</height>
              <top>5</top>
              <width>1270</width>
              <align>left</align>
              <aligny>center</aligny>
              <textcolor>$VAR[FocusedTextColor]</textcolor>
              <shadowcolor>$VAR[DiffuseColor]</shadowcolor>
              <label>[B]$INFO[ListItem.Label][/B]</label>
            </control>
            <control type="textbox" description="Description">
              <top>49</top>
              <left>108</left>
              <height>40</height>
              <width>1270</width>
              <align>left</align>
              <textcolor>$VAR[FocusedTextColor]</textcolor>
              <shadowcolor>$VAR[DiffuseColor]</shadowcolor>
              <label>$INFO[ListItem.Property(Event.Description)]</label>
            </control>
            <control type="label" description="Label2">
              <height>60</height>
              <font>Details</font>
              <width>1566</width>
              <textcolor>$VAR[FocusedTextColor]</textcolor>
              <shadowcolor>$VAR[DiffuseColor]</shadowcolor>
              <align>right</align>
              <aligny>center</aligny>
              <label>$INFO[ListItem.Label2]</label>
            </control>
          </focusedlayout>
        </control>
      </control>
    </control>
    <control type="scrollbar" id="60">
      <animation effect="slide" start="0,0" end="-8,0" time="150">Focus</animation>
      <animation effect="slide" start="-8,0" end="0,0" time="300">UnFocus</animation>
      <posx>21r</posx>
      <posy>99</posy>
      <width>36</width>
      <height>900</height>
      <texturesliderbackground></texturesliderbackground>
      <texturesliderbar></texturesliderbar>
      <texturesliderbarfocus></texturesliderbarfocus>
      <textureslidernib border="18">OSD/ScrollbarNibNF.png</textureslidernib>
      <textureslidernibfocus border="18" colordiffuse="$VAR[HighlightColor]">OSD/ScrollbarNibFO.png</textureslidernibfocus>
      <showonepage>false</showonepage>
      <orientation>vertical</orientation>
      <onleft>570</onleft>
      <onright>9000</onright>
    </control>
    <control type="group">
      <animation type="Conditional" condition="![ControlGroup(9000).HasFocus | Control.HasFocus(8999)]">
        <effect type="fade" start="100" end="0" time="100" delay="250" />
        <effect type="slide" tween="circle" easing="in" start="0,0" end="-500,0" time="350" />
      </animation>
      <control type="button" id="8999">
        <description>Fake button for mouse control</description>
        <label></label>
        <font></font>
        <texturenofocus></texturenofocus>
        <texturefocus></texturefocus>
        <visible>true</visible>
      </control>
      <control type="image">
        <posx>-1</posx>
        <width>512</width>
        <height>1080</height>
        <texture border="0,0,30,0">common/ViewMenu.png</texture>
      </control>
      <control type="grouplist" id="9000">
        <posx>1</posx>
        <posy>60</posy>
        <width>500</width>
        <height>1120</height>
        <onleft>9000</onleft>
        <onright>570</onright>
        <onup>9000</onup>
        <ondown>9000</ondown>
        <scrolltime>200</scrolltime>
        <orientation>vertical</orientation>
        <control type="label" id="200">
          <textcolor>$VAR[HighlightColor]</textcolor>
          <textoffsetx>10</textoffsetx>
          <align>left</align>
          <include>9000ViewButtons</include>
          <label>$LOCALIZE[31006]</label>
        </control>
        <control type="togglebutton" id="4"> 
          <description>Sort asc</description> 
          <include>9000SysButtons</include> 
          <alttexturenofocus></alttexturenofocus> 
          <label>$LOCALIZE[31051]</label> 
          <altlabel>$LOCALIZE[31050]</altlabel> 
          <usealttexture>Container.SortDirection(Ascending)</usealttexture> 
        </control> 
        <control type="label" id="201">
          <textcolor>$VAR[HighlightColor]</textcolor>
          <textoffsetx>10</textoffsetx>
          <align>left</align>
          <include>9000ViewButtons</include>
          <label>$LOCALIZE[31026]</label>
        </control>
        <control type="button" id="21"> 
          <description>Levels</description> 
          <include>9000SysButtons</include>
          <label></label> 
        </control> 
        <control type="radiobutton" id="22"> 
          <description>Only show current level</description> 
          <include>9000SysButtons</include> 
          <label></label> 
        </control> 
        <control type="button" id="20"> 
          <description>Levels</description> 
          <include>9000SysButtons</include>
          <label>$LOCALIZE[192]</label> 
        </control> 
      </control>
    </control>
  </controls>
</window>