<?xml version="1.0" encoding="UTF-8"?>
<window>
	<defaultcontrol always="true">9990</defaultcontrol>
	<coordinates>
		<left>0</left>
		<top>0</top>
		<origin x="60" y="0">true</origin>
	</coordinates>
	<animation type="WindowOpen" reversible="false">
		<effect type="fade" delay="300" end="100" time="300" />
	</animation>
	<controls>
		<control type="group">
            <animation effect="fade" end="0" start="100" time="0" condition="Window.IsVisible(DialogKeyboard.xml) | Window.IsVisible(DialogSelect.xml) | Window.IsVisible(DialogConfirm.xml)" reversible="false">Conditional</animation>
			<left>0</left>
			<top>604</top>
			<include content="DialogBackgroundCommonsFake">
				<param name="DialogBackgroundWidth" value="1346" />
				<param name="DialogBackgroundHeight" value="680" />
				<param name="DialogHeaderLabel" value="-" />
				<param name="DialogHeaderId" value="20" />
			</include>
			<visible>!Window.IsActive(DialogAddonSettings)</visible>
			<control type="group">
				<control type="image">
					<width>310</width>
					<height>310</height>
					<aspectratio>keep</aspectratio>
					<texture>$INFO[ListItem.Icon]</texture>
				</control>
				<control type="grouplist" id="9990">
					<left>320</left>
					<width>310</width>
					<height>310</height>
					<onleft>60</onleft>
					<onright>500</onright>
					<onup>9990</onup>
					<ondown>9990</ondown>
					<pagecontrol>60</pagecontrol>
					<itemgap>0</itemgap>
					<animation effect="fade" start="100" end="50" time="300" tween="sine" easing="inout" condition="Window.IsActive(textviewer)">Conditional</animation>
					<control type="button" id="9">
						<description>Configure Addon</description>
						<width>310</width>
						<height>62</height>
						<label>24020</label>
						<align>left</align>
						<font>font30</font>
					</control>
					<control type="button" id="8">
						<description>Update Addon button</description>
						<width>310</width>
						<height>62</height>
						<label>24069</label>
						<align>left</align>
						<font>font30</font>
					</control>
					<control type="radiobutton" id="13">
						<description>Auto update button</description>
						<width>310</width>
						<height>62</height>
						<label>21340</label>
						<align>left</align>
						<font>font30</font>
					</control>
					<control type="button" id="12">
						<description>Launch Addon button</description>
						<width>310</width>
						<height>62</height>
						<label>518</label>
						<align>left</align>
						<font>font30</font>
					</control>
					<control type="button" id="6">
						<description>Install/UnInstall Addon button</description>
						<width>310</width>
						<height>62</height>
						<label>24022</label>
						<align>left</align>
						<font>font30</font>
					</control>
					<control type="button" id="7">
						<description>Enable/Disable Addon button</description>
						<width>310</width>
						<height>62</height>
						<label>24021</label>
						<align>left</align>
						<font>font30</font>
					</control>
				</control>
			</control>
			<control type="group">
				<left>630</left>
				<width>1100</width>
				<height>880</height>
				<control type="panel">
					<width>1100</width>
					<height>300</height>
					<orientation>horizontal</orientation>
					<pagecontrol>61</pagecontrol>
					<scrolltime tween="quadratic" easing="out">200</scrolltime>
					<itemlayout height="62" width="1100">
						<control type="label">
							<width>190</width>
							<height>62</height>
							<font>font30</font>
							<textcolor>$VAR[ColorHighlightVar]</textcolor>
							<label>$INFO[ListItem.Label2]</label>
						</control>
						<control type="label">
							<left>190</left>
							<width>970</width>
							<height>62</height>
							<font>font30</font>
							<label>$INFO[ListItem.Label]</label>
						</control>
					</itemlayout>
					<focusedlayout height="62" width="1100">
						<control type="label">
							<width>190</width>
							<height>62</height>
							<font>font30</font>
							<textcolor>$VAR[ColorHighlightVar]</textcolor>
							<label>$INFO[ListItem.Label2]</label>
						</control>
						<control type="label">
							<left>190</left>
							<width>970</width>
							<height>62</height>
							<font>font30</font>
							<label>$INFO[ListItem.Label]</label>
						</control>
					</focusedlayout>
					<content>
						<item>
							<label>$INFO[ListItem.AddonCreator]</label>
							<label2>$LOCALIZE[21863]:</label2>
							<onclick>noop</onclick>
						</item>
						<item>
							<label>$INFO[ListItem.AddonVersion]</label>
							<label2>$LOCALIZE[24051]</label2>
							<onclick>noop</onclick>
						</item>
						<item>
							<label>$INFO[ListItem.Property(Addon.ID)]</label>
							<label2>$LOCALIZE[560]:</label2>
							<onclick>noop</onclick>
						</item>
					</content>
				</control>
				<control type="grouplist">
					<left>0</left>
					<top>186</top>
					<usecontrolcoords>true</usecontrolcoords>
					<control type="textbox" id="400">
						<description>Description</description>
						<width>1100</width>
						<height>124</height>
						<font>font30_textbox</font>
						<textcolor>$VAR[ColorTextVar]</textcolor>
						<label>$LOCALIZE[21821]: [I]$INFO[ListItem.AddonDescription]$VAR[AddonNews,[CR]]$VAR[AddonDisclaimer]$INFO[ListItem.AddonSize,[CR]$LOCALIZE[289]: ,][/I]</label>
						<autoscroll time="2000" delay="2000" repeat="4000">Skin.HasSetting(Enable.AutoScroll)</autoscroll>
						<pagecontrol>500</pagecontrol>
					</control>
				</control>
			</control>
			<control type="group">
				<left>522</left>
				<top>770</top>
				<include>SettingsFadeEffect</include>
				<visible>!Window.isVisible(AddonSettings) + !Window.IsActive(TextViewer)</visible>
				<visible>!String.IsEmpty(ListItem.AddonBroken)</visible>
				<control type="image">
					<width>120</width>
					<height>120</height>
					<aspectratio align="left">keep</aspectratio>
					<texture>$INFO[Skin.String(MenuDefaultIconsPath)]error.png</texture>
				</control>
				<control type="fadelabel">
					<left>125</left>
					<top>10</top>
					<width>1210</width>
					<height>115</height>
					<aligny>top</aligny>
					<textcolor>$VAR[ColorHighlightVar]</textcolor>
					<wrapmultiline>true</wrapmultiline>
					<font>font30</font>
					<label>24096</label>
				</control>
				<control type="fadelabel">
					<left>125</left>
					<top>55</top>
					<width>1210</width>
					<height>50</height>
					<font>font30</font>
					<label>$INFO[ListItem.AddonBroken]</label>
				</control>
			</control>
			<control type="scrollbar" id="60">
					<left>310</left>
					<width>10</width>
					<height>310</height>
				<onleft>back</onleft>
				<onleft>SetFocus(97631)</onleft>
				<onright>9990</onright>
				<ondown>60</ondown>
				<onup>60</onup>
				<showonepage>true</showonepage>
			</control>
			<control type="scrollbar" id="500">
					<left>1730</left>
					<width>10</width>
					<height>310</height>
				<onleft>9990</onleft>
				<onright>back</onright>
				<onright>9000</onright>
				<ondown>500</ondown>
				<onup>500</onup>
				<showonepage>true</showonepage>
			</control>
		</control>
	</controls>
</window>