<?xml version="1.0" encoding="UTF-8"?>
<window>
	<defaultcontrol always="true">450</defaultcontrol>
	<allowoverlay>no</allowoverlay>
	<coordinates>
		<left>0</left>
		<top>0</top>
		<origin x="60" y="0">true</origin>
	</coordinates>
	<animation type="WindowOpen" reversible="false">
		<effect type="fade" delay="300" end="100" time="300" />
	</animation>
	<controls>
		<control type="group">
			<left>0</left>
			<top>604</top>
			<include content="DialogBackgroundCommonsFake">
				<param name="DialogBackgroundWidth" value="1090" />
				<param name="DialogBackgroundHeight" value="960" />
				<param name="DialogHeaderLabel" value="" />
				<param name="DialogHeaderId" value="1" />
			</include>
			<control type="group" id="9450">
				<control type="wraplist" id="450">
					<left>60</left>
					<width>1523</width>
					<height>310</height>
					<onup>9450</onup>
					<ondown>9450</ondown>
					<onleft>9000</onleft>
					<onright condition="Control.IsVisible(60)">60</onright>
					<onright condition="!Control.IsVisible(60)">9000</onright>
					<focusposition>2</focusposition>
					<movement>0</movement>
					<pagecontrol>60</pagecontrol>
					<orientation>Vertical</orientation>
					<scrolltime tween="quadratic" easing="out">300</scrolltime>
					<itemlayout height="62" width="1523">
						<control type="label">
							<font>font30</font>
							<align>center</align>
							<textcolor>$VAR[ColorMenuVar]</textcolor>
							<label>$INFO[ListItem.Label]</label>
						</control>
					</itemlayout>
					<focusedlayout height="62" width="1523">
						<control type="image">
							<texture>background.png</texture>
							<colordiffuse>$VAR[ColorMenuVar]</colordiffuse>
						</control>
						<control type="label">
							<font>font30</font>
							<align>center</align>
							<textcolor>$VAR[ColorMenuVar]</textcolor>
							<label>$INFO[ListItem.Label]</label>
						</control>
					</focusedlayout>
				</control>
				<control type="wraplist" id="451">
					<left>60</left>
					<width>1523</width>
					<height>310</height>
					<onup>9010</onup>
					<ondown>9010</ondown>
					<onleft>9000</onleft>
					<onright condition="Control.IsVisible(60)">60</onright>
					<onright condition="!Control.IsVisible(60)">9000</onright>
					<focusposition>2</focusposition>
					<movement>0</movement>
					<pagecontrol>60</pagecontrol>
					<orientation>Vertical</orientation>
					<scrolltime tween="quadratic" easing="out">300</scrolltime>
					<itemlayout height="62" width="1523">
						<control type="label">
							<font>font30</font>
							<align>center</align>
							<textcolor>$VAR[ColorMenuVar]</textcolor>
							<info>ListItem.Label</info>
						</control>
					</itemlayout>
					<focusedlayout height="62" width="1523">
						<control type="image">
							<texture>background.png</texture>
							<colordiffuse>$VAR[ColorMenuVar]</colordiffuse>
						</control>
						<control type="label">
							<font>font30</font>
							<align>center</align>
							<textcolor>$VAR[ColorMenuVar]</textcolor>
							<info>ListItem.Label</info>
						</control>
					</focusedlayout>
				</control>
				<control type="scrollbar" id="60">
					<left>1583</left>
					<width>10</width>
					<height>310</height>
					<onleft>450</onleft>
					<onright>9000</onright>
					<orientation>vertical</orientation>
					<showonepage>true</showonepage>
				</control>
			</control>
			<control type="group">
				<width>1920</width>
				<height>310</height>
				<control type="image">
					<left>1593</left>
					<width>207</width>
					<height>310</height>
					<aspectratio>keep</aspectratio>
					<texture background="true">$INFO[ListItem.Icon]</texture>
					<visible>!String.Contains(Control.GetLabel(416),*)</visible>
				</control>
				<control type="image">
					<left>1593</left>
					<width>207</width>
					<height>310</height>
					<aspectratio>keep</aspectratio>
					<texture background="true" flipx="true">$INFO[ListItem.Icon]</texture>
					<visible>String.Contains(Control.GetLabel(416),*)</visible>
				</control>
				<control type="grouplist" id="9000">
					<left>-30</left>
					<width>62</width>
					<height>310</height>
					<onleft>9450</onleft>
					<onright>9450</onright>
					<onup>9000</onup>
					<ondown>9000</ondown>
					<control type="button" id="413">
						<description>OK button</description>
						<width>62</width>
						<height>62</height>
						<label></label>
						<align>center</align>
						<font>IconButton</font>
						<onleft>9450</onleft>
						<onright>9450</onright>
						<onup>9000</onup>
						<ondown>9000</ondown>
						<texturefocus></texturefocus>
						<focusedcolor>$VAR[MenuListColorHighlightVar]</focusedcolor>
					</control>
					<control type="button" id="414">
						<description>Cancel button</description>
						<width>62</width>
						<height>62</height>
						<label></label>
						<align>center</align>
						<font>IconButton</font>
						<onleft>9450</onleft>
						<onright>9450</onright>
						<onup>9000</onup>
						<ondown>9000</ondown>
						<texturefocus></texturefocus>
						<focusedcolor>$VAR[MenuListColorHighlightVar]</focusedcolor>
					</control>
					<control type="button" id="415">
						<description>Create folder button</description>
						<width>62</width>
						<height>62</height>
						<label></label>
						<align>center</align>
						<font>IconButton</font>
						<onleft>9450</onleft>
						<onright>9450</onright>
						<onup>9000</onup>
						<ondown>9000</ondown>
						<texturefocus></texturefocus>
						<focusedcolor>$VAR[MenuListColorHighlightVar]</focusedcolor>
					</control>
					<control type="radiobutton" id="416">
						<description>Flip Image button</description>
						<width>62</width>
						<height>62</height>
						<label></label>
						<align>center</align>
						<font>IconButton</font>
						<radioposx>200</radioposx>
						<label>31985</label>
						<onleft>9450</onleft>
						<onright>9450</onright>
						<onup>9000</onup>
						<ondown>9000</ondown>
						<texturefocus></texturefocus>
						<focusedcolor>$VAR[MenuListColorHighlightVar]</focusedcolor>
					</control>
				</control>
				<control type="label" id="416">
					<description>Flip Image label</description>
					<left>-30</left>
					<top>186</top>
					<width>62</width>
					<height>62</height>
					<label>$VAR[OnOffButton]</label>
					<align>center</align>
					<font>IconSmall</font>
				</control>
			</control>
		</control>
	</controls>
</window>