<?xml version="1.0" encoding="UTF-8"?>
<window>
	<defaultcontrol always="true">10</defaultcontrol>
	<allowoverlay>no</allowoverlay>
	<onload>Skin.SetBool(SkinHelper.EnableExtraFanart)</onload>
	<onload>Skin.SetBool(Overlay.Unwatched)</onload>
	<onload>Skin.SetBool(Overlay.Watched)</onload>
	<onload>Skin.SetBool(Overlay.Resumable)</onload>
	<onload condition="Skin.HasSetting(Text.Shadow.Enable)">Skin.SetString(Text.Shadow.Colour,ff000000)</onload>
	<onload condition="!Skin.HasSetting(Text.Shadow.Enable)">Skin.SetString(Text.Shadow.Colour,-)</onload>
	<onload condition="System.HasAddon(script.colorbox)">RunScript(script.colorbox,daemon=True)</onload>
	<onload condition="System.HasAddon(script.skin.info.service)">RunScript(script.skin.info.service)</onload>
	<onload condition="!System.HasAddon(script.tv.show.next.aired)">Skin.SetBool(Disable.NextAired)</onload>
	<onload condition="String.IsEmpty(Skin.String(background_fx))">Skin.SetString(background_fx,blur)</onload>
	<onload condition="String.IsEmpty(Skin.String(focus_fx))">Skin.SetString(focus_fx,blur)</onload>
	<onload condition="String.IsEmpty(Skin.String(MenuDefaultIconsPath))">Skin.SetString(MenuDefaultIconsPath,special://skin/extras/simple/)</onload>
	<onload>SetProperty(cfa_daemon_set,$INFO[Skin.String(background_fx)],home)</onload>
	<onload>SetProperty(FIVE_daemon_set,$INFO[Skin.String(focus_fx)],home)</onload>
	<onload>SetProperty(EIGHT_daemon_set,$INFO[Skin.String(focus_fx)],home)</onload>
	<onload>SetProperty(SEVEN_daemon_set,True,home)</onload>
	<onload>SetProperty(EIGHT_daemon_set,True,home)</onload>
	<onload>SetProperty(FIVE_daemon_fallback,APEx.jpg,home)</onload>
	<onload>SetProperty(EIGHT_daemon_fallback,APEx.jpg,home)</onload>
	<onload>Skin.SetString(SkinHelper.RandomFanartDelay,3)</onload>
	<onload>SetProperty(ImageFilterFIVE,APEx.jpg,home)</onload>
	<controls>
		<control type="button" id="10">
			<description>trigger</description>
			<onfocus condition="System.HasAddon(script.tv.show.next.aired) + Skin.HasSetting(NextAired.Update) + Library.HasContent(tvshows)">RunScript(script.tv.show.next.aired,silent=True)</onfocus>
			<onfocus>ReplaceWindow($INFO[System.StartupWindow])</onfocus>
			<texturenofocus>-</texturenofocus>
			<texturefocus>-</texturefocus>
			<visible>!Skin.HasSetting(Use_Startup_Playlist)</visible>
		</control>
		<control type="button" id="10">
			<description>trigger with startup Playlist</description>
			<onfocus>PlayMedia($INFO[Skin.String(Startup_Playlist_Path)])</onfocus>
			<onfocus condition="System.HasAddon(script.tv.show.next.aired) + Skin.HasSetting(NextAired.Update) + Library.HasContent(tvshows)">RunScript(script.tv.show.next.aired,silent=True)</onfocus>
			<onfocus>ReplaceWindow($INFO[System.StartupWindow])</onfocus>
			<texturenofocus>-</texturenofocus>
			<texturefocus>-</texturefocus>
			<visible>Skin.HasSetting(Use_Startup_Playlist)</visible>
		</control>
		<include>CommonBackground</include>
	</controls>
</window>
