<?xml version="1.0" encoding="UTF-8"?>
<window type="dialog" id="1105">
	<defaultcontrol always="true">1</defaultcontrol>
	<controls>
		<control type="label" id="7979">
			<right>0</right>
			<align>right</align>
			<textcolor></textcolor>
			<label>var=npoints,set=$INFO[Skin.String(colorbox_npoints)]|var=main,set=main:|var=comp,set=main:hls*0.33;0;0@hsv*0;-0.1;0.3|var=blursize,set=1|var=quality,set=1</label>
		</control>
		<control type="button" id="1">
			<include>HiddenControl</include>
			<onfocus>AlarmClock(nms2,Action(close),00:02,true)</onfocus>
		</control>
	</controls>
</window>