<?xml version="1.0" encoding="UTF-8"?>
<window>
    <defaultcontrol>5</defaultcontrol>
    <controls>
        <!--background-->
        <include>globalBackground</include>
        <control type="image">
            <include>dimensionsFullscreen</include>
            <texture>colors/black.png</texture>
            <aspectratio>stretch</aspectratio>
            <colordiffuse>99ffffff</colordiffuse>
        </control>
        <control type="group">
            <posx>col-5-begin</posx>
            <posy>row-2-begin</posy>
            <!--animations-->
            <include>modalDialogInOutVertical</include>
            <control type="image">
                <posx>-384</posx>
                <posy>44</posy>
                <width>fullscreenWidth</width>
                <height>1-row</height>
                <texture>colors/white.png</texture>
                <colordiffuse>ffffffff</colordiffuse>
                <aspectratio>stretch</aspectratio>
            </control>
            <control type="image">
                <posx>-3</posx>
                <posy>44</posy>
                <width>3</width>
                <height>1-row</height>
                <texture>colors/black.png</texture>
                <colordiffuse>ffffffff</colordiffuse>
                <aspectratio>stretch</aspectratio>
            </control>
            <control type="label" id="1">
                <posx>12</posx>
                <posy>44</posy>
                <width>8-col</width>
                <font>dialogTitle</font>
                <label>$LOCALIZE[5]</label>
                <textcolor>black</textcolor>
                <shadowcolor>-</shadowcolor>
            </control>
            <control type="grouplist" id="5">
                <posx>0</posx>
                <posy>120</posy>
                <width>12-col-gutter</width>
                <height>11-row</height>
                <onright>9000</onright>
                <onup>5</onup>
                <ondown>5</ondown>
                <orientation>vertical</orientation>
                <itemgap>3</itemgap>
            </control>
            <control type="button" id="7">
                <description>Default Button</description>
                <align>left</align>
                <height>54</height>
                <font>itemTitle</font>
                <textcolor>textActive</textcolor>
                <focusedcolor>black</focusedcolor>
                <texturefocus>colors/white.png</texturefocus>
                <texturenofocus>-</texturenofocus>
                <textoffsetx>12</textoffsetx>
            </control>
            <control type="radiobutton" id="8">
                <description>Default RadioButton</description>
            </control>
            <control type="spincontrolex" id="9">
                <description>Default SpinControlex</description>
            </control>
            <control type="sliderex" id="13">
                <description>Default Slider</description>
            </control>
            <!--buttons-->
            <control type="panel" id="9000">
                <posx>12-col</posx>
                <posy>120</posy>
                <width>4-col</width>
                <height>5-row</height>
                <itemgap>3</itemgap>
                <orientation>vertical</orientation>
                <onleft>5</onleft>
                <itemlayout width="4-col" height="1-row">
                    <control type="image">
                        <posx>0</posx>
                        <posy>2</posy>
                        <width>4-col</width>
                        <height>53</height>
                        <aspectratio>stretch</aspectratio>
                        <texture>colors/black.png</texture>
                    </control>
                    <control type="label">
                        <posx>24</posx>
                        <posy>0</posy>
                        <width>1-col</width>
                        <font>symbol</font>
                        <textcolor>textActive</textcolor>
                        <label>$INFO[ListItem.label2]</label>
                        <shadowcolor>-</shadowcolor>
                    </control>
                    <control type="label">
                        <posx>1-col</posx>
                        <posy>2</posy>
                        <width>4-col</width>
                        <font>menuTitle</font>
                        <textcolor>textActive</textcolor>
                        <label>$INFO[ListItem.label]</label>
                        <shadowcolor>-</shadowcolor>
                    </control>
                </itemlayout>
                <focusedlayout width="4-col" height="1-row">
                    <control type="image">
                        <posx>0</posx>
                        <posy>2</posy>
                        <width>4-col</width>
                        <height>53</height>
                        <aspectratio>stretch</aspectratio>
                        <texture>colors/white.png</texture>
                    </control>
                    <control type="label">
                        <posx>24</posx>
                        <posy>0</posy>
                        <width>1-col</width>
                        <font>symbol</font>
                        <textcolor>black</textcolor>
                        <label>$INFO[ListItem.label2]</label>
                        <shadowcolor>-</shadowcolor>
                    </control>
                    <control type="label">
                        <posx>1-col</posx>
                        <posy>2</posy>
                        <width>4-col</width>
                        <font>menuTitle</font>
                        <textcolor>black</textcolor>
                        <label>$INFO[ListItem.label]</label>
                        <shadowcolor>-</shadowcolor>
                    </control>
                </focusedlayout>
                <content>
                    <item id="1">
                        <description>Ok Button</description>
                        <label>186</label>
                        <label2></label2>
                        <thumb>-</thumb>
                        <onclick>SendClick(28)</onclick>
                    </item>
                    <item id="2">
                        <description>Cancel Button</description>
                        <label>222</label>
                        <label2></label2>
                        <thumb>-</thumb>
                        <onclick>SendClick(29)</onclick>
                    </item>
                    <item id="3">
                        <description>Defaults Button</description>
                        <label>409</label>
                        <label2></label2>
                        <thumb>-</thumb>
                        <onclick>SendClick(50)</onclick>
                    </item>
                </content>
            </control>
        </control>
        <!--buttons-->
        <control type="group">
            <visible>false</visible>
            <control type="button" id="29">
                <description>Cancel Button</description>
                <label>222</label>
            </control>
            <control type="button" id="28">
                <description>OK Button</description>
            </control>
            <control type="button" id="50">
                <description>Defaults Button</description>
                <label>409</label>
            </control>
        </control>
        <!--debugging-->
        <include>DebugGrid</include>
        <control type="label">
            <include>DialogID</include>
            <label>DialogPeripheralSettings.xml</label>
        </control>
    </controls>
</window>
