<?xml version="1.0" encoding="UTF-8"?>
<fonts>
    <fontset id="default">
        <!--Roboto fontset-->
        <!--proportional font sizes for reference 6,8,9,10,11,12,14,18,24,30,36,48,60,72 -->
        <font>
            <name>veryLarge</name>
            <filename>roboto/black.ttf</filename>
            <size>144</size>
            <linespacing>0.8</linespacing>
        </font>
        <font>
            <name>large</name>
            <filename>roboto/regular.ttf</filename>
            <size>60</size>
            <linespacing>1.0</linespacing>
        </font>
        <font>
            <name>largeBlack</name>
            <filename>roboto/black.ttf</filename>
            <size>60</size>
            <linespacing>0.8</linespacing>
        </font>
        <font>
            <name>largeStrong</name>
            <filename>roboto/bold.ttf</filename>
            <size>60</size>
            <linespacing>0.8</linespacing>
        </font>
        <font>
            <name>largeLight</name>
            <filename>roboto/light.ttf</filename>
            <size>60</size>
            <linespacing>0.8</linespacing>
        </font>
        <font>
            <name>medium</name>
            <filename>roboto/regular.ttf</filename>
            <size>48</size>
            <linespacing>1.0</linespacing>
        </font>
        <font>
            <name>mediumStrong</name>
            <filename>roboto/bold.ttf</filename>
            <size>48</size>
            <linespacing>1</linespacing>
        </font>
        <font>
            <name>mediumLight</name>
            <filename>roboto/light.ttf</filename>
            <size>48</size>
            <linespacing>0.9</linespacing>
        </font>
        <font>
            <name>regular</name>
            <filename>roboto/regular.ttf</filename>
            <size>36</size>
            <linespacing>0.9</linespacing>
        </font>
        <font>
            <name>regularStrong</name>
            <filename>roboto/bold.ttf</filename>
            <size>36</size>
            <linespacing>0.9</linespacing>
        </font>
        <font>
            <name>regularSemibold</name>
            <filename>roboto/semibold.ttf</filename>
            <size>36</size>
            <linespacing>0.9</linespacing>
        </font>
        <font>
            <name>regularLight</name>
            <filename>roboto/light.ttf</filename>
            <size>36</size>
            <linespacing>1.0</linespacing>
        </font>
        <font>
            <name>small</name>
            <filename>roboto/regular.ttf</filename>
            <size>30</size>
            <linespacing>0.9</linespacing>
        </font>
        <font>
            <name>smallStrong</name>
            <filename>roboto/bold.ttf</filename>
            <size>22</size>
            <linespacing>1.0</linespacing>
        </font>
        <font>
            <name>smallMedium</name>
            <filename>roboto/bold.ttf</filename>
            <size>24</size>
            <linespacing>1.0</linespacing>
        </font>
        <!--element specific-->
        <font>
            <name>textbox</name>
            <filename>roboto/medium.ttf</filename>
            <size>30</size>
            <linespacing>1.1</linespacing>
        </font>
        <font>
            <name>textboxExtraLeading</name>
            <filename>roboto/regular.ttf</filename>
            <size>30</size>
            <linespacing>1</linespacing>
        </font>

        <font>
            <name>pageTitle</name>
            <filename>roboto/condensedBold.ttf</filename>
            <size>48</size>
            <linespacing>1.0</linespacing>
        </font>
        <font>
            <name>pageSubTitle</name>
            <filename>roboto/medium.ttf</filename>
            <size>30</size>
            <linespacing>1.0</linespacing>
        </font>
        <font>
            <name>dialogTitle</name>
            <filename>roboto/bold.ttf</filename>
            <size>40</size>
            <linespacing>1.0</linespacing>
        </font>
        <font>
            <name>largeTitle</name>
            <!--prev dialogTitle-->
            <filename>roboto/black.ttf</filename>
            <size>60</size>
            <linespacing>1.0</linespacing>
            <style>uppercase</style>
        </font>

        <font>
            <name>itemTitle</name>
            <filename>roboto/bold.ttf</filename>
            <size>30</size>
            <linespacing>1.0</linespacing>
        </font>
        <font>
            <name>itemSubTitle</name>
            <filename>roboto/bold.ttf</filename>
            <size>24</size>
            <linespacing>1.0</linespacing>
        </font>
        <font>

            <name>itemSubTitleCondensed</name>
            <filename>roboto/condensedBold.ttf</filename>
            <size>30</size>
            <linespacing>0.8</linespacing>
        </font>
        <font>
            <name>menuTitle</name>
            <filename>roboto/regular.ttf</filename>
            <size>30</size>
            <linespacing>1.0</linespacing>
        </font>
        <font>
            <name>buttonTitle</name>
            <filename>roboto/medium.ttf</filename>
            <size>28</size>
            <linespacing>1.0</linespacing>
        </font>
        <font>
            <name>symbol</name>
            <filename>symbol.ttf</filename>
            <size>20</size>
            <style/>
        </font>
        <font>
            <name>symbolSmall</name>
            <filename>symbol.ttf</filename>
            <size>14</size>
            <style/>
        </font>
        <font>
            <name>symbolLarge</name>
            <filename>symbol.ttf</filename>
            <size>28</size>
            <style/>
        </font>
        <font>
            <name>symbolVeryLarge</name>
            <filename>symbol.ttf</filename>
            <size>96</size>
            <style/>
        </font>
        <font>
            <name>symbolWeather</name>
            <filename>weather.ttf</filename>
            <size>60</size>
        </font>
        <!-- Required for system -->
        <font>
            <name>font13</name>
            <filename>roboto/regular.ttf</filename>
            <size>30</size>
        </font>
    </fontset>
</fonts>