<?xml version="1.0" encoding="UTF-8"?>
<includes>
    <!--Album browser-->
    <include name="album">

        <!--fanart-->
        <control type="group">
            <visible>container.content(albums)</visible>
            <control type="image">
                <include>dimensionsFullscreen</include>
                <aspectratio scalediffuse="false">stretch</aspectratio>
                <texture background="true" border="0">$INFO[Listitem.art(fanart)]</texture>
                <fadetime>1500</fadetime>
                <colordiffuse>22ffffff</colordiffuse>
            </control>
            <control type="image">
                <texture>vignette.png</texture>
                <colordiffuse>ffffffff</colordiffuse>
                <aspectratio>stretch</aspectratio>
            </control>
        </control>

        <control type="panel" id="55">
            <visible>container.content(albums) | container.content(addons)</visible>
            <posx>col-1-begin</posx>
            <posy>row-5-begin</posy>
            <width>24-col</width>
            <height>23-row</height>
            <onleft>9000</onleft>
            <onright>60</onright>
            <ondown>55</ondown>
            <onup>55</onup>
            <pagecontrol>60</pagecontrol>
            <itemlayout width="4-col" height="4-col">
                <control type="image">
                    <posx>0</posx>
                    <posy>0</posy>
                    <width>4-col-gutter</width>
                    <height>4-col-gutter</height>
                    <aspectratio>stretch</aspectratio>
                    <texture border="3">colors/black.png</texture>
                    <bordertexture colordiffuse="33FFFFFF">colors/white.png</bordertexture>
                    <bordersize>3</bordersize>
                    <colordiffuse>textboxInactive</colordiffuse>
                </control>
                <control type="label">
                    <visible>!controlgroup(9000).hasfocus</visible>
                    <posx>12</posx>
                    <posy>2-row</posy>
                    <width>240</width>
                    <height>2-row</height>
                    <align>center</align>
                    <aligny>center</aligny>
                    <font>regularStrong</font>
                    <textcolor>disabled</textcolor>
                    <label>$INFO[ListItem.Title]</label>
                </control>
                <control type="label">
                    <visible>!controlgroup(9000).hasfocus</visible>
                    <posx>12</posx>
                    <posy>3-row</posy>
                    <width>240</width>
                    <height>2-row</height>
                    <align>center</align>
                    <aligny>center</aligny>
                    <font>buttonTitle</font>
                    <textcolor>disabled</textcolor>
                    <label>$INFO[ListItem.artist]</label>
                </control>
                <control type="image">
                    <posx>0</posx>
                    <posy>0</posy>
                    <width>4-col-gutter</width>
                    <height>4-col-gutter</height>
                    <aspectratio>stretch</aspectratio>
                    <texture border="0">$INFO[Listitem.thumb]</texture>
                    <bordertexture border="3" colordiffuse="33FFFFFF">colors/white.png</bordertexture>
                    <bordersize>3</bordersize>
                    <colordiffuse>ffFFFFFF</colordiffuse>
                </control>
            </itemlayout>
            <focusedlayout width="4-col" height="4-col">
                <control type="group">
                    <animation type="focus" loop="false" reversible="false">
                        <effect type="rotatey" start="0" end="-15" center="132" tween="back" easing="out" time="300"/>
                        <effect type="rotatey" start="0" end="15" center="132" tween="back" easing="out" delay="300" time="300"/>
                        <effect type="zoom" start="95" end="110" center="auto" tween="back" easing="out" time="300"/>
                    </animation>
                    <control type="image">
                        <posx>0</posx>
                        <posy>0</posy>
                        <width>4-col-gutter</width>
                        <height>4-col-gutter</height>
                        <aspectratio>stretch</aspectratio>
                        <texture border="0">colors/offblack.png</texture>
                        <bordertexture border="3" colordiffuse="ffFFFFFF">colors/white.png</bordertexture>
                        <bordersize>3</bordersize>
                        <colordiffuse>ffFFFFFF</colordiffuse>
                    </control>
                    <control type="image">
                        <posx>3</posx>
                        <posy>3</posy>
                        <width>258</width>
                        <height>258</height>
                        <aspectratio>stretch</aspectratio>
                        <texture border="0">colors/black.png</texture>
                        <colordiffuse>ccFFFFFF</colordiffuse>
                    </control>
                    <control type="image">
                        <posx>0</posx>
                        <posy>0</posy>
                        <width>4-col-gutter</width>
                        <height>4-col-gutter</height>
                        <aspectratio>stretch</aspectratio>
                        <texture border="0">$INFO[Listitem.thumb]</texture>
                        <bordertexture border="3" colordiffuse="33FFFFFF">colors/white.png</bordertexture>
                        <bordersize>3</bordersize>
                        <colordiffuse>ff666666</colordiffuse>
                    </control>
                    <control type="label">
                        <posx>12</posx>
                        <posy>2-row</posy>
                        <width>240</width>
                        <height>2-row</height>
                        <align>center</align>
                        <aligny>center</aligny>
                        <font>regularStrong</font>
                        <textcolor>textActive</textcolor>
                        <label>$INFO[ListItem.title]</label>
                    </control>
                    <control type="label">
                        <posx>12</posx>
                        <posy>3-row</posy>
                        <width>240</width>
                        <height>2-row</height>
                        <align>center</align>
                        <aligny>center</aligny>
                        <font>buttonTitle</font>
                        <textcolor>textActive</textcolor>
                        <label>$INFO[ListItem.Artist]</label>
                    </control>
                    <control type="grouplist">
                        <posx>42</posx>
                        <posy>5-row</posy>
                        <width>4-col-gutter</width>
                        <orientation>horizontal</orientation>
                        <control type="label">
                            <width>24</width>
                            <height>2-row</height>
                            <aligny>center</aligny>
                            <font>symbol</font>
                            <textcolor>textActive</textcolor>
                            <label></label>
                        </control>
                        <control type="label">
                            <width>1-col</width>
                            <height>2-row</height>
                            <aligny>center</aligny>
                            <font>smallStrong</font>
                            <textcolor>textActive</textcolor>
                            <label>$LOCALIZE[31183]</label>
                        </control>
                        <control type="label">
                            <width>24</width>
                            <height>2-row</height>
                            <aligny>center</aligny>
                            <font>symbol</font>
                            <textcolor>textActive</textcolor>
                            <label></label>
                        </control>
                        <control type="label">
                            <width>1-col</width>
                            <height>2-row</height>
                            <aligny>center</aligny>
                            <font>smallStrong</font>
                            <textcolor>textActive</textcolor>
                            <label>$LOCALIZE[31184]</label>
                        </control>
                    </control>
                </control>
            </focusedlayout>
        </control>
    </include>
</includes>