<?xml version="1.0" encoding="UTF-8"?>
<window>
	<defaultcontrol always="true">9000</defaultcontrol>
	<allowoverlay>no</allowoverlay>
	<menucontrol>9000</menucontrol>
	<onload condition="!String.IsEmpty(Window(Home).Property(SkinHelper.ListItem.Art.ExtraFanArt))">Skin.SetString(SkinHelper_ExtraFanArtPath,$INFO[Window(Home).Property(SkinHelper.ListItem.Art.ExtraFanArt)])</onload>
	<onunload condition="Window.IsActive(home)">ClearProperty(ImageFiltercfa,Home)</onunload>
	<onunload>AlarmClock(exfa1,SetProperty(SkinHelper.ListItem.Art.ExtraFanArt,$INFO[Skin.String(SkinHelper_ExtraFanArtPath)],home),00:01,silent)</onunload>
	<onunload>AlarmClock(exfa2,Skin.Reset(SkinHelper_ExtraFanArtPath),00:01,true)</onunload>
	<onload>SetFocus(9000,0)</onload>
	<onload>AlarmClock(foc1,SetFocus(61),00:01,silent)</onload>
	<controls>
		<control type="multiimage" id="7975">
			<left>-2160</left>
			<imagepath background="true">$VAR[ThumbVarInfo]</imagepath>
		</control>
		<include condition="System.HasAddon(script.extendedinfo)">HiddenYTList</include>
		<control type="group">
			<visible>Window.IsActive(musicinformation) | Window.IsActive(songinformation)</visible>
			<control type="image">
				<fadetime>400</fadetime>
				<left>-580</left>
				<width>640</width>
				<height>960</height>
				<aspectratio align="left" aligny="top">scale</aspectratio>
				<texture background="true" colordiffuse="$VAR[LibColorHighlightVar]">$VAR[FocusImage]</texture>
				<fadetime>400</fadetime>
			</control>
			<control type="group">
				<control type="image">
					<left>1160</left>
					<width>760</width>
					<height>960</height>
					<aspectratio align="center" aligny="center">scale</aspectratio>
					<texture background="true" colordiffuse="$VAR[LibColorHighlightVar]">$VAR[FocusImage]</texture>
					<fadetime>400</fadetime>
				</control>
				<control type="image">
					<top>220</top>
					<left>1280</left>
					<width>520</width>
					<height>520</height>
					<aspectratio align="center" aligny="center">scale</aspectratio>
					<texture background="true">$VAR[ListIcon]</texture>
					<fadetime>400</fadetime>
				</control>
				<control type="image">
					<top>760</top>
					<left>1260</left>
					<width>560</width>
					<height>200</height>
					<aspectratio align="center" aligny="center">keep</aspectratio>
					<texture background="true">$INFO[Window(Home).Property(SkinHelper.ListItem.Art.ClearLogo)]</texture>
				</control>
			</control>
		</control>
		<control type="group">
			<include>Animation.Common</include>
			<left>60</left>
			<top>0</top>
			<width>1090</width>
			<height>960</height>
			<animation effect="fade" start="100" end="0" time="300" condition="Window.IsVisible(script-script.extendedinfo-DialogVideoInfo.xml) | Window.IsVisible(script-script.extendedinfo-DialogInfo.xml)">Conditional</animation>
			<include>FullscreenDimensions</include>
			<control type="image">
				<fadetime>400</fadetime>
				<aspectratio align="center">scale</aspectratio>
				<texture background="true">$INFO[ListItem.Art(fanart)]</texture>
			</control>
			<control type="image">
				<fadetime>400</fadetime>
				<aspectratio align="center">scale</aspectratio>
				<texture background="true">$VAR[ColorboxImage]</texture>
			</control>
			<control type="image">
				<fadetime>400</fadetime>
				<texture>background.png</texture>
				<colordiffuse>$VAR[ColorBackgroundVar]</colordiffuse>
			</control>
		</control>
		<control type="group">
			<animation effect="fade" start="100" end="0" time="400" tween="quadratic" easing="out" condition="Window.IsActive(filebrowser)">Conditional</animation>
			<top>-120</top>
			<include>Animation.Common</include>
			<left>120</left>
			<control type="group">
				<top>10</top>
				<width>1030</width>
				<height>904</height>
				<control type="panel">
					<top>118</top>
					<width>1030</width>
					<height>300</height>
					<orientation>horizontal</orientation>
					<pagecontrol>61</pagecontrol>
					<scrolltime tween="quadratic" easing="out">200</scrolltime>
					<itemlayout height="50" width="1150">
						<control type="label">
							<width>180</width>
							<height>50</height>
							<font>font15</font>
							<textcolor>$VAR[ColorHighlightVar]</textcolor>
							<label>$INFO[ListItem.Label2]</label>
						</control>
						<control type="label">
							<left>180</left>
							<width>970</width>
							<height>50</height>
							<font>font15</font>
							<label>$INFO[ListItem.Label]</label>
						</control>
					</itemlayout>
					<focusedlayout height="50" width="1150">
						<control type="label">
							<width>180</width>
							<height>50</height>
							<font>font15</font>
							<textcolor>$VAR[ColorHighlightVar]</textcolor>
							<label>$INFO[ListItem.Label2]</label>
						</control>
						<control type="label">
							<left>180</left>
							<width>970</width>
							<height>50</height>
							<font>font15</font>
							<label>$INFO[ListItem.Label]</label>
						</control>
					</focusedlayout>
					<content>
						<item>
							<label>$INFO[ListItem.Year]</label>
							<label2>$LOCALIZE[345]:</label2>
							
							<visible>!String.IsEmpty(ListItem.Year)</visible>
						</item>
						<item>
							<label>$INFO[ListItem.Duration]</label>
							<label2>$LOCALIZE[180]:</label2>
							
							<visible>!String.IsEmpty(ListItem.Duration)</visible>
						</item>
						<item>
							<label>$INFO[ListItem.Rating]</label>
							<label2>$LOCALIZE[563]:</label2>
							
							<visible>!String.IsEmpty(ListItem.Rating)</visible>
						</item>
						<item>
							<label>$INFO[ListItem.UserRating]</label>
							<label2>$LOCALIZE[38018]:</label2>
							
							<visible>!String.IsEmpty(ListItem.UserRating)</visible>
						</item>
						<item>
							<label>$INFO[ListItem.Property(Album_Label)]</label>
							<label2>$LOCALIZE[21899]:</label2>
							
							<visible>!String.IsEmpty(ListItem.Property(Album_Label))</visible>
						</item>
						<item>
							<label>$INFO[ListItem.Genre]</label>
							<label2>$LOCALIZE[515]:</label2>
							
							<visible>!String.IsEmpty(ListItem.Genre) + $EXP[isAlbum]</visible>
						</item>
						<item>
							<label>$INFO[ListItem.Property(Album_Mood)]</label>
							<label2>$LOCALIZE[175]:</label2>
							
							<visible>!String.IsEmpty(ListItem.Property(Album_Mood))</visible>
						</item>
						<item>
							<label>$INFO[ListItem.Property(Album_Style)]</label>
							<label2>$LOCALIZE[176]:</label2>
							
							<visible>!String.IsEmpty(ListItem.Property(Album_Style))</visible>
						</item>
						<item>
							<label>$INFO[ListItem.Property(Album_Theme)]</label>
							<label2>$LOCALIZE[21895]:</label2>
							
							<visible>!String.IsEmpty(ListItem.Property(Album_Theme))</visible>
						</item>
						<item>
							<label>$INFO[ListItem.Property(Album_Type)]</label>
							<label2>$LOCALIZE[564]:</label2>
							
							<visible>!String.IsEmpty(ListItem.Property(Album_Type))</visible>
						</item>
						<item>
							<label>$INFO[ListItem.Property(Artist_Formed)]</label>
							<label2>$LOCALIZE[21894]:</label2>
							
							<visible>!String.IsEmpty(ListItem.Property(Artist_Formed))</visible>
						</item>
						<item>
							<label>$INFO[ListItem.Property(Artist_Disbanded)]</label>
							<label2>$LOCALIZE[21896]:</label2>
							
							<visible>!String.IsEmpty(ListItem.Property(Artist_Disbanded))</visible>
						</item>
						<item>
							<label>$INFO[ListItem.Property(Artist_Born)]</label>
							<label2>$LOCALIZE[21893]:</label2>
							
							<visible>!String.IsEmpty(ListItem.Property(Artist_Born))</visible>
						</item>
						<item>
							<label>$INFO[ListItem.Property(Artist_Died)]</label>
							<label2>$LOCALIZE[21897]:</label2>
							
							<visible>!String.IsEmpty(ListItem.Property(Artist_Died))</visible>
						</item>
						<item>
							<label>$INFO[ListItem.Property(Artist_YearsActive)]</label>
							<label2>$LOCALIZE[31992]:</label2>
							
							<visible>!String.IsEmpty(ListItem.Property(Artist_YearsActive))</visible>
						</item>
						<item>
							<label>$INFO[ListItem.Property(Artist_Mood)]</label>
							<label2>$LOCALIZE[175]:</label2>
							
							<visible>!String.IsEmpty(ListItem.Property(Artist_Mood))</visible>
						</item>
						<item>
							<label>$INFO[ListItem.Property(Artist_Style)]</label>
							<label2>$LOCALIZE[176]:</label2>
							
							<visible>!String.IsEmpty(ListItem.Property(Artist_Style))</visible>
						</item>
						<item>
							<label>$INFO[ListItem.Property(Artist_Instrument)]</label>
							<label2>$LOCALIZE[21892]:</label2>
							
							<visible>!String.IsEmpty(ListItem.Property(Artist_Instrument))</visible>
						</item>
						<item>
							<label>$INFO[ListItem.Filename]</label>
							<label2>$LOCALIZE[21800]:</label2>
							
							<visible>!String.IsEmpty(ListItem.Filename)</visible>
						</item>
						<item>
							<label>$INFO[ListItem.PercentPlayed,,%]</label>
							<label2 fallback="-">$LOCALIZE[31997]:</label2>
							
							<visible>ListItem.IsResumable</visible>
						</item>
						<item>
							<label>$INFO[ListItem.LastPlayed]</label>
							<label2 fallback="-">$LOCALIZE[31995]:</label2>
							
							<visible>!String.IsEmpty(ListItem.LastPlayed)</visible>
						</item>
						<item>
							<label>$INFO[ListItem.PlayCount]</label>
							<label2>$LOCALIZE[31996]:</label2>
							
							<visible>!String.IsEmpty(ListItem.PlayCount)</visible>
						</item>
					</content>
				</control>
				<control type="scrollbar" id="61">
					<left>0</left>
					<top>430</top>
					<width>1030</width>
					<height>10</height>
					<onup>Action(back)</onup>
					<ondown>9000</ondown>
					<onleft condition="Control.IsVisible(60)">60</onleft>
					<onleft condition="!Control.IsVisible(60)">9000</onleft>
					<onright>9000</onright>
					<orientation>horizontal</orientation>
					<showonepage>true</showonepage>
				</control>
				<control type="textbox" id="209">
					<description>Plot</description>
					<animation effect="fade" time="300" start="0" end="100" delay="100">Visible</animation>
					<left>20</left>
					<top>440</top>
					<width>1000</width>
					<height>515</height>
					<font>font14</font>
					<label>$VAR[MusicInfoDescription]</label>
					<pagecontrol>60</pagecontrol>
					<autoscroll time="2000" delay="2000" repeat="4000">Skin.HasSetting(Enable.AutoScroll)</autoscroll>
				</control>
				<control type="scrollbar" id="60">
					<left>0</left>
					<top>440</top>
					<width>10</width>
					<bottom>-166</bottom>
					<onup>61</onup>
					<onleft>9000</onleft>
					<onright>61</onright>
					<ondown>9000</ondown>
					<orientation>vertical</orientation>
				</control>
				<!--
				<control type="group">
					<animation effect="fade" time="300" start="0" end="100" delay="100">Visible</animation>
					<include content="MusicFlags">
						<param name="left" value="0" />
						<param name="top" value="885" />
						<param name="width" value="1000" />
						<param name="align" value="center" />
						<param name="orientation" value="horizontal" />
					</include>
				</control>
				-->
				<control type="group">
					<left>210</left>
					<animation effect="fade" time="300" start="0" end="100" delay="100">Visible</animation>
					<top>980</top>
					<control type="group">
						<visible>!String.IsEmpty(Window(Home).Property(SkinHelper.ListItem.AlbumCount))</visible>
						<visible>!Container.Content(songs)</visible>
						<animation effect="slide" time="0" start="0" end="100" condition="String.IsEmpty(Window(Home).Property(SkinHelper.ListItem.SongCount))">Conditional</animation>
						<animation effect="slide" time="0" start="0" end="100" condition="String.IsEmpty(Window(Home).Property(SkinHelper.ListItem.Duration))">Conditional</animation>
						<width>200</width>
						<control type="label">
							<top>4</top>
							<width>200</width>
							<height>60</height>
							<align>center</align>
							<label>$INFO[Window(Home).Property(SkinHelper.ListItem.AlbumCount)]</label>
							<font>font16</font>
							<wrapmultiline>true</wrapmultiline>
						</control>
						<control type="label">
							<top>52</top>
							<width>200</width>
							<height>30</height>
							<align>center</align>
							<label>[LOWERCASE]$LOCALIZE[36919][/LOWERCASE]</label>
							<font>font12</font>
						</control>
					</control>
					<control type="group">
						<visible>!String.IsEmpty(Window(Home).Property(SkinHelper.ListItem.SongCount))</visible>
						<visible>!Container.Content(songs)</visible>
						<animation effect="slide" time="0" start="0" end="-200" condition="String.IsEmpty(Window(Home).Property(SkinHelper.ListItem.AlbumCount))">Conditional</animation>
						<left>200</left>
						<width>200</width>
						<control type="label">
							<top>4</top>
							<width>200</width>
							<height>60</height>
							<align>center</align>
							<label>$INFO[Window(Home).Property(SkinHelper.ListItem.SongCount)]</label>
							<font>font16</font>
							<wrapmultiline>true</wrapmultiline>
						</control>
						<control type="label">
							<top>52</top>
							<width>200</width>
							<height>30</height>
							<align>center</align>
							<label>[LOWERCASE]$LOCALIZE[182][/LOWERCASE]</label>
							<font>font12</font>
						</control>
					</control>
					<control type="group">
						<visible>!String.IsEmpty(Window(Home).Property(SkinHelper.ListItem.Duration))</visible>
						<animation effect="slide" time="0" start="0" end="-200" condition="String.IsEmpty(Window(Home).Property(SkinHelper.ListItem.AlbumCount)) + !Container.Content(songs)">Conditional</animation>
						<animation effect="slide" time="0" start="0" end="-200" condition="Container.Content(songs)">Conditional</animation>
						<left>400</left>
						<width>200</width>
						<control type="label">
							<top>4</top>
							<width>200</width>
							<height>60</height>
							<align>center</align>
							<label>$INFO[Window(Home).Property(SkinHelper.ListItem.Duration)]</label>
							<font>font16</font>
							<wrapmultiline>true</wrapmultiline>
						</control>
						<control type="label">
							<top>52</top>
							<width>200</width>
							<height>30</height>
							<align>center</align>
							<label>[LOWERCASE]$LOCALIZE[180][/LOWERCASE]</label>
							<font>font12</font>
						</control>
					</control>
				</control>
			</control>
			<control type="group">
				<left>20</left>
				<top>510</top>
				<control type="wraplist" id="9000">
					<width>1000</width>
					<height>60</height>
					<itemgap>10</itemgap>
					<onup condition="!String.IsEmpty(Container(9000).ListItem.Property(widgetName))">9003</onup>
					<onup condition="String.IsEmpty(Container(9000).ListItem.Property(widgetName))">61</onup>
					<onleft>9000</onleft>
					<onright>9000</onright>
					
					<ondown>9010</ondown>
					<orientation>horizontal</orientation>
					<itemlayout height="525" width="260" />
					<focusedlayout height="525" width="375" />
					<content>
						<item>
							<property name="MovieInfoIconThumbImage">$INFO[ListItem.Path]</property>
							<thumb>$VAR[MovieInfoIconThumbImage]</thumb>
							<onclick>SendClick(8)</onclick>
						</item>
						<item>
							<property name="widgetName">$LOCALIZE[206]</property>
							<label2>cast</label2>
							<thumb>$INFO[Skin.String(MenuDefaultIconsPath)]actor.png</thumb>
							<onclick>SendClick(555)</onclick>
							<visible>Integer.IsGreater(Container(90019).NumItems,0) | Integer.IsGreater(Container(50).NumItems,0)</visible>
						</item>
						<item>
							<property name="widgetName">Set</property>
							<label2>sets</label2>
							<thumb>$INFO[Skin.String(MenuDefaultIconsPath)]set.png</thumb>
							<onclick>SendClick(206)</onclick>
							<visible>$EXP[isMovie] + !String.IsEmpty(ListItem.SetID)</visible>
							<visible>Integer.IsGreater(Container(88821).NumItems,0)</visible>
						</item>
						<item>
							<property name="widgetName">$LOCALIZE[31185]</property>
							<label2>similar</label2>
							<thumb>$INFO[Skin.String(MenuDefaultIconsPath)]DefaultPlaylist.png</thumb>
							<onclick>SendClick(203)</onclick>
							<visible>!$EXP[isEpisode]</visible>
							<visible>Integer.IsGreater(Container(88820).NumItems,0)</visible>
						</item>
						<item>
							<property name="widgetName">$LOCALIZE[31070]</property>
							<label2>youtube</label2>
							<thumb>$INFO[Skin.String(MenuDefaultIconsPath)]youtube.png</thumb>
							<onclick>SendClick(204)</onclick>
							<visible>Integer.IsGreater(Container(88822).NumItems,0)</visible>
						</item>
						<item>
							<thumb>$INFO[Skin.String(MenuDefaultIconsPath)]home.png</thumb>
							<property name="labelID">$LOCALIZE[10000]</property>
							<property name="defaultID">$LOCALIZE[10000]</property>
							<onclick>Action(back)</onclick>
							<onclick>ActivateWindow(Home)</onclick>
						</item>
						<item>
							<thumb>$INFO[Skin.String(MenuDefaultIconsPath)]DefaultFolderBack.png</thumb>
							<property name="labelID">$LOCALIZE[210]</property>
							<property name="defaultID">$LOCALIZE[210]</property>
							<onclick>Action(back)</onclick>
							<onclick>Action(back)</onclick>
						</item>
					</content>
				</control>
			</control>
		</control>
		<control type="group">
			<include>Animation.Common</include>
			<include>Scrollbar_Vertical</include>
		</control>
		<control type="group" id="97631">
			<visible>Window.IsActive(musicinformation) | Window.IsActive(songinformation)</visible>
			<animation effect="slide" tween="cubic" time="600" start="0,700" end="0,0" reversible="false">WindowOpen</animation>
			<animation effect="slide" tween="cubic" time="300" start="0,0" end="0,700" reversible="false">WindowClose</animation>
			<animation effect="slide" tween="cubic" time="600" start="0,700" end="0,0" reversible="false">Visible</animation>
			<animation effect="slide" tween="cubic" time="300" start="0,0" end="0,700" reversible="false">Hidden</animation>



			<animation effect="slide" time="300" delay="0" start="0" end="0,483" tween="cubic" reversible="true" condition="!Window.IsVisible(DialogConfirm.xml) + !Window.IsVisible(DialogTextViewer.xml) + !Window.IsVisible(DialogButtonMenu.xml) + !Window.IsVisible(DialogKeyboard.xml) + !Window.IsVisible(DialogNumeric.xml) + !Window.IsVisible(1130) + !Window.IsVisible(DialogSelect.xml) + !Window.IsVisible(FileBrowser.xml) + [Integer.IsLess(System.CurrentControlID, 6000) | Integer.IsGreaterOrEqual(System.CurrentControlID, 9050)] + [!String.StartsWith(System.CurrentControlID, 8011) + !String.StartsWith(System.CurrentControlID, 909)] + [[String.IsEqual(Container(9000).ListItem.Property(widget),weather) + Weather.IsFetched] | [!Control.IsVisible(12345) + !String.IsEqual(Container(9000).ListItem.Property(widget),weather) + !String.IsEmpty(Container(9000).ListItem.Property(widgetName))]]">Conditional</animation>
			<animation effect="slide" time="300" delay="0" start="0" end="0,163" tween="cubic" reversible="true" condition="!Window.IsVisible(DialogConfirm.xml) + !Window.IsVisible(DialogTextViewer.xml) + !Window.IsVisible(DialogButtonMenu.xml) + !Window.IsVisible(DialogKeyboard.xml) + !Window.IsVisible(DialogNumeric.xml) + !Control.HasFocus(9010) + [Integer.IsLess(System.CurrentControlID, 6000) | Integer.IsGreaterOrEqual(System.CurrentControlID, 9050)] + [!String.StartsWith(System.CurrentControlID, 8011) + !String.StartsWith(System.CurrentControlID, 909)] + [String.IsEmpty(Container(9000).ListItem.Property(widgetName))]">Conditional</animation>


			<control type="group">
				<include>HomeDefault</include>
			</control>
			<control type="group">
				<left>-140</left>
				<top>195</top>
				<include>MenuHome3D</include>
			</control>
        </control>
	</controls>
</window>
