<?xml version="1.0" encoding="UTF-8"?>
<fonts>
	<fontset id="Pro" idloc="31417">
		<!-- Normal Fonts -->
		<font>
			<name>font10</name>
			<filename>MavenPro-Medium.ttf</filename>
			<size>21</size>
		</font>
		<font>
			<name>font12</name>
			<filename>MavenPro-Medium.ttf</filename>
			<size>26</size>
		</font>
		<font>
			<name>font13</name>
			<filename>MavenPro-Medium.ttf</filename>
			<size>30</size>
		</font>
		<font>
			<name>font13_toggle</name>
			<filename>MavenPro-Medium.ttf</filename>
			<size>60</size>
		</font>
		<font>
			<name>font13_textbox2</name>
			<filename>MavenPro-Medium.ttf</filename>
			<size>30</size>
			<linespacing>1.0</linespacing>
		</font>
		<font>
			<name>font14_textbox</name>
			<filename>MavenPro-Medium.ttf</filename>
			<size>33</size>
			<linespacing>1.27</linespacing>
		</font>
		<font>
			<!--2 lines, BigList-->
			<name>font14_textbox2</name>
			<filename>MavenPro-Medium.ttf</filename>
			<size>33</size>
			<linespacing>1.2</linespacing>
		</font>
		<font>
			<!--3 lines, Showcase, EPG-->
			<name>font14_textbox3</name>
			<filename>MavenPro-Medium.ttf</filename>
			<size>33</size>
			<linespacing>1.2</linespacing>
		</font>
		<font>
			<!--4 lines, Music List, EPG Info-->
			<name>font14_textbox4</name>
			<filename>MavenPro-Medium.ttf</filename>
			<size>33</size>
			<linespacing>1.27</linespacing>
		</font>
		<font>
			<!--5 lines, Addon/Program List-->
			<name>font14_textbox5</name>
			<filename>MavenPro-Medium.ttf</filename>
			<size>33</size>
			<linespacing>1.27</linespacing>
		</font>
		<font>
			<!--Actor Info-->
			<name>font_Actor</name>
			<filename>MavenPro-Medium.ttf</filename>
			<size>26</size>
			<linespacing>0.92</linespacing>
		</font>
		<font>
			<name>font15_textbox</name>
			<filename>MavenPro-Medium.ttf</filename>
			<linespacing>1.18</linespacing>
			<size>36</size>
		</font>
		<font>
			<!--3 lines, Fanart-->
			<name>font15_textbox3</name>
			<filename>MavenPro-Medium.ttf</filename>
			<size>35</size>
			<linespacing>1.37</linespacing>
		</font>
		<font>
			<!--4 lines, Channel PVR-->
			<name>font15_textbox4</name>
			<filename>MavenPro-Medium.ttf</filename>
			<size>35</size>
			<linespacing>1.4</linespacing>
		</font>
		<font>
			<!--6 lines, Weather 36 Hour-->
			<name>font15_textbox6</name>
			<filename>MavenPro-Medium.ttf</filename>
			<size>35</size>
			<linespacing>1.2</linespacing>
		</font>
		<font>
			<name>font14</name>
			<filename>MavenPro-Medium.ttf</filename>
			<size>33</size>
		</font>
		<font>
			<name>font1450</name>
			<filename>MavenPro-Medium.ttf</filename>
			<size>33</size>
			<linespacing>1.2</linespacing>
		</font>
		<font>
			<name>font15</name>
			<filename>MavenPro-Medium.ttf</filename>
			<style>capitalize</style>
			<size>35</size>
		</font>
		<font>
			<name>font15_keyboard</name>
			<filename>MavenPro-Medium.ttf</filename>
			<size>35</size>
		</font>
		<font>
			<name>font16</name>
			<filename>MavenPro-Medium.ttf</filename>
			<size>38</size>
		</font>
		<font>
			<name>font30</name>
			<filename>MavenPro-Bold.ttf</filename>
			<size>45</size>
		</font>
		<font>
			<name>font30_textbox</name>
			<filename>MavenPro-Bold.ttf</filename>
			<size>46</size>
		</font>
		<!-- Title Fonts -->
		<font>
			<name>font12_title</name>
			<filename>MavenPro-Bold.ttf</filename>
			<style>uppercase</style>
			<size>26</size>
		</font>
		<font>
			<name>font13_title</name>
			<filename>MavenPro-Bold.ttf</filename>
			<style>uppercase</style>
			<size>33</size>
		</font>
		<font>
			<name>topbar</name>
			<filename>MavenPro-Bold.ttf</filename>
			<style>uppercase</style>
			<size>32</size>
		</font>
		<font>
			<name>topbar_toggle</name>
			<filename>MavenPro-Bold.ttf</filename>
			<style>uppercase</style>
			<size>64</size>
		</font>
		<font>
			<name>font15_title</name>
			<filename>MavenPro-Bold.ttf</filename>
			<style>uppercase</style>
			<size>35</size>
		</font>
		<font>
			<name>font16_title</name>
			<filename>MavenPro-Bold.ttf</filename>
			<style>uppercase</style>
			<size>38</size>
		</font>
		<font>
			<name>font28_title</name>
			<filename>MavenPro-Bold.ttf</filename>
			<style>uppercase</style>
			<size>42</size>
		</font>
		<font>
			<name>font30_title</name>
			<filename>MavenPro-Bold.ttf</filename>
			<style>uppercase</style>
			<size>45</size>
		</font>
		<font>
			<name>font35_title</name>
			<filename>MavenPro-Bold.ttf</filename>
			<style>uppercase</style>
			<size>52</size>
		</font>
		<font>
			<name>font_MainMenu</name>
			<filename>MavenPro-Regular.ttf</filename>
			<style>uppercase</style>
			<size>55</size>
		</font>
		<font>
			<name>font_SubMenu</name>
			<filename>MavenPro-Regular.ttf</filename>
			<size>40</size>
		</font>
		<font>
			<name>BigAssFont</name>
			<filename>MavenPro-Bold.ttf</filename>
			<size>50</size>
		</font>
		<font>
			<name>WeatherTemp</name>
			<filename>MavenPro-Bold.ttf</filename>
			<size>120</size>
		</font>
		<!-- Icons -->
		<font>
			<name>IconCC</name>
			<filename>webhostinghub-glyphs.ttf</filename>
			<size>12</size>
		</font>
		<font>
			<name>IconTiny</name>
			<filename>webhostinghub-glyphs.ttf</filename>
			<size>20</size>
		</font>
		<font>
			<name>IconPlayer</name>
			<filename>webhostinghub-glyphs.ttf</filename>
			<size>24</size>
		</font>
		<font>
			<name>IconSmall</name>
			<filename>webhostinghub-glyphs.ttf</filename>
			<size>30</size>
		</font>
		<font>
			<name>IconMedium</name>
			<filename>webhostinghub-glyphs.ttf</filename>
			<size>36</size>
		</font>
		<font>
			<name>IconMedium_toggle</name>
			<filename>webhostinghub-glyphs.ttf</filename>
			<size>72</size>
		</font>
		<font>
			<name>IconButton</name>
			<filename>webhostinghub-glyphs.ttf</filename>
			<size>58</size>
		</font>
		<font>
			<name>IconLarge</name>
			<filename>webhostinghub-glyphs.ttf</filename>
			<size>72</size>
		</font>
		<font>
			<name>IconBig</name>
			<filename>webhostinghub-glyphs.ttf</filename>
			<size>114</size>
		</font>
	</fontset>
	<fontset id="Default" idloc="31949">
		<!-- Normal Fonts -->
		<font>
			<name>font10</name>
			<filename>Roboto-Regular.ttf</filename>
			<size>21</size>
		</font>
		<font>
			<name>font12</name>
			<filename>Roboto-Regular.ttf</filename>
			<size>26</size>
		</font>
		<font>
			<name>font13</name>
			<filename>Roboto-Regular.ttf</filename>
			<size>30</size>
		</font>
		<font>
			<name>font13_toggle</name>
			<filename>Roboto-Regular.ttf</filename>
			<size>60</size>
		</font>
		<font>
			<name>font13_textbox2</name>
			<filename>Roboto-Regular.ttf</filename>
			<size>30</size>
			<linespacing>1.0</linespacing>
		</font>
		<font>
			<name>font14_textbox</name>
			<filename>Roboto-Regular.ttf</filename>
			<size>33</size>
			<linespacing>1.27</linespacing>
		</font>
		<font>
			<!--2 lines, BigList-->
			<name>font14_textbox2</name>
			<filename>Roboto-Regular.ttf</filename>
			<size>33</size>
			<linespacing>1.2</linespacing>
		</font>
		<font>
			<!--3 lines, Showcase, EPG-->
			<name>font14_textbox3</name>
			<filename>Roboto-Regular.ttf</filename>
			<size>33</size>
			<linespacing>1.2</linespacing>
		</font>
		<font>
			<!--4 lines, Music List, EPG Info-->
			<name>font14_textbox4</name>
			<filename>Roboto-Regular.ttf</filename>
			<size>33</size>
			<linespacing>1.27</linespacing>
		</font>
		<font>
			<!--5 lines, Addon/Program List-->
			<name>font14_textbox5</name>
			<filename>Roboto-Regular.ttf</filename>
			<size>33</size>
			<linespacing>1.27</linespacing>
		</font>
		<font>
			<!--Actor Info-->
			<name>font_Actor</name>
			<filename>Roboto-Regular.ttf</filename>
			<size>26</size>
			<linespacing>0.92</linespacing>
		</font>
		<font>
			<name>font15_textbox</name>
			<filename>Roboto-Regular.ttf</filename>
			<linespacing>1.18</linespacing>
			<size>36</size>
		</font>
		<font>
			<!--3 lines, Fanart-->
			<name>font15_textbox3</name>
			<filename>Roboto-Regular.ttf</filename>
			<size>35</size>
			<linespacing>1.37</linespacing>
		</font>
		<font>
			<!--4 lines, Channel PVR-->
			<name>font15_textbox4</name>
			<filename>Roboto-Regular.ttf</filename>
			<size>35</size>
			<linespacing>1.4</linespacing>
		</font>
		<font>
			<!--6 lines, Weather 36 Hour-->
			<name>font15_textbox6</name>
			<filename>Roboto-Regular.ttf</filename>
			<size>35</size>
			<linespacing>1.2</linespacing>
		</font>
		<font>
			<name>font14</name>
			<filename>Roboto-Regular.ttf</filename>
			<size>33</size>
			<linespacing>1.01</linespacing>
		</font>
		<font>
			<name>font1450</name>
			<filename>Roboto-Regular.ttf</filename>
			<size>33</size>
			<linespacing>1.2</linespacing>
		</font>
		<font>
			<name>font15</name>
			<filename>Roboto-Regular.ttf</filename>
			<style>capitalize</style>
			<size>35</size>
		</font>
		<font>
			<name>font15_keyboard</name>
			<filename>Roboto-Regular.ttf</filename>
			<size>35</size>
		</font>
		<font>
			<name>font16</name>
			<filename>Roboto-Regular.ttf</filename>
			<size>38</size>
		</font>
		<font>
			<name>font30</name>
			<filename>Roboto-Medium.ttf</filename>
			<size>45</size>
		</font>
		<font>
			<name>font30_textbox</name>
			<filename>Roboto-Medium.ttf</filename>
			<size>46</size>
		</font>
		<!-- Title Fonts -->
		<font>
			<name>font12_title</name>
			<filename>Roboto-Medium.ttf</filename>
			<style>uppercase</style>
			<size>26</size>
		</font>
		<font>
			<name>font13_title</name>
			<filename>Roboto-Medium.ttf</filename>
			<style>uppercase</style>
			<size>33</size>
		</font>
		<font>
			<name>topbar</name>
			<filename>Roboto-Medium.ttf</filename>
			<style>uppercase</style>
			<size>32</size>
		</font>
		<font>
			<name>topbar_toggle</name>
			<filename>Roboto-Medium.ttf</filename>
			<style>uppercase</style>
			<size>64</size>
		</font>
		<font>
			<name>font15_title</name>
			<filename>Roboto-Medium.ttf</filename>
			<style>uppercase</style>
			<size>35</size>
		</font>
		<font>
			<name>font16_title</name>
			<filename>Roboto-Medium.ttf</filename>
			<style>uppercase</style>
			<size>38</size>
		</font>
		<font>
			<name>font28_title</name>
			<filename>Roboto-Medium.ttf</filename>
			<style>uppercase</style>
			<size>42</size>
		</font>
		<font>
			<name>font30_title</name>
			<filename>Roboto-Medium.ttf</filename>
			<style>uppercase</style>
			<size>45</size>
		</font>
		<font>
			<name>font35_title</name>
			<filename>Roboto-Medium.ttf</filename>
			<style>uppercase</style>
			<size>52</size>
		</font>
		<font>
			<name>font_MainMenu</name>
			<filename>Roboto-Light.ttf</filename>
			<style>uppercase</style>
			<size>55</size>
		</font>
		<font>
			<name>font_SubMenu</name>
			<filename>Roboto-Regular.ttf</filename>
			<linespacing>1.01</linespacing>
			<size>40</size>
		</font>
		<font>
			<name>BigAssFont</name>
			<filename>Roboto-Light.ttf</filename>
			<size>50</size>
		</font>
		<font>
			<name>WeatherTemp</name>
			<filename>Roboto-Medium.ttf</filename>
			<size>120</size>
		</font>
		<!-- Icons -->
		<font>
			<name>IconCC</name>
			<filename>webhostinghub-glyphs.ttf</filename>
			<size>12</size>
		</font>
		<font>
			<name>IconTiny</name>
			<filename>webhostinghub-glyphs.ttf</filename>
			<size>20</size>
		</font>
		<font>
			<name>IconPlayer</name>
			<filename>webhostinghub-glyphs.ttf</filename>
			<size>24</size>
		</font>
		<font>
			<name>IconSmall</name>
			<filename>webhostinghub-glyphs.ttf</filename>
			<size>30</size>
		</font>
		<font>
			<name>IconMedium</name>
			<filename>webhostinghub-glyphs.ttf</filename>
			<size>36</size>
		</font>
		<font>
			<name>IconMedium_toggle</name>
			<filename>webhostinghub-glyphs.ttf</filename>
			<size>72</size>
		</font>
		<font>
			<name>IconButton</name>
			<filename>webhostinghub-glyphs.ttf</filename>
			<size>58</size>
		</font>
		<font>
			<name>IconLarge</name>
			<filename>webhostinghub-glyphs.ttf</filename>
			<size>72</size>
		</font>
		<font>
			<name>IconBig</name>
			<filename>webhostinghub-glyphs.ttf</filename>
			<size>114</size>
		</font>
	</fontset>
	<fontset id="Monster" idloc="31950">
		<!-- Normal Fonts -->
		<font>
			<name>font10</name>
			<filename>Montserrat-Medium.ttf</filename>
			<size>21</size>
		</font>
		<font>
			<name>font12</name>
			<filename>Montserrat-Medium.ttf</filename>
			<size>26</size>
		</font>
		<font>
			<name>font13</name>
			<filename>Montserrat-Regular.ttf</filename>
			<size>30</size>
		</font>
		<font>
			<name>font13_toggle</name>
			<filename>Montserrat-Medium.ttf</filename>
			<size>60</size>
		</font>
		<font>
			<name>font13_textbox2</name>
			<filename>Montserrat-Medium.ttf</filename>
			<size>30</size>
			<linespacing>1.0</linespacing>
		</font>
		<font>
			<name>font14_textbox</name>
			<filename>Montserrat-Medium.ttf</filename>
			<size>33</size>
			<linespacing>1.27</linespacing>
		</font>
		<font>
			<!--2 lines, BigList-->
			<name>font14_textbox2</name>
			<filename>Montserrat-Medium.ttf</filename>
			<size>33</size>
			<linespacing>1.2</linespacing>
		</font>
		<font>
			<!--3 lines, Showcase, EPG-->
			<name>font14_textbox3</name>
			<filename>Montserrat-Medium.ttf</filename>
			<size>33</size>
			<linespacing>1.2</linespacing>
		</font>
		<font>
			<!--4 lines, Music List, EPG Info-->
			<name>font14_textbox4</name>
			<filename>Montserrat-Medium.ttf</filename>
			<size>33</size>
			<linespacing>1.27</linespacing>
		</font>
		<font>
			<!--5 lines, Addon/Program List-->
			<name>font14_textbox5</name>
			<filename>Montserrat-Medium.ttf</filename>
			<size>33</size>
			<linespacing>1.27</linespacing>
		</font>
		<font>
			<!--Actor Info-->
			<name>font_Actor</name>
			<filename>Montserrat-Medium.ttf</filename>
			<size>26</size>
			<linespacing>0.92</linespacing>
		</font>
		<font>
			<name>font15_textbox</name>
			<filename>Montserrat-Medium.ttf</filename>
			<linespacing>1.18</linespacing>
			<size>36</size>
		</font>
		<font>
			<!--3 lines, Fanart-->
			<name>font15_textbox3</name>
			<filename>Montserrat-Medium.ttf</filename>
			<size>35</size>
			<linespacing>1.37</linespacing>
		</font>
		<font>
			<!--4 lines, Channel PVR-->
			<name>font15_textbox4</name>
			<filename>Montserrat-Medium.ttf</filename>
			<size>35</size>
			<linespacing>1.4</linespacing>
		</font>
		<font>
			<!--6 lines, Weather 36 Hour-->
			<name>font15_textbox6</name>
			<filename>Montserrat-Medium.ttf</filename>
			<size>35</size>
			<linespacing>1.2</linespacing>
		</font>
		<font>
			<name>font14</name>
			<filename>Montserrat-Medium.ttf</filename>
			<size>33</size>
			<linespacing>1.01</linespacing>
		</font>
		<font>
			<name>font1450</name>
			<filename>Montserrat-Regular.ttf</filename>
			<size>33</size>
			<linespacing>0.99</linespacing>
		</font>
		<font>
			<name>font15</name>
			<filename>Montserrat-Regular.ttf</filename>
			<style>capitalize</style>
			<size>35</size>
		</font>
		<font>
			<name>font15_keyboard</name>
			<filename>Montserrat-Medium.ttf</filename>
			<size>35</size>
		</font>
		<font>
			<name>font16</name>
			<filename>Montserrat-Medium.ttf</filename>
			<size>38</size>
		</font>
		<font>
			<name>font30</name>
			<filename>Montserrat-Light.ttf</filename>
			<size>45</size>
		</font>
		<font>
			<name>font30_textbox</name>
			<filename>Montserrat-Light.ttf</filename>
			<size>46</size>
		</font>
		<!-- Title Fonts -->
		<font>
			<name>font12_title</name>
			<filename>Montserrat-Light.ttf</filename>
			<style>uppercase</style>
			<size>26</size>
		</font>
		<font>
			<name>font13_title</name>
			<filename>Montserrat-Light.ttf</filename>
			<style>uppercase</style>
			<size>33</size>
		</font>
		<font>
			<name>topbar</name>
			<filename>Montserrat-Light.ttf</filename>
			<style>uppercase</style>
			<size>32</size>
		</font>
		<font>
			<name>topbar_toggle</name>
			<filename>Montserrat-Light.ttf</filename>
			<style>uppercase</style>
			<size>64</size>
		</font>
		<font>
			<name>font15_title</name>
			<filename>Montserrat-Light.ttf</filename>
			<style>uppercase</style>
			<size>35</size>
		</font>
		<font>
			<name>font_v50_thin</name>
			<filename>Montserrat-Light.ttf</filename>
			<size>32</size>
		</font>
		<font>
			<name>font16_title</name>
			<filename>Montserrat-Light.ttf</filename>
			<style>uppercase</style>
			<size>38</size>
		</font>
		<font>
			<name>font28_title</name>
			<filename>Montserrat-Light.ttf</filename>
			<style>uppercase</style>
			<size>42</size>
		</font>
		<font>
			<name>font30_title</name>
			<filename>Montserrat-Light.ttf</filename>
			<style>uppercase</style>
			<size>45</size>
		</font>
		<font>
			<name>font35_title</name>
			<filename>Montserrat-Light.ttf</filename>
			<style>uppercase</style>
			<size>52</size>
		</font>
		<font>
			<name>font_MainMenu</name>
			<filename>Montserrat-Regular.ttf</filename>
			<style>uppercase</style>
			<size>55</size>
		</font>
		<font>
			<name>font_SubMenu</name>
			<filename>Montserrat-Medium.ttf</filename>
			<linespacing>1.01</linespacing>
			<size>40</size>
		</font>
		<font>
			<name>BigAssFont</name>
			<filename>Montserrat-Regular.ttf</filename>
			<size>50</size>
		</font>
		<font>
			<name>WeatherTemp</name>
			<filename>Montserrat-Light.ttf</filename>
			<size>120</size>
		</font>
		<!-- Icons -->
		<font>
			<name>IconCC</name>
			<filename>webhostinghub-glyphs.ttf</filename>
			<size>12</size>
		</font>
		<font>
			<name>IconTiny</name>
			<filename>webhostinghub-glyphs.ttf</filename>
			<size>20</size>
		</font>
		<font>
			<name>IconPlayer</name>
			<filename>webhostinghub-glyphs.ttf</filename>
			<size>24</size>
		</font>
		<font>
			<name>IconSmall</name>
			<filename>webhostinghub-glyphs.ttf</filename>
			<size>30</size>
		</font>
		<font>
			<name>IconMedium</name>
			<filename>webhostinghub-glyphs.ttf</filename>
			<size>36</size>
		</font>
		<font>
			<name>IconMedium_toggle</name>
			<filename>webhostinghub-glyphs.ttf</filename>
			<size>72</size>
		</font>
		<font>
			<name>IconButton</name>
			<filename>webhostinghub-glyphs.ttf</filename>
			<size>58</size>
		</font>
		<font>
			<name>IconLarge</name>
			<filename>webhostinghub-glyphs.ttf</filename>
			<size>72</size>
		</font>
		<font>
			<name>IconBig</name>
			<filename>webhostinghub-glyphs.ttf</filename>
			<size>114</size>
		</font>
	</fontset>
</fonts>