<?xml version="1.0" encoding="UTF-8"?>
<window>
	<defaultcontrol always="true">50</defaultcontrol>
	<allowoverlay>true</allowoverlay>
	<views>50</views>
	<menucontrol>9000</menucontrol>
	<onload>SetProperty(Colorbox_shuffle,2,home)</onload>
	<onload condition="System.HasAddon(script.colorbox)">RunScript(script.colorbox,info=shuffle,id=$NUMBER[10],var=$NUMBER[120])</onload>
	<onload>Dialog.Close(all,true)</onload>
	<onload>ClearProperty(ImageFilterFIVE,Home)</onload>
	<onload>ClearProperty(ImageFIVE,Home)</onload>
	
	<onload>ClearProperty(MediaMenu,Home)</onload>
	<onload>ClearProperty(WideToggle,Home)</onload>
	<onunload>SetProperty(Colorbox_shuffle,2,home)</onunload>
	<onunload>ClearProperty(WideToggle,Home)</onunload>
	<onunload>ClearProperty(ImageFiltercfa,Home)</onunload>
	<onunload>ClearProperty(MediaMenu,Home)</onunload>
	
	<onunload>Skin.SetString(background_fx,$INFO[Window(home).Property(cfa_daemon_set)])</onunload>
	<onunload>Skin.SetString(focus_fx,$INFO[Window(home).Property(FIVE_daemon_set)])</onunload>
	<onunload>ClearProperty(RefreshItem,Home)</onunload>
	<onunload>ClearProperty(Progams.Games,Home)</onunload>
	<!--
	<onunload>ClearProperty(ImageFilterFIVE,Home)</onunload>
	<onunload>ClearProperty(ImageFIVE,Home)</onunload>
		<control type="image" id="7355"><left>2117</left><texture>$VAR[ThumbVar]</texture></control>
		<control type="multiimage" id="7975">
			<left>-2160</left>
			<imagepath background="true">special://skin/media/adonic.jpg</imagepath>
			<visible>String.IsEmpty(Control.GetLabel(7355))</visible>
		</control>
	-->
	<controls>
		<control type="multiimage" id="7975">
			<left>-2160</left>
			<imagepath background="true">$VAR[ThumbVar]</imagepath>
		</control>
		<control type="group">
			<animation effect="fade" end="0" time="0" condition="String.IsEqual(Window(Home).Property(Colorbox_shuffle),2)" reversible="false">Conditional</animation>
			<control type="group">
	            <animation effect="fade" end="0" time="400" tween="cubic">WindowClose</animation>
				<control type="multiimage">
					<description>Normal Default Background Image</description>
					<left>0</left>
					<top>0</top>
					<width>FullScreenWidth</width>
					<height>1080</height>
					<imagepath background="true">$VAR[GlobalBackgroundVar]</imagepath>
				</control>
				<include>CommonBackground</include>
			</control>
			<include>View_50_List</include>
		<control type="group">
			<include condition="Window.IsActive(musicplaylist)">View_508_SongList</include>
			<!-- view id = 508 -->
		</control>
		<control type="group">
			<left>-400</left>
			<include>SideBladeLeft</include>
			<control type="grouplist" id="9050">
				<include>MediaMenuTop</include>
				<control type="radiobutton" id="10">
					<visible>!Control.IsVisible(50) + !Container.Content(addons)</visible>
					<label>31017</label>
					<onclick>Skin.ToggleSetting(PictureInfo.Disabled)</onclick>
					<selected>Skin.HasSetting(PictureInfo.Disabled)</selected>
					<include>ButtonCommonValues</include>
				</control>
				<control type="button" id="201">
					<description>View options</description>
					<textwidth>352</textwidth>
					<font>font13_title</font>
					<include>ButtonCommonValues</include>
					<label>31026</label>
					<enable>no</enable>
					<disabledcolor>$VAR[ColorHighlightVar]</disabledcolor>
				</control>
				<control type="edit" id="19">
					<visible>Container.CanFilter + !Container.CanFilterAdvanced</visible>
					<description>Filter</description>
					<textwidth>345</textwidth>
					<include>ButtonCommonValues</include>
					<label>587</label>
				</control>
				<control type="radiobutton" id="20">
					<visible>Container.CanFilterAdvanced</visible>
					<description>Filter</description>
					<include>ButtonCommonValues</include>
					<label>587</label>
					<onclick>SetProperty(RefreshItem,$LOCALIZE[587],home)</onclick>
					<onclick>right</onclick>
					<onclick>Filter</onclick>
				</control>
				<control type="button" id="6">
					<description>Slideshow</description>
					<textwidth>352</textwidth>
					<include>ButtonCommonValues</include>
					<label>108</label>
				</control>
				<control type="button" id="7">
					<description>Recersive Slideshow</description>
					<textwidth>352</textwidth>
					<include>ButtonCommonValues</include>
					<label>361</label>
				</control>
				<control type="radiobutton" id="9">
					<description>Randomize Toggle</description>
					<include>ButtonCommonValues</include>
					<label>13319</label>
				</control>
				<control type="button" id="203">
                    <description>Actions label</description>
                    <textwidth>352</textwidth>
                    <font>font13_title</font>
                    <include>ButtonCommonValues</include>
                    <label>31039</label>
                    <enable>no</enable>
                    <disabledcolor>$VAR[ColorHighlightVar]</disabledcolor>
                    <visible>Player.HasMedia | !String.IsEqual(Playlist.Length(music),0) | !String.IsEqual(Playlist.Length(video),0)</visible>
                </control>
				<include>PlaylistButtons</include>
			</control>
		</control>
		<control type="group" id="97631">
			<visible>!Window.IsActive(movieinformation) + !Window.IsActive(DialogVideoInfo.xml)</visible>
			<animation effect="slide" tween="cubic" time="600" start="0,700" end="0,0" reversible="false">WindowOpen</animation>
			<animation effect="slide" tween="cubic" time="300" start="0,0" end="0,700" reversible="false">WindowClose</animation>
			<animation effect="slide" tween="cubic" time="600" start="0,700" end="0,0" reversible="false">Visible</animation>
			<animation effect="slide" tween="cubic" time="300" start="0,0" end="0,700" reversible="false">Hidden</animation>


			<animation effect="slide" time="300" delay="0" start="0" end="0,483" tween="cubic" reversible="true" condition="!Window.IsVisible(DialogConfirm.xml) + !Window.IsVisible(DialogTextViewer.xml) + !Window.IsVisible(DialogPictureInfo.xml) + !Window.IsVisible(DialogTextViewer.xml) + !Window.IsVisible(DialogFavourites.xml) + !Window.IsVisible(DialogButtonMenu.xml) + !Window.IsVisible(DialogKeyboard.xml) + !Window.IsVisible(DialogNumeric.xml) + !Window.IsVisible(DialogAddonInfo.xml) + !Window.IsVisible(DialogContextMenu.xml) + !Window.IsVisible(DialogAddonSettings.xml) + !Window.IsVisible(FileBrowser.xml) + !Window.IsVisible(DialogSelect.xml) + !Window.IsVisible(DialogMediaSource.xml) + [Integer.IsLessOrEqual(System.CurrentControlID, 6002) | Integer.IsGreaterOrEqual(System.CurrentControlID, 9050)] + !String.StartsWith(System.CurrentControlID, 8011) + [[String.IsEqual(Container(9000).ListItem.Property(widget),weather) + Weather.IsFetched] | [!Control.IsVisible(12345) + !String.IsEqual(Container(9000).ListItem.Property(widget),weather) + !String.IsEmpty(Container(9000).ListItem.Property(widgetName))]]">Conditional</animation>
			
			<animation effect="slide" time="300" delay="0" start="0" end="0,163" tween="cubic" reversible="true" condition="!Window.IsVisible(DialogConfirm.xml) + !Window.IsVisible(DialogTextViewer.xml) + !Window.IsVisible(DialogPictureInfo.xml) + !Window.IsVisible(DialogTextViewer.xml) + !Window.IsVisible(DialogFavourites.xml) + !Window.IsVisible(DialogButtonMenu.xml) + !Window.IsVisible(DialogKeyboard.xml) + !Window.IsVisible(DialogNumeric.xml) + !Window.IsVisible(DialogAddonInfo.xml) + !Window.IsVisible(DialogContextMenu.xml) + !Window.IsVisible(DialogAddonSettings.xml) + !Window.IsVisible(FileBrowser.xml) + !Window.IsVisible(DialogSelect.xml) + !Window.IsVisible(DialogMediaSource.xml) + [Integer.IsLessOrEqual(System.CurrentControlID, 6002) | Integer.IsGreaterOrEqual(System.CurrentControlID, 9050)] + !String.StartsWith(System.CurrentControlID, 8011) + [String.IsEmpty(Container(9000).ListItem.Property(widgetName))]">Conditional</animation>

			<control type="group">
				<include>HomeDefault</include>
			</control>
			<control type="group">
				<left>-140</left>
				<top>195</top>
				<include>MenuHome3D</include>
			</control>
        </control>
        </control>
		<!--
		<control type="group">
			<visible>String.IsEqual(Window(Home).Property(Colorbox_shuffle),1)</visible>
			<include>Screen_Blockers_In</include>
		</control>
		-->
		<control type="group">
			<visible>String.IsEqual(Window(Home).Property(Colorbox_shuffle),1)</visible>
			<include>Screen_Blockers_Out</include>
		</control>
	</controls>
</window>