<?xml version="1.0" encoding="UTF-8"?>
<addon
	id="skin.copacetix"
	version="0.0.23"
	name="Copacetix"
	provider-name="Hitcher a la badaas">
	<requires>
		<import addon="xbmc.gui" version="5.13.0"/>
		<import addon="script.colorbox" version="2.0.12"/>
		<import addon="script.skinshortcuts" version="0.6.6"/>
	</requires>
	<extension point="xbmc.gui.skin" defaultthemename="Textures.xbt" effectslowdown="1.00" debugging="false">
		<res width="1920" height="1080" aspect="16:9" default="true" folder="16x9" />
	</extension>
	<extension point="xbmc.addon.metadata">
		<platform>all</platform>
		<summary lang="en"></summary>
		<disclaimer lang="en">Mouse and Touch device not supported</disclaimer>
		<description lang="en"></description>
		<source>https://github.com/BADMS/skin.copacetix</source>
		<assets>
			<icon>resources/icon.png</icon>
			<fanart>resources/fanart.jpg</fanart>
		</assets>
	</extension>
</addon>