<?xml version='1.0' encoding='UTF-8'?>
<shortcuts>
	<shortcut>
		<defaultID>133</defaultID>
		<label>133</label>
		<label2>Music</label2>
		<icon>DefaultMusicArtists.png</icon>
		<thumb />
		<action>ActivateWindow(MusicLibrary,Artists,return)</action>
	</shortcut>
	<shortcut>
		<defaultID>132</defaultID>
		<label>132</label>
		<label2>Music</label2>
		<icon>DefaultMusicAlbums.png</icon>
		<thumb />
		<action>ActivateWindow(MusicLibrary,Albums,return)</action>
	</shortcut>
	<shortcut>
		<defaultID>134</defaultID>
		<label>134</label>
		<label2>Music</label2>
		<icon>DefaultMusicSongs.png</icon>
		<thumb />
		<action>ActivateWindow(MusicLibrary,Songs,return)</action>
	</shortcut>
	<shortcut>
		<defaultID>744</defaultID>
		<label>744</label>
		<label2>item</label2>
		<icon>DefaultFolder.png</icon>
		<thumb />
		<action>ActivateWindow(MusicLibrary,sources://music,return)</action>
	</shortcut>
	<shortcut>
		<defaultID>15100</defaultID>
		<label>15100</label>
		<label2>Music</label2>
		<icon>DefaultFolder.png</icon>
		<thumb />
		<action>ActivateWindow(MusicLibrary,MusicLibrary,return)</action>
	</shortcut>
	<shortcut>
		<defaultID>1038</defaultID>
		<label>1038</label>
		<label2>Music</label2>
		<icon>DefaultAddonMusic.png</icon>
		<thumb />
		<action>ActivateWindow(MusicLibrary,Addons,return)</action>
	</shortcut>
</shortcuts>
