<shortcuts>
	<shortcut>
		<action>ActivateWindow(Videos,special://skin/extras/playlists/recent_episodes.xsp,return)</action>
		<label>$SKIN[31035|skin.conq|Recent episodes]</label>
		<label2>32014</label2>
		<defaultID>31035</defaultID>
		<icon>DefaultRecentlyAddedEpisodes.png</icon>
		<thumb />
	</shortcut>
	<shortcut>
		<action>ActivateWindow(Videos,special://skin/extras/playlists/inprogress_tvshows.xsp,return)</action>
		<label>$SKIN[31036|skin.conq|Recommended episodes]</label>
		<label2>32014</label2>
		<defaultID>31036</defaultID>
		<icon>DefaultEpisodes.png</icon>
		<thumb />
	</shortcut>
	<shortcut>
		<action>ActivateWindow(Videos,special://skin/extras/playlists/random_episodes.xsp,return)</action>
		<label>$SKIN[31055|skin.conq|Random episodes]</label>
		<label2>32014</label2>
		<defaultID>31055</defaultID>
		<icon>DefaultEpisodes.png</icon>
		<thumb />
	</shortcut>
	<shortcut>
		<action>ActivateWindow(Videos,TvShowGenres,return)</action>
		<label>135</label>
		<label2>20343</label2>
		<defaultID>135</defaultID>
		<icon>DefaultGenre.png</icon>
		<thumb />
	</shortcut>
	<shortcut>
		<action>ActivateWindow(Videos,TvShowYears,return)</action>
		<label>562</label>
		<label2>20343</label2>
		<defaultID>562</defaultID>
		<icon>DefaultYear.png</icon>
		<thumb />
	</shortcut>
	<shortcut>
		<action>ActivateWindow(Videos,TvShowActors,return)</action>
		<label>344</label>
		<label2>20343</label2>
		<defaultID>344</defaultID>
		<icon>DefaultActor.png</icon>
		<thumb />
	</shortcut>
</shortcuts>
