<?xml version="1.0" encoding="UTF-8"?>
    <addon id="repository.thedeadman" name="theDeadMan's Kodi addon repository" version="0.1.0" provider-name="theDeadMan">
        <requires>
            <import addon="xbmc.addon" version="12.0.0"/>
        </requires>
        <extension point="xbmc.addon.repository" name="theDeadMan's Kodi addon repository">
            <info compressed="false">https://raw.githubusercontent.com/chrisbevan/repository.thedeadman/_repo/addons.xml</info>
            <checksum>https://raw.githubusercontent.com/chrisbevan/repository.thedeadman/_repo/addons.xml.md5</checksum>
            <datadir zip="true">https://raw.githubusercontent.com/chrisbevan/repository.thedeadman/_repo/</datadir>
            <hashes>false</hashes>
        </extension>
        <extension point="xbmc.addon.metadata">
            <summary>theDeadMan's Kodi skins and supporting scripts</summary>
            <description>theDeadMan's Kodi skins and supporting scripts</description>
            <platform>all</platform>
    </extension>
</addon>