<?xml version="1.0" encoding="UTF-8"?>
<addon
  id="skin.adonic"
  version="1.0.0"
  name="adonic"
  provider-name="badaas">
	<requires>
		<import addon="xbmc.gui" version="5.12.0"/>
		<import addon="resource.images.studios.white" version="0.0.4"/>
		<import addon="script.colorbox" version="2.0.0"/>
		<import addon="script.toolbox" version="1.0.0"/>
		<import addon="service.library.data.provider" version="0.0.7"/>
		<import addon="script.skin.helper.service" version="1.0.0"/>
		<import addon="script.skin.helper.backgrounds" version="1.0.0"/>
		<import addon="script.skin.helper.colorpicker" version="1.0.0"/>
		<import addon="script.skin.helper.skinbackup" version="1.0.0"/>
		<import addon="script.skin.helper.widgets" version="1.0.0"/>
		<import addon="script.image.resource.select" version="0.0.5"/>
		<import addon="script.skinshortcuts" version="0.6.6"/>
	</requires>
	<extension
	  point="xbmc.gui.skin"
	  debugging="false"
	  effectslowdown="0.75">
		<res width="1920" height="1080" aspect="16:9" default="true" folder="XML" />
	</extension>
	<extension point="xbmc.addon.metadata">
		<summary lang="en">adonic by badaas</summary>
		<description lang="en">Let's get lost.</description>
		<platform>all</platform>
		<license>GNU GENERAL PUBLIC LICENSE. Version 2, June 1991</license>
		<forum>http://forum.kodi.tv/</forum>
		<website></website>
		<email></email>
		<source>https://github.com/BADMS/skin.adonic</source>
		<assets>
			<icon>resources/icon.png</icon>
			<fanart>resources/fanart.jpg</fanart>
			<screenshot>resources/screenshot-01.jpg</screenshot>
			<screenshot>resources/screenshot-02.jpg</screenshot>
			<screenshot>resources/screenshot-03.jpg</screenshot>
			<screenshot>resources/screenshot-04.jpg</screenshot>
			<screenshot>resources/screenshot-05.jpg</screenshot>
			<screenshot>resources/screenshot-06.jpg</screenshot>
			<screenshot>resources/screenshot-07.jpg</screenshot>
			<screenshot>resources/screenshot-08.jpg</screenshot>
			<screenshot>resources/screenshot-09.jpg</screenshot>
			<screenshot>resources/screenshot-10.jpg</screenshot>
		</assets>
		<news>1.0.0 - Released.</news>
	</extension>
</addon>
