<?xml version="1.0" encoding="UTF-8"?>
<window>
    <defaultcontrol>5</defaultcontrol>
    <coordinates>
        <system>1</system>
        <posx>0</posx>
        <posy>0</posy>
    </coordinates>
    <controls>
        <!--background-->
        <control type="image">
            <posx>0</posx>
            <posy>0</posy>
            <include>dimensionsFullscreen</include>
            <texture>colors/black.png</texture>
            <colordiffuse>eeffffff</colordiffuse>
            <aspectratio>stretch</aspectratio>
        </control>
        <control type="group">
            <!--animations-->
            <include>modalDialogInOutVertical</include>
            <control type="group">
                <posx>col-5-begin</posx>
                <posy>row-3-begin</posy>
                <control type="image">
                    <posx>-384</posx>
                    <posy>44</posy>
                    <width>fullscreenWidth</width>
                    <height>1-row</height>
                    <texture>colors/white.png</texture>
                    <colordiffuse>ffffffff</colordiffuse>
                    <aspectratio>stretch</aspectratio>
                </control>
                <control type="image">
                    <posx>-3</posx>
                    <posy>44</posy>
                    <width>1155</width>
                    <height>1-row</height>
                    <texture>colors/white.png</texture>
                    <bordertexture border="0">colors/black.png</bordertexture>
                    <bordersize>3,0,0,0</bordersize>
                    <colordiffuse>ffffffff</colordiffuse>
                    <aspectratio>stretch</aspectratio>
                </control>
                <control type="label">
                    <posx>12</posx>
                    <posy>44</posy>
                    <width>16-col</width>
                    <font>pageTitle</font>
                    <label>19056</label>
                    <textcolor>black</textcolor>
                    <shadowcolor>-</shadowcolor>
                </control>
                <control type="grouplist" id="5">
                    <description>control area</description>
                    <posx>0</posx>
                    <posy>2-row</posy>
                    <width>12-col-gutter</width>
                    <height>11-row</height>
                    <itemgap>0</itemgap>
                    <onup>9001</onup>
                    <ondown>9001</ondown>
                    <onleft>9001</onleft>
                    <onright>9001</onright>
                </control>
                <!--OK / Cancel-->
                <control type="panel" id="9001">
                    <posx>12-col</posx>
                    <posy>2-row</posy>
                    <width>4-col</width>
                    <height>5-row</height>
                    <itemgap>3</itemgap>
                    <orientation>vertical</orientation>
                    <onleft>5</onleft>
                    <itemlayout width="4-col" height="1-row">
                        <control type="image">
                            <posx>0</posx>
                            <posy>2</posy>
                            <width>4-col</width>
                            <height>53</height>
                            <aspectratio>stretch</aspectratio>
                            <texture>colors/black.png</texture>
                        </control>
                        <control type="label">
                            <posx>24</posx>
                            <posy>0</posy>
                            <width>1-col</width>
                            <font>symbolLarge</font>
                            <textcolor>textActive</textcolor>
                            <label>$INFO[ListItem.label2]</label>
                            <shadowcolor>-</shadowcolor>
                        </control>
                        <control type="label">
                            <posx>1-col</posx>
                            <posy>2</posy>
                            <width>3-col</width>
                            <font>menuTitle</font>
                            <textcolor>textActive</textcolor>
                            <label>$INFO[ListItem.label]</label>
                            <shadowcolor>-</shadowcolor>
                        </control>
                    </itemlayout>
                    <focusedlayout width="4-col" height="1-row">
                        <control type="image">
                            <posx>0</posx>
                            <posy>2</posy>
                            <width>4-col</width>
                            <height>53</height>
                            <aspectratio>stretch</aspectratio>
                            <texture>colors/white.png</texture>
                        </control>
                        <control type="label">
                            <posx>24</posx>
                            <posy>0</posy>
                            <width>1-col</width>
                            <font>symbolLarge</font>
                            <textcolor>black</textcolor>
                            <label>$INFO[ListItem.label2]</label>
                            <shadowcolor>-</shadowcolor>
                        </control>
                        <control type="label">
                            <posx>1-col</posx>
                            <posy>2</posy>
                            <width>3-col</width>
                            <font>menuTitle</font>
                            <textcolor>black</textcolor>
                            <label>$INFO[ListItem.label]</label>
                            <shadowcolor>-</shadowcolor>
                        </control>
                    </focusedlayout>
                    <content>
                        <item id="1">
                            <description>Ok Button</description>
                            <label>186</label>
                            <label2></label2>
                            <thumb>-</thumb>
                            <onclick>SendClick(28)</onclick>
                        </item>
                        <item id="2">
                            <description>Cancel Button</description>
                            <label>222</label>
                            <label2></label2>
                            <thumb>-</thumb>
                            <onclick>SendClick(29)</onclick>
                        </item>
                    </content>
                </control>
                <!--Dialog controls-->
                <control type="button" id="7">
                    <description>Default Button</description>
                    <align>left</align>
                    <height>54</height>
                    <font>itemTitle</font>
                    <textcolor>textActive</textcolor>
                    <focusedcolor>black</focusedcolor>
                    <texturefocus>colors/white.png</texturefocus>
                    <texturenofocus>-</texturenofocus>
                    <textoffsetx>12</textoffsetx>
                </control>
                <control type="radiobutton" id="8">
                    <description>Default RadioButton</description>
                </control>
                <control type="spincontrolex" id="9">
                    <description>Default spincontrolex</description>
                </control>
                <control type="sliderex" id="13">
                    <description>Default Slider</description>
                </control>
                <control type="edit" id="12">
                    <description>Default Edit</description>
                    <texturenofocus>-</texturenofocus>
                    <texturefocus>colors/white.png</texturefocus>
                    <textcolor>textActive</textcolor>
                    <focusedcolor>black</focusedcolor>
                </control>
                <control type="label" id="14">
                    <description>Default Label</description>
                    <label>-</label>
                    <align>center</align>
                    <font>buttonTitle</font>
                    <textcolor>textActive</textcolor>
                    <shadowcolor>-</shadowcolor>
                </control>
            </control>
            <control type="group">
                <visible>false</visible>
                <control type="button" id="28">
                    <description>OK Button</description>
                </control>
                <control type="button" id="29">
                    <description>Cancel Button</description>
                </control>
            </control>
        </control>
        <!--debugging-->
        <include>DebugGrid</include>
        <control type="label">
            <include>DialogID</include>
            <label>DialogPVRTimerSettings.xml</label>
        </control>
    </controls>
</window>
