<?xml version="1.0" encoding="UTF-8"?>
<includes>
    <include name="homeBackground">
        <control type="group">
            <animation type="conditional" condition="!Skin.HasSetting(lowPowerMode)" loop="true">
                <effect type="fade" start="0" end="100" time="5000"/>
                <effect type="zoom" start="80" end="130" time="10000" tween="sine" easing="out"/>
                <effect type="slide" start="0,0" end="-450,0" center="0" delay="0" time="20000" tween="sine" easing="in"/>
                <effect type="zoom" start="130" end="100" delay="12000" time="8000" tween="sine" easing="in"/>
                <effect type="fade" start="100" end="0" time="3000" delay="16000"/>
            </animation>
			<animation type="conditional" condition="Skin.HasSetting(lowPowerMode)">
                <effect type="fade" start="0" end="100" time="5000"/>
            </animation>
            <!--library based thumbs-->
            <control type="panel" id="9451">
                <enable>false</enable>
                <posx>0</posx>
                <posy>0</posy>
                <width>fullscreenWidth</width>
                <height>fullscreenHeight</height>
                <orientation>horizontal</orientation>
                <scrolltime tween="linear" easing="in">10000</scrolltime>
                <animation type="windowopen">
                    <effect type="fade" end="100" time="1000" delay="1500"/>
                </animation>
                <animation type="windowclose">
                    <effect type="fade" end="0" time="0"/>
                </animation>
                <itemlayout width="3-col" height="3-col">
                    <control type="image">
                        <visible>Container(9000).HasFocus(10)</visible>
                        <posx>0</posx>
                        <posy>0</posy>
                        <width>3-col-textbox</width>
                        <height>3-col-textbox</height>
                        <aspectratio>scale</aspectratio>
                        <texture fallback="colors/black.png" border="0">$INFO[Listitem.art(poster)]</texture>
                        <colordiffuse>44FFFFFF</colordiffuse>
                    </control>
                    <control type="image">
                        <visible>!Container(9000).HasFocus(10)</visible>
                        <posx>0</posx>
                        <posy>0</posy>
                        <width>3-col-textbox</width>
                        <height>3-col-textbox</height>
                        <aspectratio>scale</aspectratio>
                        <texture fallback="colors/black.png" border="0">$INFO[Listitem.thumb]</texture>
                        <colordiffuse>44FFFFFF</colordiffuse>
                    </control>
                </itemlayout>
                <focusedlayout/>
                <content>$VAR[homescreenCollage]</content>
            </control>
            <!--video (no Library)-->
            <control type="image">
                <visible>Container(9000).HasFocus(10) | Container(9000).HasFocus(13) | Container(9000).HasFocus(14)</visible>
                <include>dimensionsFullscreen</include>
                <texture>special://skin/extras/backgrounds/videos.jpg</texture>
                <colordiffuse>44ffffff</colordiffuse>
                <aspectratio>stretch</aspectratio>
                <animation type="windowopen">
                    <effect type="fade" end="100" time="1000" delay="800"/>
                </animation>
            </control>
            <control type="image">
                <visible>Container(9000).HasFocus(1) + !Library.HasContent(Movies)</visible>
                <include>dimensionsFullscreen</include>
                <texture>special://skin/extras/backgrounds/videos.jpg</texture>
                <colordiffuse>44ffffff</colordiffuse>
                <aspectratio>stretch</aspectratio>
                <animation type="windowopen">
                    <effect type="fade" end="100" time="1000" delay="800"/>
                </animation>
            </control>
            <!--music (no Library)-->
            <control type="image">
                <visible>Container(9000).HasFocus(2) + !Library.HasContent(Music)</visible>
                <include>dimensionsFullscreen</include>
                <texture>special://skin/extras/backgrounds/music.jpg</texture>
                <colordiffuse>44ffffff</colordiffuse>
                <aspectratio>stretch</aspectratio>
                <animation type="windowopen">
                    <effect type="fade" end="100" time="1000" delay="800"/>
                </animation>
            </control>
            <!--photos-->
            <control type="image">
                <visible>Container(9000).HasFocus(9)</visible>
                <include>dimensionsFullscreen</include>
                <texture>special://skin/extras/backgrounds/weather.jpg</texture>
                <colordiffuse>44ffffff</colordiffuse>
                <aspectratio>stretch</aspectratio>
                <animation type="windowopen">
                    <effect type="fade" end="100" time="1000" delay="800"/>
                </animation>
            </control>
            <!--games-->
            <control type="image">
                <visible>Container(9000).HasFocus(4)</visible>
                <include>dimensionsFullscreen</include>
                <texture>special://skin/extras/backgrounds/games.jpg</texture>
                <colordiffuse>44ffffff</colordiffuse>
                <aspectratio>stretch</aspectratio>
                <animation type="windowopen">
                    <effect type="fade" end="100" time="1000" delay="800"/>
                </animation>
            </control>
            <!--photos-->
            <control type="image">
                <visible>Container(9000).HasFocus(3)</visible>
                <include>dimensionsFullscreen</include>
                <texture>special://skin/extras/backgrounds/photos.jpg</texture>
                <colordiffuse>44ffffff</colordiffuse>
                <aspectratio>stretch</aspectratio>
                <animation type="windowopen">
                    <effect type="fade" end="100" time="1000" delay="800"/>
                </animation>
            </control>
            <!--search-->
            <control type="image">
                <visible>Container(9000).HasFocus(6)</visible>
                <include>dimensionsFullscreen</include>
                <texture>special://skin/extras/backgrounds/search.jpg</texture>
                <colordiffuse>44ffffff</colordiffuse>
                <aspectratio>stretch</aspectratio>
                <animation type="windowopen">
                    <effect type="fade" end="100" time="1000" delay="800"/>
                </animation>
            </control>
            <!--settings-->
            <control type="image">
                <visible>Container(9000).HasFocus(7) | Container(9000).HasFocus(11)</visible>
                <include>dimensionsFullscreen</include>
                <texture>special://skin/extras/backgrounds/settings.jpg</texture>
                <colordiffuse>44ffffff</colordiffuse>
                <aspectratio>stretch</aspectratio>
                <animation type="windowopen">
                    <effect type="fade" end="100" time="1000" delay="800"/>
                </animation>
            </control>
            <!--power-->
            <control type="image">
                <visible>Container(9000).HasFocus(8)</visible>
                <include>dimensionsFullscreen</include>
                <texture>special://skin/extras/backgrounds/power.jpg</texture>
                <colordiffuse>44ffffff</colordiffuse>
                <aspectratio>stretch</aspectratio>
                <animation type="windowopen">
                    <effect type="fade" end="100" time="1000" delay="800"/>
                </animation>
            </control>
            <!--advanced launcher-->
            <control type="image">
                <visible>Container(9000).HasFocus(12)</visible>
                <include>dimensionsFullscreen</include>
                <texture>special://skin/extras/backgrounds/advancedLauncher.jpg</texture>
                <colordiffuse>44ffffff</colordiffuse>
                <aspectratio>stretch</aspectratio>
                <animation type="windowopen">
                    <effect type="fade" end="100" time="1000" delay="800"/>
                </animation>
            </control>
        </control>
    </include>
</includes>