<?xml version="1.0" encoding="UTF-8"?>
<includes>
    <include name="videoRecentItems">
        <control type="group">
            <include>fadeInOut</include>
            <!--fanart-->
            <control type="group">
                <control type="image">
                    <posx>0</posx>
                    <posy>0</posy>
                    <width>fullscreenWidth</width>
                    <height>fullscreenHeight</height>
                    <aspectratio scalediffuse="false" align="center">stretch</aspectratio>
                    <texture background="true" fallback="special://skin/extras/backgrounds/videos.jpg" border="0">$INFO[container(9998).listitem.art(fanart)]</texture>
                    <fadetime>500</fadetime>
                    <colordiffuse>77FFFFFF</colordiffuse>
                    <include>kenBurnsey</include>
                </control>
                <control type="image">
                    <include>dimensionsFullscreen</include>
                    <texture>vignette.png</texture>
                    <colordiffuse>ffffffff</colordiffuse>
                    <aspectratio>stretch</aspectratio>
                </control>
            </control>
            <control type="group">
                <animation type="Conditional" condition="controlgroup(9000).hasfocus | controlgroup(9002).hasfocus | controlgroup(100).hasfocus">
                    <effect type="fade" start="100" end="0" time="200"/>
                </animation>
                <control type="image">
                    <posx>0</posx>
                    <posy>row-19-begin</posy>
                    <width>fullscreenWidth</width>
                    <height>15-row</height>
                    <aspectratio scalediffuse="false">stretch</aspectratio>
                    <texture border="0">colors/black.png</texture>
                    <colordiffuse>ccffffff</colordiffuse>
                </control>
                <!--titles-->
                <control type="group">
                    <animation type="conditional" condition="!control.hasfocus(9998)">
                        <effect type="fade" start="100" end="0" time="200"/>
                    </animation>
                    <animation type="conditional" condition="control.hasfocus(9998)">
                        <effect type="slide" start="800" end="0" tween="cubic" easing="out" delay="600" time="400"/>
                        <effect type="fade" start="0" end="100" delay="600" time="200"/>
                    </animation>
                    <posx>col-1-begin</posx>
                    <posy>row-11-begin</posy>
                    <control type="label">
                        <visible>Container(9123).HasFocus(1)</visible>
                        <posx>24-col</posx>
                        <posy>0</posy>
                        <width>24-col</width>
                        <height>8-row</height>
                        <align>right</align>
                        <font>veryLargeLight</font>
                        <textcolor>66ffffff</textcolor>
                        <shadowcolor>-</shadowcolor>
                        <wrapmultiline>true</wrapmultiline>
                        <label>[B]$INFO[container(9998).listitem.title][/B][CR]$INFO[container(9998).listitem.director,$LOCALIZE[31196]. ,.] $INFO[container(9998).listitem.year,,]</label>
                    </control>
                    <control type="label">
                        <visible>Container(9123).HasFocus(2)</visible>
                        <posx>24-col</posx>
                        <posy>0</posy>
                        <width>24-col</width>
                        <height>8-row</height>
                        <align>right</align>
                        <font>veryLargeLight</font>
                        <textcolor>66ffffff</textcolor>
                        <shadowcolor>-</shadowcolor>
                        <wrapmultiline>true</wrapmultiline>
                        <label>[B]$INFO[container(9998).listitem.tvshowtitle][/B][CR]$INFO[container(9998).ListItem.Property(UnWatchedEpisodes),, $LOCALIZE[31045],]</label>
                    </control>
                </control>
            </control>
            <!--content listing-->
            <control type="panel" id="9998">
                <visible>container(9123).hasfocus(1)</visible>
                <animation type="Conditional" condition="controlgroup(9000).hasfocus | controlgroup(9002).hasfocus | controlgroup(100).hasfocus">
                    <effect type="fade" start="100" end="0" time="200"/>
                </animation>
                <posx>72</posx>
                <posy>row-20-begin</posy>
                <width>1848</width>
                <height>9-row</height>
                <onup>9123</onup>
                <onleft>9000</onleft>
                <onback>9000</onback>
                <orientation>horizontal</orientation>
                <onback>control.setfocus(9000)</onback>
                <content>$INFO[control.getlabel(9123)]</content>
                <oninfo>RunScript(script.skin.helper.service,action=showinfo,movieid=$INFO[container(9998).listitem.dbid])</oninfo>
                <itemlayout width="228" height="312">
                    <control type="image">
                        <posx>0</posx>
                        <posy>0</posy>
                        <width>3-col-gutter</width>
                        <height>288</height>
                        <aspectratio>stretch</aspectratio>
                        <texture border="6">DefaultPoster.png</texture>
                        <bordertexture border="6" colordiffuse="overlay">colors/black.png</bordertexture>
                        <bordersize>6</bordersize>
                        <colordiffuse>overlay</colordiffuse>
                    </control>
                    <control type="label">
                        <visible>!controlgroup(9000).hasfocus</visible>
                        <posx>12</posx>
                        <posy>2-row</posy>
                        <width>168</width>
                        <height>2-row</height>
                        <align>center</align>
                        <aligny>center</aligny>
                        <font>regularStrong</font>
                        <textcolor>textDisabled</textcolor>
                        <label>$INFO[ListItem.title]</label>
                    </control>
                    <control type="label">
                        <visible>!controlgroup(9000).hasfocus</visible>
                        <posx>12</posx>
                        <posy>3-row</posy>
                        <width>168</width>
                        <height>2-row</height>
                        <align>center</align>
                        <aligny>center</aligny>
                        <font>buttonTitle</font>
                        <textcolor>textDisabled</textcolor>
                        <label>$INFO[ListItem.year]</label>
                    </control>
                    <control type="image">
                        <posx>0</posx>
                        <posy>0</posy>
                        <width>3-col-gutter</width>
                        <height>288</height>
                        <aspectratio>stretch</aspectratio>
                        <texture border="6">$INFO[ListItem.Art(poster)]</texture>
                        <bordertexture border="6" colordiffuse="overlay">colors/black.png</bordertexture>
                        <bordersize>6</bordersize>
                        <colordiffuse>ffffffff</colordiffuse>
                    </control>
                </itemlayout>
                <focusedlayout width="3-col" height="312">
                    <control type="group">
                        <include>focusThumb</include>
                        <control type="image">
                            <posx>0</posx>
                            <posy>0</posy>
                            <width>3-col-gutter</width>
                            <height>288</height>
                            <aspectratio>stretch</aspectratio>
                            <texture border="6">DefaultPoster.png</texture>
                            <bordertexture border="6" colordiffuse="ffFFFFFF">colors/white.png</bordertexture>
                            <bordersize>6</bordersize>
                            <colordiffuse>ffffffff</colordiffuse>
                        </control>
                        <control type="label">
                            <visible>!controlgroup(9000).hasfocus</visible>
                            <posx>12</posx>
                            <posy>2-row</posy>
                            <width>168</width>
                            <height>2-row</height>
                            <align>center</align>
                            <aligny>center</aligny>
                            <font>regularStrong</font>
                            <textcolor>textActive</textcolor>
                            <label>$INFO[ListItem.title]</label>
                        </control>
                        <control type="label">
                            <visible>!controlgroup(9000).hasfocus</visible>
                            <posx>12</posx>
                            <posy>3-row</posy>
                            <width>168</width>
                            <height>2-row</height>
                            <align>center</align>
                            <aligny>center</aligny>
                            <font>buttonTitle</font>
                            <textcolor>textActive</textcolor>
                            <label>$INFO[ListItem.year]</label>
                        </control>
                        <control type="image">
                            <posx>0</posx>
                            <posy>0</posy>
                            <width>3-col-gutter</width>
                            <height>288</height>
                            <aspectratio>stretch</aspectratio>
                            <texture border="6">$INFO[ListItem.Art(poster)]</texture>
                            <bordertexture border="6" colordiffuse="ffFFFFFF">colors/white.png</bordertexture>
                            <bordersize>6</bordersize>
                            <colordiffuse>ffffffff</colordiffuse>
                        </control>
                    </control>
                </focusedlayout>
            </control>
            <control type="panel" id="9998">
                <visible>container(9123).hasfocus(2)</visible>
                <animation type="Conditional" condition="controlgroup(9000).hasfocus | controlgroup(9002).hasfocus | controlgroup(100).hasfocus">
                    <effect type="fade" start="100" end="0" time="200"/>
                </animation>
                <posx>72</posx>
                <posy>row-20-begin</posy>
                <width>1800</width>
                <height>9-row</height>
                <onup>9123</onup>
                <onleft>9000</onleft>
                <onback>9000</onback>
                <orientation>horizontal</orientation>
                <onback>control.setfocus(9000)</onback>
                <content>$INFO[control.getlabel(9123)]</content>
                <onclick>Skin.SetString(showRecentVideoItems,false)</onclick>
                <onclick>activatewindow(Video,videodb://tvshows/titles/$INFO[listitem.dbid])</onclick>
                <onclick>Control.SetFocus(50)</onclick>
                <oninfo>RunScript(script.skin.helper.service,action=showinfo,tvshowid=$INFO[container(9998).listitem.dbid])</oninfo>
                <itemlayout width="228" height="312">
                    <control type="image">
                        <posx>0</posx>
                        <posy>0</posy>
                        <width>3-col-gutter</width>
                        <height>288</height>
                        <aspectratio>stretch</aspectratio>
                        <texture border="6">DefaultPoster.png</texture>
                        <bordertexture border="6" colordiffuse="overlay">colors/black.png</bordertexture>
                        <bordersize>6</bordersize>
                        <colordiffuse>overlay</colordiffuse>
                    </control>
                    <control type="label">
                        <visible>!controlgroup(9000).hasfocus</visible>
                        <posx>12</posx>
                        <posy>2-row</posy>
                        <width>168</width>
                        <height>2-row</height>
                        <align>center</align>
                        <aligny>center</aligny>
                        <font>regularStrong</font>
                        <textcolor>textDisabled</textcolor>
                        <label>$INFO[ListItem.tvshowtitle]</label>
                    </control>
                    <control type="label">
                        <visible>!controlgroup(9000).hasfocus</visible>
                        <posx>12</posx>
                        <posy>3-row</posy>
                        <width>168</width>
                        <height>2-row</height>
                        <align>center</align>
                        <aligny>center</aligny>
                        <font>buttonTitle</font>
                        <textcolor>textDisabled</textcolor>
                        <label>$INFO[ListItem.season,$LOCALIZE[31011] ,]</label>
                    </control>
                    <control type="image">
                        <posx>0</posx>
                        <posy>0</posy>
                        <width>3-col-gutter</width>
                        <height>288</height>
                        <aspectratio>stretch</aspectratio>
                        <texture border="6">$INFO[ListItem.Art(poster)]</texture>
                        <bordertexture border="6" colordiffuse="overlay">colors/black.png</bordertexture>
                        <bordersize>6</bordersize>
                        <colordiffuse>ffffffff</colordiffuse>
                    </control>
                </itemlayout>
                <focusedlayout width="3-col" height="312">
                    <control type="group">
                        <include>focusThumb</include>
                        <control type="image">
                            <posx>0</posx>
                            <posy>0</posy>
                            <width>3-col-gutter</width>
                            <height>288</height>
                            <aspectratio>stretch</aspectratio>
                            <texture border="6">DefaultPoster.png</texture>
                            <bordertexture border="6" colordiffuse="ffFFFFFF">colors/white.png</bordertexture>
                            <bordersize>6</bordersize>
                            <colordiffuse>ffffffff</colordiffuse>
                        </control>
                        <control type="label">
                            <visible>!controlgroup(9000).hasfocus</visible>
                            <posx>12</posx>
                            <posy>2-row</posy>
                            <width>168</width>
                            <height>2-row</height>
                            <align>center</align>
                            <aligny>center</aligny>
                            <font>regularStrong</font>
                            <textcolor>textActive</textcolor>
                            <label>$INFO[ListItem.tvshowtitle]</label>
                        </control>
                        <control type="label">
                            <visible>!controlgroup(9000).hasfocus</visible>
                            <posx>12</posx>
                            <posy>3-row</posy>
                            <width>168</width>
                            <height>2-row</height>
                            <align>center</align>
                            <aligny>center</aligny>
                            <font>buttonTitle</font>
                            <textcolor>textActive</textcolor>
                            <label>$INFO[ListItem.season,$LOCALIZE[31011] ,]</label>
                        </control>
                        <control type="image">
                            <posx>0</posx>
                            <posy>0</posy>
                            <width>3-col-gutter</width>
                            <height>288</height>
                            <aspectratio>stretch</aspectratio>
                            <texture border="6">$INFO[ListItem.Art(poster)]</texture>
                            <bordertexture border="6" colordiffuse="ffFFFFFF">colors/white.png</bordertexture>
                            <bordersize>6</bordersize>
                            <colordiffuse>ffffffff</colordiffuse>
                        </control>
                    </control>
                </focusedlayout>
            </control>
        </control>

        <!--content selector-->
        <control type="list" id="9123">
            <animation type="Conditional" condition="controlgroup(9000).hasfocus | controlgroup(9002).hasfocus | controlgroup(100).hasfocus">
                <effect type="fade" start="100" end="0" time="200"/>
            </animation>
            <posx>60</posx>
            <posy>636</posy>
            <width>24-col</width>
            <height>84</height>
            <onleft>9000</onleft>
            <ondown>9998</ondown>
            <onback>9000</onback>
            <orientation>horizontal</orientation>
            <itemlayout width="4-col" height="2-row">
                <control type="label">
                    <posx>0</posx>
                    <posy>0</posy>
                    <width>4-col</width>
                    <height>2-row</height>
                    <font>buttonTitle</font>
                    <aligny>center</aligny>
                    <align>center</align>
                    <textcolor>textActive</textcolor>
                    <shadowcolor>-</shadowcolor>
                    <label>[B]$INFO[ListItem.property(textTitle)][/B]</label>
                </control>
            </itemlayout>
            <focusedlayout width="4-col" height="78">
                <control type="image">
                    <posx>0</posx>
                    <posy>56</posy>
                    <width>4-col-textbox</width>
                    <height>9</height>
                    <texture>colors/white.png</texture>
                    <colordiffuse>highlight</colordiffuse>
                    <aspectratio>stretch</aspectratio>
                    <animation effect="fade" start="100" end="20" time="750" condition="Control.HasFocus(9123)" pulse="true">Conditional</animation>
                </control>
                <control type="label">
                    <posx>0</posx>
                    <posy>0</posy>
                    <width>4-col</width>
                    <height>2-row</height>
                    <font>buttonTitle</font>
                    <aligny>center</aligny>
                    <align>center</align>
                    <textcolor>textActive</textcolor>
                    <shadowcolor>-</shadowcolor>
                    <label>[B]$INFO[ListItem.property(textTitle)][/B]</label>
                </control>
            </focusedlayout>
            <content>
                <item id="1">
                    <visible>Library.HasContent(movies)</visible>
                    <label>special://skin/extras/playlists/recentMovies.xsp</label>
                    <property name="textTitle">31176</property>
                    <onclick>noop</onclick>
                </item>
                <item id="2">
                    <visible>Library.HasContent(tvshows)</visible>
                    <label>special://skin/extras/playlists/recentEpisodes.xsp</label>
                    <property name="textTitle">31178</property>
                    <onclick>noop</onclick>
                </item>
            </content>
        </control>
    </include>
</includes>