<?xml version="1.0" encoding="UTF-8"?>
<window id="1130" type="dialog">
	<defaultcontrol always="true">9010</defaultcontrol>
	<coordinates>
		<left>0</left>
		<top>0</top>
		<origin x="60" y="0">true</origin>
	</coordinates>
	<animation type="WindowOpen" reversible="false">
		<effect type="fade" delay="300" end="100" time="300" />
	</animation>
	<controls>
		<control type="group">
			<left>0</left>
			<top>604</top>
			<control type="wraplist" id="9010">
				<width>1730</width>
				<height>310</height>
				<onup>9010</onup>
				<ondown>9010</ondown>
				<onleft>Action(back)</onleft>
				<onright>60</onright>
				<focusposition>2</focusposition>
				<pagecontrol>60</pagecontrol>
				<movement>0</movement>
				<orientation>Vertical</orientation>
				<scrolltime tween="quadratic" easing="out">300</scrolltime>
				<itemlayout height="62" width="1730">
					<control type="label">
						<font>font30</font>
						<align>center</align>
						<textcolor>$VAR[ColorMenuVar]</textcolor>
						<label>$INFO[ListItem.Label]</label>
					</control>
				</itemlayout>
				<focusedlayout height="62" width="1730">
					<control type="image">
						<texture>background.png</texture>
						<colordiffuse>$VAR[ColorMenuVar]</colordiffuse>
					</control>
					<control type="label">
						<font>font30</font>
						<align>center</align>
						<textcolor>$VAR[ColorMenuVar]</textcolor>
						<label>$INFO[ListItem.Label]</label>
					</control>
				</focusedlayout>
				<content>
					<item>
						<label>31221</label>
						<onclick>Dialog.Close(1130)</onclick>
						<onclick>SetProperty(DoAction,True,movieinformation)</onclick>
					</item>
					<item>
						<label>31222</label>
						<onclick>Dialog.Close(1130)</onclick>
						<onclick>RunScript(script.extendedinfo,info=extendedactorinfo,name=$INFO[Window(movieinformation).Property(ActorName)])</onclick>
						<onclick>ClearProperty(ActorID,movieinformation)</onclick>
						<onclick>ClearProperty(ActorName,movieinformation)</onclick>
					</item>
				</content>
			</control>
			<control type="scrollbar" id="60">
				<left>1730</left>
				<width>10</width>
				<height>310</height>
				<onleft>9010</onleft>
				<onright>Action(back)</onright>
				<orientation>vertical</orientation>
				<showonepage>true</showonepage>
			</control>
		</control>
	</controls>
</window>