<?xml version="1.0" encoding="UTF-8"?>
<window id="1121" type="dialog">
	<defaultcontrol always="true">90600</defaultcontrol>
	<coordinates>
		<left>0</left>
		<top>0</top>
		<origin x="60" y="0">true</origin>
	</coordinates>
	<animation type="WindowOpen" reversible="false">
		<effect type="fade" delay="300" end="100" time="300" />
	</animation>
	<controls>
		<control type="group">
			<animation effect="fade" end="0" start="100" time="0" condition="Window.IsVisible(DialogAddonInfo.xml) | Window.IsVisible(DialogAddonSettings.xml) | Window.IsVisible(DialogKeyboard.xml) | Window.IsVisible(DialogNumeric.xml) | Window.IsVisible(DialogConfirm.xml)" reversible="false">Conditional</animation>
			<include content="DialogBackgroundCommonsFake">
				<param name="DialogBackgroundWidth" value="1090" />
				<param name="DialogBackgroundHeight" value="960" />
				<param name="DialogHeaderLabel" value="" />
				<param name="DialogHeaderId" value="1" />
			</include>
			<control type="group" id="9010">
				<left>0</left>
				<top>604</top>
				<control type="wraplist" id="90600">
					<left>-184</left>
					<width>2540</width>
					<height>384</height>
					<onup>Action(back)</onup>
					<ondown>Action(back)</ondown>
					<onleft>9010</onleft>
					<onright>9010</onright>
					<focusposition>3</focusposition>
					<movement>1</movement>
					<orientation>Horizontal</orientation>
					<scrolltime tween="quadratic" easing="out">300</scrolltime>
					<itemlayout height="310" width="310">
						<control type="image">
							<width>310</width>
							<height>310</height>
							<bordersize>6</bordersize>
							<texture>background.png</texture>
							<colordiffuse>$VAR[MenuListColorHighlightVar]</colordiffuse>
						</control>
						<control type="image">
							<visible>String.IsEqual(ListItem.Label, ..)</visible>
							<width>310</width>
							<height>310</height>
							<bordersize>6</bordersize>
							<texture fallback="DefaultFolderBack.png">$INFO[Skin.String(MenuDefaultIconsPath)]back.png</texture>
							<colordiffuse>$VAR[IconColorVar]</colordiffuse>
							<aspectratio align="center" aligny="center">keep</aspectratio>
						</control>
						<control type="image">
							<visible>!String.IsEqual(ListItem.Label, ..)</visible>
							<width>310</width>
							<height>310</height>
							<bordersize>6</bordersize>
							<texture fallback="DefaultAddonSource.png">$INFO[ListItem.Icon]</texture>
							<colordiffuse>$VAR[IconColorVar]</colordiffuse>
							<aspectratio align="center" aligny="center">keep</aspectratio>
						</control>
					</itemlayout>
					<focusedlayout height="310" width="310">
						<control type="image">
							<width>310</width>
							<height>310</height>
							<bordersize>6</bordersize>
							<texture>background.png</texture>
							<colordiffuse>$VAR[ColorMenuVar]</colordiffuse>
						</control>
						<control type="image">
							<visible>String.IsEqual(ListItem.Label, ..)</visible>
							<width>310</width>
							<height>310</height>
							<bordersize>6</bordersize>
							<texture fallback="DefaultFolderBack.png">$INFO[Skin.String(MenuDefaultIconsPath)]back.png</texture>
							<aspectratio align="center" aligny="center">keep</aspectratio>
						</control>
						<control type="image">
							<visible>!String.IsEqual(ListItem.Label, ..)</visible>
							<width>310</width>
							<height>310</height>
							<bordersize>6</bordersize>
							<texture fallback="DefaultAddonSource.png">$INFO[ListItem.Icon]</texture>
							<aspectratio align="center" aligny="center">keep</aspectratio>
						</control>
					</focusedlayout>
					<content>
						<item id="1">
							<icon>$INFO[System.AddonIcon(script.artistslideshow)]</icon>
							<label>31170</label>
							<label2>$INFO[System.AddonVersion(script.artistslideshow)]</label2>
							<onclick condition="System.HasAddon(script.artistslideshow)">Addon.OpenSettings(script.artistslideshow)</onclick>
							<onclick condition="!System.HasAddon(script.artistslideshow)">InstallAddon(script.artistslideshow)</onclick>
						</item>
						<item id="16">
							<icon>$INFO[System.AddonIcon(script.artwork.downloader)]</icon>
							<label>31225</label>
							<label2>$INFO[System.AddonVersion(script.artwork.downloader)]</label2>
							<onclick condition="System.HasAddon(script.artwork.downloader)">Addon.OpenSettings(script.artwork.downloader)</onclick>
							<onclick condition="!System.HasAddon(script.artwork.downloader)">InstallAddon(script.artwork.downloader)</onclick>
						</item>
						<item id="2">
							<icon>$INFO[System.AddonIcon(plugin.program.autocompletion)]</icon>
							<label>31144</label>
							<label2>$INFO[System.AddonVersion(plugin.program.autocompletion)]</label2>
							<onclick condition="System.HasAddon(plugin.program.autocompletion)">Addon.OpenSettings(plugin.program.autocompletion)</onclick>
							<onclick condition="!System.HasAddon(plugin.program.autocompletion)">InstallAddon(plugin.program.autocompletion)</onclick>
						</item>
						<item id="3">
							<icon>$INFO[System.AddonIcon(script.colorbox)]</icon>
							<label>31171</label>
							<label2>$INFO[System.AddonVersion(script.colorbox)]</label2>
							<onclick condition="System.HasAddon(script.colorbox)">Addon.OpenSettings(script.colorbox)</onclick>
							<onclick condition="!System.HasAddon(script.colorbox)">InstallAddon(script.colorbox)</onclick>
						</item>
						<item id="4">
							<icon>$INFO[System.AddonIcon(script.extendedinfo)]</icon>
							<label>31172</label>
							<label2>$INFO[System.AddonVersion(script.extendedinfo)]</label2>
							<onclick condition="System.HasAddon(script.extendedinfo)">Addon.OpenSettings(script.extendedinfo)</onclick>
							<onclick condition="!System.HasAddon(script.extendedinfo)">InstallAddon(script.extendedinfo)</onclick>
						</item>
						<item id="5">
							<icon>$INFO[System.AddonIcon(script.globalsearch)]</icon>
							<label>31173</label>
							<label2>$INFO[System.AddonVersion(script.globalsearch)]</label2>
							<onclick condition="System.HasAddon(script.globalsearch)">Addon.OpenSettings(script.globalsearch)</onclick>
							<onclick condition="!System.HasAddon(script.globalsearch)">InstallAddon(script.globalsearch)</onclick>
						</item>
						<item id="7">
							<icon>$INFO[System.AddonIcon(script.image.resource.select)]</icon>
							<label>31175</label>
							<label2>$INFO[System.AddonVersion(script.image.resource.select)]</label2>
							<onclick condition="System.HasAddon(script.grab.fanart)">Addon.OpenSettings(script.image.resource.select)</onclick>
							<onclick condition="!System.HasAddon(script.grab.fanart)">InstallAddon(script.image.resource.select)</onclick>
						</item>
						<item id="15">
							<icon>$INFO[System.AddonIcon(script.lazytv)]</icon>
							<label>31224</label>
							<label2>$INFO[System.AddonVersion(script.lazytv)]</label2>
							<onclick condition="System.HasAddon(script.lazytv)">Addon.OpenSettings(script.lazytv)</onclick>
							<onclick condition="!System.HasAddon(script.lazytv)">InstallAddon(script.lazytv)</onclick>
						</item>
						<item id="8">
							<icon>$INFO[System.AddonIcon(service.library.data.provider)]</icon>
							<label>31176</label>
							<label2>$INFO[System.AddonVersion(service.library.data.provider)]</label2>
							<onclick condition="System.HasAddon(service.library.data.provider)">Addon.OpenSettings(service.library.data.provider)</onclick>
							<onclick condition="!System.HasAddon(service.library.data.provider)">InstallAddon(service.library.data.provider)</onclick>
						</item>
						<item id="9">
							<icon>$INFO[System.AddonIcon(service.nextup.notification)]</icon>
							<label>31177</label>
							<label2>$INFO[System.AddonVersion(service.nextup.notification)]</label2>
							<onclick condition="System.HasAddon(service.nextup.notification)">Addon.OpenSettings(service.nextup.notification)</onclick>
							<onclick condition="!System.HasAddon(service.nextup.notification)">InstallAddon(service.nextup.notification)</onclick>
						</item>
						<item id="10">
							<icon>$INFO[System.AddonIcon(script.ratingupdate)]</icon>
							<label>31226</label>
							<label2>$INFO[System.AddonVersion(script.ratingupdate)]</label2>
							<onclick condition="System.HasAddon(script.ratingupdate)">Addon.OpenSettings(script.ratingupdate)</onclick>
							<onclick condition="!System.HasAddon(script.ratingupdate)">InstallAddon(script.ratingupdate)</onclick>
						</item>
						<item id="11">
							<icon>$INFO[System.AddonIcon(script.skin.helper.service)]</icon>
							<label>31179</label>
							<label2>$INFO[System.AddonVersion(script.skin.helper.service)]</label2>
							<onclick condition="System.HasAddon(script.skin.helper.service)">Addon.OpenSettings(script.skin.helper.service)</onclick>
							<onclick condition="!System.HasAddon(script.skin.helper.service)">InstallAddon(script.skin.helper.service)</onclick>
						</item>
						<item id="12">
							<icon>$INFO[System.AddonIcon(script.skinshortcuts)]</icon>
							<label>31180</label>
							<label2>$INFO[System.AddonVersion(script.skinshortcuts)]</label2>
							<onclick condition="System.HasAddon(script.skinshortcuts)">Addon.OpenSettings(script.skinshortcuts)</onclick>
							<onclick condition="!System.HasAddon(script.skinshortcuts)">InstallAddon(script.skinshortcuts)</onclick>
						</item>
						<item id="13">
							<icon>$INFO[System.AddonIcon(resource.images.studios.white)]</icon>
							<label>31181</label>
							<label2>$INFO[System.AddonVersion(resource.images.studios.white)]</label2>
							<onclick condition="System.HasAddon(resource.images.studios.white)">Addon.OpenSettings(resource.images.studios.white)</onclick>
							<onclick condition="!System.HasAddon(resource.images.studios.white)">InstallAddon(resource.images.studios.white)</onclick>
						</item>
						<item id="14">
							<icon>$INFO[System.AddonIcon(script.toolbox)]</icon>
							<label>31182</label>
							<label2>$INFO[System.AddonVersion(script.toolbox)]</label2>
							<onclick condition="System.HasAddon(script.toolbox)">Addon.OpenSettings(script.toolbox)</onclick>
							<onclick condition="!System.HasAddon(script.toolbox)">InstallAddon(script.toolbox)</onclick>
						</item>
					</content>
				</control>
			</control>
		</control>
	</controls>
</window>