<?xml version="1.0" encoding="UTF-8"?>
<includes>
	<default type="image">
		<left>0</left>
		<top>0</top>
		<texture>-</texture>
	</default>
	<default type="multiimage">
		<left>0</left>
		<top>0</top>
		<aspectratio align="center">scale</aspectratio>
		<fadetime>FanartCrossfadeTime</fadetime>
		<include>FullscreenDimensions</include>
		<timeperimage>7000</timeperimage>
		<randomize>true</randomize>
	</default>
	<default type="label">
		<left>0</left>
		<top>0</top>
		<align>left</align>
		<aligny>center</aligny>
		<font>font13</font>
		<textcolor>$VAR[ColorMenuVar]</textcolor>
		<selectedcolor>$VAR[MenuListColorHighlightVar]</selectedcolor>
		<focusedcolor>$VAR[ColorMenuVar]</focusedcolor>
		<disabledcolor>disabled</disabledcolor>
		<shadowcolor>$INFO[Skin.String(Text.Shadow.Colour)]</shadowcolor>
		<scroll>false</scroll>
		<scrollspeed>300</scrollspeed>
		<label />
	</default>
	<default type="fadelabel">
		<align>left</align>
		<aligny>center</aligny>
		<left>120</left>
		<top>90</top>
		<font>font13</font>
		<textcolor>$VAR[ColorMenuVar]</textcolor>
		<disabledcolor>disabled</disabledcolor>
		<scrollspeed>40</scrollspeed>
		<shadowcolor>$INFO[Skin.String(Text.Shadow.Colour)]</shadowcolor>
	</default>
	<default type="button">
		<left>0</left>
		<top>0</top>
		<width>450</width>
		<height>60</height>
		<texturefocus>listselect_fo.png</texturefocus>
		<font>font30</font>
		<textcolor>$VAR[ColorMenuVar]</textcolor>
		<focusedcolor>$VAR[ColorMenuVar]</focusedcolor>
		<disabledcolor>disabled</disabledcolor>
		<textoffsetx>0</textoffsetx>
		<align>left</align>
		<aligny>center</aligny>
		<pulseonselect>false</pulseonselect>
		<colordiffuse>$VAR[MenuListColorHighlightVar]</colordiffuse>
		<shadowcolor>$INFO[Skin.String(Text.Shadow.Colour)]</shadowcolor>
	</default>
	<default type="togglebutton">
		<left>0</left>
		<top>0</top>
		<width>30</width>
		<height>60</height>
		<textoffsetx>0</textoffsetx>
		<texturefocus>listselect_fo.png</texturefocus>
		<alttexturefocus>listselect_fo.png</alttexturefocus>
		<textcolor>$VAR[ColorMenuVar]</textcolor>
		<focusedcolor>$VAR[ColorMenuVar]</focusedcolor>
		<disabledcolor>disabled</disabledcolor>
		<label>-</label>
		<align>left</align>
		<aligny>center</aligny>
		<font>font30</font>
		<pulseonselect>false</pulseonselect>
		<colordiffuse>$VAR[ColorMenuVar]</colordiffuse>
		<shadowcolor>$INFO[Skin.String(Text.Shadow.Colour)]</shadowcolor>
	</default>
	<default type="textbox">
		<left>0</left>
		<top>0</top>
		<width>615</width>
		<height>322</height>
		<align>left</align>
		<aligny>top</aligny>
		<textcolor>$VAR[ColorMenuVar]</textcolor>
		<selectedcolor>$VAR[ColorMenuVar]</selectedcolor>
		<font>font15_textbox</font>
		<shadowcolor>$INFO[Skin.String(Text.Shadow.Colour)]</shadowcolor>
	</default>
	<default type="progress">
		<left>0</left>
		<top>0</top>
		<texturebg>background.png</texturebg>
		<lefttexture>-</lefttexture>
		<colordiffuse>$VAR[MenuListColorHighlightVar]</colordiffuse>
		<midtexture>listselect_fo.png</midtexture>
		<righttexture>-</righttexture>
		<overlaytexture>-</overlaytexture>
	</default>
	<default type="spincontrol">
		<left>0</left>
		<top>0</top>
		<textureup colordiffuse="$VAR[ColorMenuVar]">osd/numberpicker_up_normal_holo_dark.png</textureup>
		<texturedown colordiffuse="$VAR[ColorMenuVar]">osd/numberpicker_down_normal_holo_dark.png</texturedown>
		<textureupfocus colordiffuse="$VAR[ColorBackgroundVar]">osd/numberpicker_up_normal_holo_dark.png</textureupfocus>
		<texturedownfocus colordiffuse="$VAR[ColorBackgroundVar]">osd/numberpicker_down_normal_holo_dark.png</texturedownfocus>
		<textureupdisabled colordiffuse="disabled">osd/numberpicker_up_normal_holo_dark.png</textureupdisabled>
		<texturedowndisabled colordiffuse="disabled">osd/numberpicker_down_normal_holo_dark.png</texturedowndisabled>
		<align>right</align>
		<width>40</width>
		<height>25</height>
		<font>font14</font>
		<reverse>yes</reverse>
		<textcolor>$VAR[ColorMenuVar]</textcolor>
		<focusedcolor>$VAR[ColorMenuVar]</focusedcolor>
		<disabledcolor>disabled</disabledcolor>
		<subtype>text</subtype>
		<textoffsetx>0</textoffsetx>
		<textoffsety>0</textoffsety>
		<align>left</align>
		<aligny>center</aligny>
		<pulseonselect>false</pulseonselect>
		<shadowcolor>$INFO[Skin.String(Text.Shadow.Colour)]</shadowcolor>
	</default>
	<default type="spincontrolex">
		<left>0</left>
		<top>0</top>
		<width>450</width>
		<height>60</height>
		<spinwidth>40</spinwidth>
		<spinheight>25</spinheight>
		<texturefocus>listselect_fo.png</texturefocus>
		<textureup colordiffuse="$VAR[ColorMenuVar]">osd/numberpicker_up_normal_holo_dark.png</textureup>
		<texturedown colordiffuse="$VAR[ColorMenuVar]">osd/numberpicker_down_normal_holo_dark.png</texturedown>
		<textureupfocus colordiffuse="$VAR[ColorBackgroundVar]">osd/numberpicker_up_normal_holo_dark.png</textureupfocus>
		<texturedownfocus colordiffuse="$VAR[ColorBackgroundVar]">osd/numberpicker_down_normal_holo_dark.png</texturedownfocus>
		<textureupdisabled colordiffuse="disabled">osd/numberpicker_up_normal_holo_dark.png</textureupdisabled>
		<texturedowndisabled colordiffuse="disabled">osd/numberpicker_down_normal_holo_dark.png</texturedowndisabled>
		<font>font14</font>
		<textcolor>$VAR[ColorMenuVar]</textcolor>
		<focusedcolor>$VAR[ColorMenuVar]</focusedcolor>
		<disabledcolor>disabled</disabledcolor>
		<invalidcolor>invalid</invalidcolor>
		<textoffsetx>0</textoffsetx>
		<align>left</align>
		<aligny>center</aligny>
		<reverse>yes</reverse>
		<pulseonselect>false</pulseonselect>
		<colordiffuse>$VAR[MenuListColorHighlightVar]</colordiffuse>
		<shadowcolor>$INFO[Skin.String(Text.Shadow.Colour)]</shadowcolor>
	</default>
	<default type="radiobutton">
		<left>0</left>
		<top>0</top>
		<width>450</width>
		<height>60</height>
		<radiowidth />
		<radioheight />
		<texturefocus>listselect_fo.png</texturefocus>
		<label>215</label>
		<font>font14</font>
		<textcolor>$VAR[ColorMenuVar]</textcolor>
		<focusedcolor>$VAR[ColorMenuVar]</focusedcolor>
		<disabledcolor>disabled</disabledcolor>
		<textoffsetx>0</textoffsetx>
		<align>left</align>
		<aligny>center</aligny>
		<pulseonselect>false</pulseonselect>
		<colordiffuse>$VAR[MenuListColorHighlightVar]</colordiffuse>
		<shadowcolor>$INFO[Skin.String(Text.Shadow.Colour)]</shadowcolor>
	</default>
	<default type="slider">
		<left>0</left>
		<top>0</top>
		<controloffsetx>75</controloffsetx>
		<controloffsety>0</controloffsety>
	</default>
	<default type="sliderex">
		<left>0</left>
		<top>0</top>
		<height>60</height>
		<texturefocus colordiffuse="$VAR[MenuListColorHighlightVar]">listselect_fo.png</texturefocus>
		<sliderwidth>150</sliderwidth>
		<sliderheight>20</sliderheight>
		<texturesliderbar colordiffuse="$VAR[MenuListColorHighlightVar]">osd_slider_bg.png</texturesliderbar>
		<textureslidernib colordiffuse="$VAR[MenuListColorHighlightVar]">osd_slider_nibNF.png</textureslidernib>
		<textureslidernibfocus>osd_slider_nib.png</textureslidernibfocus>
		<font>font14</font>
		<textcolor>$VAR[ColorMenuVar]</textcolor>
		<focusedcolor>$VAR[ColorMenuVar]</focusedcolor>
		<disabledcolor>disabled</disabledcolor>
		<invalidcolor>invalid</invalidcolor>
		<pulseonselect>false</pulseonselect>
		<align>left</align>
		<aligny>center</aligny>
		<shadowcolor>$INFO[Skin.String(Text.Shadow.Colour)]</shadowcolor>
	</default>
	<default type="mover">
		<left>0</left>
		<top>0</top>
		<texturefocus colordiffuse="$VAR[ColorHighlightVar]">listselect_fo.png</texturefocus>
		<pulseonselect>false</pulseonselect>
		<shadowcolor>$INFO[Skin.String(Text.Shadow.Colour)]</shadowcolor>
	</default>
	<default type="resize">
		<left>0</left>
		<top>0</top>
		<texturefocus colordiffuse="$VAR[ColorHighlightVar]">listselect_fo.png</texturefocus>
		<pulseonselect>false</pulseonselect>
	</default>
	<default type="edit">
		<left>0</left>
		<top>0</top>
		<width>450</width>
		<height>60</height>
		<texturefocus colordiffuse="$VAR[ColorHighlightVar]">listselect_fo.png</texturefocus>
		<font>font14</font>
		<textcolor>$VAR[ColorMenuVar]</textcolor>
		<focusedcolor>$VAR[ColorMenuVar]</focusedcolor>
		<disabledcolor>disabled</disabledcolor>
		<invalidcolor>invalid</invalidcolor>
		<textoffsetx>0</textoffsetx>
		<align>left</align>
		<aligny>center</aligny>
		<pulseonselect>false</pulseonselect>
		<shadowcolor>$INFO[Skin.String(Text.Shadow.Colour)]</shadowcolor>
	</default>
	<default type="group">
		<left>0</left>
		<top>0</top>
	</default>
	<default type="grouplist">
		<left>0</left>
		<top>0</top>
		<align>left</align>
		<itemgap>0</itemgap>
	</default>
	<default type="scrollbar">
		<texturesliderbackground colordiffuse="$VAR[MenuListColorHighlightVar]">background.png</texturesliderbackground>
		<texturesliderbar colordiffuse="$VAR[MenuListColorHighlightVar]">background.png</texturesliderbar>
		<texturesliderbarfocus colordiffuse="$VAR[ColorMenuVar]">background.png</texturesliderbarfocus>
		<showonepage>false</showonepage>
	</default>
</includes>