<?xml version="1.0" encoding="UTF-8"?>
<window>
	<defaultcontrol>60</defaultcontrol>
	<controls>
		<control type="group">
			<top>110</top>
			<left>280</left>
			<include>dialogeffect</include>
			<control type="group">
				<include content="DialogBackgroundCommons">
					<param name="DialogBackgroundWidth" value="1360" />
					<param name="DialogBackgroundHeight" value="860" />
					<param name="DialogHeaderLabel" value="" />
					<param name="DialogHeaderId" value="1" />
				</include>
			</control>
			<control type="textbox" id="5">
				<description>textarea</description>
				<left>40</left>
				<top>100</top>
				<width>1260</width>
				<height>720</height>
				<font>font15_textbox</font>
				<pagecontrol>60</pagecontrol>
			</control>
			<control type="scrollbar" id="60">
				<left>1330</left>
				<top>100</top>
				<width>10</width>
				<height>720</height>
				<ondown>60</ondown>
				<onup>60</onup>
				<orientation>vertical</orientation>
			</control>
		</control>
	</controls>
</window>