<?xml version="1.0" encoding="UTF-8"?>
<window type="dialog">
	<defaultcontrol always="true">120</defaultcontrol>
	<onload>SetFocus(9000,9)</onload>
	<onload>SetFocus(150)</onload>
	<onload>SendClick(150)</onload>
	<onunload>ClearProperty(RefreshItem,Home)</onunload>
	<coordinates>
		<left>0</left>
		<top>0</top>
		<origin x="0" y="0">true</origin>
	</coordinates>
	<animation type="WindowOpen" reversible="false">
		<effect type="fade" delay="300" end="100" time="300" />
	</animation>
	<controls>
		<include>VideoButtonsGroup</include>
		<control type="group" id="97631">
			<animation effect="slide" tween="cubic" time="600" start="0,700" end="0,0" reversible="false">WindowOpen</animation>
			<animation effect="slide" tween="cubic" time="300" start="0,0" end="0,700" reversible="false">WindowClose</animation>
			<animation effect="slide" tween="cubic" time="600" start="0,700" end="0,0" reversible="false">Visible</animation>
			<animation effect="slide" tween="cubic" time="300" start="0,0" end="0,700" reversible="false">Hidden</animation>

			<animation effect="slide" time="300" delay="0" start="0" end="0,483" tween="cubic" reversible="true" condition="!Window.IsVisible(DialogButtonMenu.xml) + !Window.IsVisible(DialogKeyboard.xml) + !Window.IsVisible(DialogNumeric.xml) + !Window.IsVisible(DialogSubtitles.xml) + !Window.IsVisible(DialogSettings.xml) + !Window.IsVisible(FileBrowser.xml) + !Window.IsVisible(DialogContextMenu.xml) + !Window.IsVisible(DialogSelect.xml) + [Integer.IsLessOrEqual(System.CurrentControlID, 6002) | Integer.IsGreaterOrEqual(System.CurrentControlID, 9050)] + !String.StartsWith(System.CurrentControlID, 8011) + [[String.IsEqual(Container(9000).ListItem.Property(widget),weather) + Weather.IsFetched] | [!Control.IsVisible(12345) + !String.IsEqual(Container(9000).ListItem.Property(widget),weather) + !String.IsEmpty(Container(9000).ListItem.Property(widgetName))]]">Conditional</animation>
			
			<animation effect="slide" time="300" delay="0" start="0" end="0,163" tween="cubic" reversible="true" condition="!Window.IsVisible(DialogButtonMenu.xml) + !Window.IsVisible(DialogKeyboard.xml) + !Window.IsVisible(DialogNumeric.xml) + !Window.IsVisible(DialogSubtitles.xml) + !Window.IsVisible(DialogSettings.xml) + !Window.IsVisible(FileBrowser.xml) + !Window.IsVisible(DialogContextMenu.xml) + !Window.IsVisible(DialogSelect.xml) + [Integer.IsLessOrEqual(System.CurrentControlID, 6002) | Integer.IsGreaterOrEqual(System.CurrentControlID, 9050)] + !String.StartsWith(System.CurrentControlID, 8011) + [String.IsEmpty(Container(9000).ListItem.Property(widgetName))]">Conditional</animation>

			<control type="group">
				<include>HomeDefault</include>
			</control>
			<control type="group">
				<left>-140</left>
				<top>195</top>
				<include>MenuHome3D</include>
			</control>
        </control>
		<control type="group" id="97633">
			<animation effect="slide" tween="cubic" time="600" start="0,700" end="0,0" reversible="false">WindowOpen</animation>
			<animation effect="slide" tween="cubic" time="300" start="0,0" end="0,700" reversible="false">WindowClose</animation>
			<animation effect="slide" tween="cubic" time="600" start="0,700" end="0,0" reversible="false">Visible</animation>
			<animation effect="slide" tween="cubic" time="300" start="0,0" end="0,700" reversible="false">Hidden</animation>
			<animation effect="fade" start="100" end="0" time="0" reversible="false" condition="Window.IsActive(DialogSettings.xml) | Window.IsActive(DialogSelect.xml) | Window.IsActive(FileBrowser.xml) | [ControlGroup(97631).HasFocus + String.Contains(Window.Property(xmlfile), etting)]">conditional</animation>
			<animation effect="fade" start="0" end="100" time="200" reversible="false" condition="!Window.IsActive(DialogSettings.xml) + !Window.IsActive(DialogSelect.xml) + !Window.IsActive(FileBrowser.xml) | [!ControlGroup(97631).HasFocus + String.Contains(Window.Property(xmlfile), etting)]">conditional</animation>
				<left>60</left>
				<top>604</top>
			<include content="DialogBackgroundCommonsFake">
				<param name="DialogBackgroundWidth" value="1090" />
				<param name="DialogBackgroundHeight" value="960" />
				<param name="DialogHeaderLabel" value="" />
				<param name="DialogHeaderId" value="100" />
			</include>
			<control type="group">
				<control type="image" id="110">
					<width>340</width>
					<height>62</height>
					<aspectratio align="left">keep</aspectratio>
				</control>
				<control type="label" id="140">
					<left>40</left>
					<top>640</top>
					<width>900</width>
					<height>48</height>
					<font>font30</font>
					<visible>false</visible>
				</control>
				<control type="label">
					<top>248</top>
					<width>340</width>
					<height>62</height>
					<align>left</align>
					<font>font30</font>
					<label>$INFO[Container(120).NumItems,[B], $LOCALIZE[31025][/B] ][COLOR $VAR[ColorHighlightVar]]$INFO[Container(120).CurrentPage]$INFO[Container(120).NumPages,/][/COLOR]</label>
					<visible>!String.IsEmpty(Container(120).ListItem.Label)</visible>
				</control>
				<control type="group" id="130">
					<control type="grouplist">
						<left>-340</left>
						<width>1</width>
						<height>62</height>
						<align>left</align>
						<orientation>horizontal</orientation>
						<itemgap>0</itemgap>
						<control type="label" id="1401">
							<height>48</height>
							<label>$LOCALIZE[31413]</label>
							<font>font30</font>
						</control>
					</control>
				</control>
			</control>
			<control type="list" id="120">
				<left>340</left>
				<top>0</top>
				<width>1390</width>
				<height>310</height>
				<onleft>150</onleft>
				<onright>121</onright>
				<onup>120</onup>
				<ondown>120</ondown>
				<pagecontrol>121</pagecontrol>
				<scrolltime tween="quadratic" easing="out">200</scrolltime>
				<itemlayout width="1390" height="62">
					<control type="image">
						<width>62</width>
						<texture>$INFO[ListItem.Art(thumb),flags/subtitles/flags/,.png]</texture>
					</control>
					<control type="label">
						<top>0</top>
						<left>62</left>
						<width>62</width>
						<height>31</height>
						<label>SYNC</label>
						<font>IconCC</font>
						<visible>ListItem.property(sync)</visible>
					</control>
					<control type="label">
						<left>62</left>
						<top>31</top>
						<width>62</width>
						<height>31</height>
						<label>CC</label>
						<font>IconCC</font>
						<visible>ListItem.property(hearing_imp)</visible>
					</control>
					<control type="label">
						<left>124</left>
						<width>1116</width>
						<font>font30</font>
						<label>$INFO[ListItem.Label2,, ]$INFO[ListItem.Label]</label>
						<visible>!ListItem.property(sync) + !ListItem.property(hearing_imp)</visible>
					</control>
					<control type="label">
						<left>124</left>
						<width>1116</width>
						<font>font30</font>
						<label>$INFO[ListItem.Label2]$INFO[ListItem.Label]</label>
						<visible>ListItem.property(sync) | ListItem.property(hearing_imp)</visible>
					</control>
					<control type="image">
						<left>1240</left>
						<width>150</width>
						<aspectratio>keep</aspectratio>
						<texture>$INFO[ListItem.ActualIcon,rating,.png]</texture>
						<colordiffuse>$VAR[ColorTextVar]</colordiffuse>
					</control>
				</itemlayout>
				<focusedlayout width="1390" height="62">
					<control type="image">
						<texture>listselect_fo.png</texture>
						<colordiffuse>$VAR[ListColorHighlightVar]</colordiffuse>
						<include>VisibleFadeEffect</include>
						<visible>Control.HasFocus(120)</visible>
					</control>
					<control type="image">
						<width>62</width>
						<texture>$INFO[ListItem.Art(thumb),flags/subtitles/flags/,.png]</texture>
					</control>
					<control type="label">
						<top>0</top>
						<left>62</left>
						<width>62</width>
						<height>31</height>
						<label>SYNC</label>
						<font>IconCC</font>
						<visible>ListItem.property(sync)</visible>
					</control>
					<control type="label">
						<left>62</left>
						<top>31</top>
						<width>62</width>
						<height>31</height>
						<label>CC</label>
						<font>IconCC</font>
						<visible>ListItem.property(hearing_imp)</visible>
					</control>
					<control type="label">
						<left>124</left>
						<width>1116</width>
						<font>font30</font>
						<scroll>true</scroll>
						<label>$INFO[ListItem.Label2,, ]$INFO[ListItem.Label]</label>
						<visible>!ListItem.property(sync) + !ListItem.property(hearing_imp)</visible>
					</control>
					<control type="label">
						<left>124</left>
						<width>1116</width>
						<font>font30</font>
						<scroll>true</scroll>
						<label>$INFO[ListItem.Label2]$INFO[ListItem.Label]</label>
						<visible>ListItem.property(sync) | ListItem.property(hearing_imp)</visible>
					</control>
					<control type="image">
						<left>1240</left>
						<width>150</width>
						<aspectratio>keep</aspectratio>
						<texture>$INFO[ListItem.ActualIcon,rating,.png]</texture>
						<colordiffuse>$VAR[ColorTextVar]</colordiffuse>
					</control>
				</focusedlayout>
			</control>
			<control type="scrollbar" id="121">
				<left>1730</left>
				<top>0</top>
				<width>10</width>
				<height>310</height>
				<onup>121</onup>
				<ondown>121</ondown>
				<onleft>120</onleft>
				<onright>9000</onright>
				<orientation>vertical</orientation>
			</control>
			<control type="group">
				<control type="list" id="150">
					<left>0</left>
					<top>62</top>
					<width>340</width>
					<height>124</height>
					<onleft>9000</onleft>
					<onright>120</onright>
					<onup>160</onup>
					<ondown>160</ondown>
					<viewtype label="535">list</viewtype>
					<scrolltime tween="quadratic" easing="out">200</scrolltime>
					<itemlayout width="340" height="62">
						<control type="label">
							<font>font30</font>
							<label>$INFO[ListItem.Label]</label>
						</control>
					</itemlayout>
					<focusedlayout width="340" height="62">
						<control type="image">
							<texture>listselect_fo.png</texture>
							<colordiffuse>$VAR[MenuListColorHighlightVar]</colordiffuse>
							<include>VisibleFadeEffect</include>
							<visible>Control.HasFocus(150)</visible>
						</control>
						<control type="label">
							<font>font30</font>
							<label>$INFO[ListItem.Label]</label>
						</control>
					</focusedlayout>
				</control>
				<control type="button" id="160">
					<description>Manual Button</description>
					<top>186</top>
					<left>0</left>
					<width>340</width>
					<height>62</height>
					<label>$LOCALIZE[24120]</label>
					<font>font30</font>
					<onleft>9000</onleft>
					<onright>120</onright>
					<onup>150</onup>
					<ondown>150</ondown>
				</control>
			</control>
		</control>
	</controls>
</window>