<?xml version="1.0" encoding="UTF-8"?>
<window>
	<defaultcontrol always="true">21</defaultcontrol>
	<coordinates>
		<left>0</left>
		<top>0</top>
		<origin x="60" y="0">true</origin>
	</coordinates>
	<animation type="WindowOpen" reversible="false">
		<effect type="fade" delay="300" end="100" time="300" />
	</animation>
	<controls>
		<control type="group">
			<include content="DialogBackgroundCommonsFake">
				<param name="DialogBackgroundWidth" value="1320" />
				<param name="DialogBackgroundHeight" value="552" />
				<param name="DialogHeaderLabel" value="-" />
				<param name="DialogHeaderId" value="1" />
			</include>
			<control type="label" id="4">
				<animation effect="slide" start="0" end="17" time="0" tween="cubic" easing="inout" reversible="true" condition="!Window.IsActive(virtualkeyboard)">Conditional</animation>
				<left>40</left>
				<top>536</top>
				<width>1715</width>
				<height>45</height>
				<font>topbar</font>
				<align>left</align>
				<aligny>center</aligny>
			</control>
			<control type="group">
				<animation effect="slide" start="0" end="660" time="0" tween="cubic" easing="inout" reversible="true" condition="!Window.IsActive(virtualkeyboard)">Conditional</animation>
				<left>0</left>
				<top>604</top>
				<width>482</width>
				<height>310</height>
				<!-- Row 1 -->
				<control type="grouplist">
					<itemgap>2</itemgap>
					<orientation>horizontal</orientation>
					<control type="button" id="11">
						<label>12311</label>
						<onup>23</onup>
						<ondown>14</ondown>
						<include>Objects_NumericSingleKeyOff</include>
					</control>
					<control type="button" id="12">
						<label>12312</label>
						<onup>10</onup>
						<ondown>15</ondown>
						<include>Objects_NumericSingleKeyOff</include>
					</control>
					<control type="button" id="13">
						<label>12313</label>
						<onup>21</onup>
						<ondown>16</ondown>
						<include>Objects_NumericSingleKeyOff</include>
					</control>
				</control>
				<control type="grouplist">
					<itemgap>2</itemgap>
					<orientation>horizontal</orientation>
					<top>62</top>
					<control type="button" id="14">
						<label>12314</label>
						<onup>11</onup>
						<ondown>17</ondown>
						<include>Objects_NumericSingleKeyOff</include>
					</control>
					<control type="button" id="15">
						<label>12315</label>
						<onup>12</onup>
						<ondown>18</ondown>
						<include>Objects_NumericSingleKeyOff</include>
					</control>
					<control type="button" id="16">
						<label>12316</label>
						<onup>13</onup>
						<ondown>19</ondown>
						<include>Objects_NumericSingleKeyOff</include>
					</control>
				</control>
				<control type="grouplist">
					<itemgap>2</itemgap>
					<orientation>horizontal</orientation>
					<top>124</top>
					<control type="button" id="17">
						<label>12317</label>
						<onup>14</onup>
						<ondown>20</ondown>
						<include>Objects_NumericSingleKeyOff</include>
					</control>
					<control type="button" id="18">
						<label>12318</label>
						<onup>15</onup>
						<ondown>10</ondown>
						<include>Objects_NumericSingleKeyOff</include>
					</control>
					<control type="button" id="19">
						<label>12319</label>
						<onup>16</onup>
						<ondown>22</ondown>
						<include>Objects_NumericSingleKeyOff</include>
					</control>
				</control>
				<control type="grouplist">
					<itemgap>2</itemgap>
					<orientation>horizontal</orientation>
					<top>186</top>
					<control type="button" id="20">
						<label>&lt;</label>
						<onup>17</onup>
						<ondown>23</ondown>
						<include>Objects_NumericSingleKeyOff</include>
					</control>
					<control type="button" id="10">
						<label>12310</label>
						<onup>18</onup>
						<ondown>21</ondown>
						<include>Objects_NumericSingleKeyOff</include>
					</control>
					<control type="button" id="22">
						<label>&gt;</label>
						<onup>19</onup>
						<ondown>21</ondown>
						<include>Objects_NumericSingleKeyOff</include>
					</control>
				</control>
				<control type="grouplist">
					<itemgap>2</itemgap>
					<orientation>horizontal</orientation>
					<top>248</top>
					<control type="button" id="23">
						<label></label>
						<onup>20</onup>
						<ondown>11</ondown>
						<width>239</width>
						<textwidth>190</textwidth>
						<font>IconSmall</font>
						<include>Objects_NumericSingleKeyOff</include>
					</control>
					<control type="button" id="21">
						<label>186</label>
						<onup>22</onup>
						<ondown>13</ondown>
						<width>239</width>
						<textwidth>160</textwidth>
						<include>Objects_NumericSingleKeyOff</include>
					</control>
				</control>
			</control>
		</control>
	</controls>
</window>