<?xml version="1.0" encoding="UTF-8"?>
<window>
	<onload>Dialog.Close(146,true)</onload>
	<defaultcontrol always="true">9</defaultcontrol>
	<coordinates>
		<left>0</left>
		<top>0</top>
		<origin x="60" y="0">true</origin>
	</coordinates>
	<animation type="WindowOpen" reversible="false">
		<effect type="fade" delay="300" end="100" time="300" />
	</animation>
	<controls>
		<control type="group">
            <animation effect="fade" end="0" start="100" time="0" condition="Window.IsVisible(DialogKeyboard.xml) | Window.IsVisible(DialogNumeric.xml) | Window.IsVisible(DialogSelect.xml) | Window.IsVisible(DialogConfirm.xml) | Window.IsVisible(FileBrowser.xml) | Window.IsVisible(DialogButtonMenu.xml)" reversible="false">Conditional</animation>
			<left>0</left>
			<top>604</top>
			<include content="DialogBackgroundCommonsFake">
				<param name="DialogBackgroundWidth" value="1346" />
				<param name="DialogBackgroundHeight" value="680" />
				<param name="DialogHeaderLabel" value="-" />
				<param name="DialogHeaderId" value="20" />
			</include>
			<!-- left group -->
			<control type="grouplist" id="9">
				<left>70</left>
				<width>340</width>
				<height>310</height>
				<onup>9</onup>
				<ondown>9</ondown>
				<onleft>59</onleft>
				<onright>2</onright>
				<orientation>Vertical</orientation>
				<align>left</align>
				<scrolltime tween="quadratic" easing="out">300</scrolltime>
				<pagecontrol>59</pagecontrol>
			</control>
			<!-- right group -->
			<control type="group">
				<control type="grouplist" id="2">
					<description>control area</description>
					<left>410</left>
					<width>1320</width>
					<height>310</height>
					<itemgap>0</itemgap>
					<pagecontrol>60</pagecontrol>
					<onleft>9</onleft>
					<onright>60</onright>
					<onup>2</onup>
					<ondown>2</ondown>
					<scrolltime tween="cubic" easing="out">500</scrolltime>
					<align>left</align>
				</control>
				<control type="scrollbar" id="60">
					<left>1730</left>
					<width>10</width>
					<height>310</height>
					<onleft>2</onleft>
					<onright>Action(back)</onright>
					<ondown>60</ondown>
					<onup>60</onup>
					<showonepage>true</showonepage>
				</control>
				<control type="scrollbar" id="59">
					<onleft>111</onleft>
					<onright>9</onright>
					<ondown>59</ondown>
					<onup>59</onup>
					<left>60</left>
					<width>10</width>
					<height>310</height>
					<showonepage>true</showonepage>
				</control>
			</control>
			<!-- button group -->
			<!-- button group -->
			<control type="button" id="111">
				<description>OK Button</description>
				<left>-30</left>
				<width>62</width>
				<height>62</height>
				<label></label>
				<align>center</align>
				<font>IconButton</font>
				<onclick>SendClick(10)</onclick>
				<onup>113</onup>
				<ondown>112</ondown>
				<onleft>Action(back)</onleft>
				<onright>59</onright>
				<texturefocus/>
				<focusedcolor>$VAR[MenuListColorHighlightVar]</focusedcolor>
			</control>
			<control type="button" id="112">
				<description>Cancel Button</description>
				<left>-30</left>
				<top>62</top>
				<width>62</width>
				<height>62</height>
				<label></label>
				<align>center</align>
				<font>IconButton</font>
				<onclick>SendClick(11)</onclick>
				<onup>111</onup>
				<ondown>113</ondown>
				<onleft>Action(back)</onleft>
				<onright>59</onright>
				<texturefocus/>
				<focusedcolor>$VAR[MenuListColorHighlightVar]</focusedcolor>
			</control>
			<control type="button" id="113">
				<description>Defaults Button</description>
				<left>-30</left>
				<top>124</top>
				<width>62</width>
				<height>62</height>
				<label></label>
				<align>center</align>
				<font>IconButton</font>
				<onclick>SendClick(12)</onclick>
				<onup>112</onup>
				<ondown>111</ondown>
				<onleft>Action(back)</onleft>
				<onright>59</onright>
				<texturefocus/>
				<focusedcolor>$VAR[MenuListColorHighlightVar]</focusedcolor>
			</control>
			<control type="button" id="13">
				<description>Default Category Button</description>
				<height>62</height>
				<width>340</width>
				<align>left</align>
				<aligny>center</aligny>
				<font>font30</font>
				<textoffsetx>0</textoffsetx>
				<textcolor>$VAR[ColorTextVar]</textcolor>
			</control>
			<control type="button" id="3">
				<description>Default Button</description>
				<width>1320</width>
				<height>62</height>
				<font>font30</font>
				<align>left</align>
				<aligny>center</aligny>
				<textcolor>$VAR[ColorTextVar]</textcolor>
				<focusedcolor>$VAR[ColorTextVar]</focusedcolor>
			</control>
			<control type="radiobutton" id="4">
				<description>Default RadioButton</description>
				<width>1320</width>
				<height>62</height>
				<font>font30</font>
				<textcolor>$VAR[ColorTextVar]</textcolor>
				<focusedcolor>$VAR[ColorTextVar]</focusedcolor>
				<textwidth>880</textwidth>
			</control>
			<control type="spincontrolex" id="5">
				<description>Default spincontrolex</description>
				<width>1320</width>
				<height>62</height>
				<textcolor>$VAR[ColorTextVar]</textcolor>
				<focusedcolor>$VAR[ColorTextVar]</focusedcolor>
				<font>font30</font>
				<aligny>center</aligny>
				<reverse>yes</reverse>
			</control>
			<control type="image" id="6">
				<description>Default Separator</description>
				<width>1320</width>
				<height>1</height>
				<visible>false</visible>
			</control>
			<control type="label" id="7">
				<width>1320</width>
				<height>62</height>
				<font>font30</font>
				<align>left</align>
				<aligny>center</aligny>
				<label />
			</control>
			<control type="sliderex" id="8">
				<description>Default Slider</description>
				<width>1320</width>
				<height>62</height>
				<align>left</align>
				<aligny>center</aligny>
				<font>font30</font>
			</control>
		</control>
	</controls>
</window>