<?xml version="1.0" encoding="UTF-8"?>
<window>
	<defaultcontrol>60</defaultcontrol>
	<coordinates>
		<left>0</left>
		<top>0</top>
		<origin x="60" y="0">true</origin>
	</coordinates>
	<animation type="WindowOpen" reversible="false">
		<effect type="fade" delay="300" end="100" time="300" />
	</animation>
	<controls>
		<control type="group">
            <animation effect="fade" end="0" start="100" time="0" condition="Window.IsVisible(DialogContextMenu.xml) | Window.IsVisible(DialogKeyboard.xml) | Window.IsVisible(DialogNumeric.xml) | Window.IsVisible(DialogConfirm.xml) | Window.IsVisible(FileBrowser.xml) | Window.IsVisible(DialogButtonMenu.xml)" reversible="true">Conditional</animation>
			<include content="DialogBackgroundCommonsFake">
				<param name="DialogBackgroundWidth" value="1090" />
				<param name="DialogBackgroundHeight" value="960" />
				<param name="DialogHeaderLabel" value="" />
				<param name="DialogHeaderId" value="1" />
			</include>
			<control type="label">
				<left>57</left>
				<top>536</top>
				<width>1715</width>
				<height>45</height>
				<font>topbar</font>
				<align>left</align>
				<aligny>center</aligny>
				<textcolor>$VAR[ColorMenuVar]</textcolor>
				<label>$INFO[Control.GetLabel(1),[B],[/B] ]$INFO[Container(6).ListItem.Label]$INFO[Container(3).ListItem.Label]</label>
			</control>
			<control type="group">
				<left>0</left>
				<top>604</top>
				<control type="textbox" id="5">
					<description>textarea</description>
					<width>1730</width>
					<height>310</height>
					<font>font15_textbox</font>
					<pagecontrol>60</pagecontrol>
				</control>
				<control type="scrollbar" id="60">
					<left>1730</left>
					<width>10</width>
					<height>310</height>
					<onleft>Action(back)</onleft>
					<onright>Action(back)</onright>
					<orientation>vertical</orientation>
					<showonepage>true</showonepage>
				</control>
			</control>
		</control>
	</controls>
</window>