<?xml version="1.0" encoding="UTF-8"?>
<window>
	<defaultcontrol always="true">450</defaultcontrol>
	<allowoverlay>no</allowoverlay>
	<coordinates>
		<left>0</left>
		<top>0</top>
		<origin x="60" y="0">true</origin>
	</coordinates>
	<animation type="WindowOpen" reversible="false">
		<effect type="fade" delay="300" end="100" time="300" />
	</animation>
	<controls>
		<control type="group">
            <animation effect="fade" end="0" start="100" time="0" condition="Window.IsVisible(DialogContextMenu.xml) | Window.IsVisible(DialogKeyboard.xml) | Window.IsVisible(DialogNumeric.xml) | Window.IsVisible(DialogConfirm.xml) | Window.IsVisible(FileBrowser.xml) | Window.IsVisible(DialogButtonMenu.xml)" reversible="false">Conditional</animation>
			<include content="DialogBackgroundCommonsFake">
				<param name="DialogBackgroundWidth" value="1090" />
				<param name="DialogBackgroundHeight" value="960" />
				<param name="DialogHeaderLabel" value="" />
				<param name="DialogHeaderId" value="1" />
			</include>
			<control type="label">
				<left>57</left>
				<top>536</top>
				<width>1715</width>
				<height>45</height>
				<font>topbar</font>
				<align>left</align>
				<aligny>center</aligny>
				<textcolor>$VAR[ColorMenuVar]</textcolor>
				<label>$INFO[Container(450).ListItem.Label,[B],[/B] ]$INFO[Container(450).ListItem.Label2]</label>
			</control>
			<control type="group" id="9990">
				<left>0</left>
				<top>604</top>
				<control type="wraplist" id="450">
					<left>-184</left>
					<width>2540</width>
					<height>384</height>
					<onup>Action(back)</onup>
					<ondown>Action(back)</ondown>
					<onleft>9010</onleft>
					<onright>9010</onright>
					<focusposition>3</focusposition>
					<movement>1</movement>
					<orientation>Horizontal</orientation>
					<scrolltime tween="quadratic" easing="out">300</scrolltime>
					<itemlayout height="310" width="310">
						<control type="image">
							<width>310</width>
							<height>310</height>
							<bordersize>6</bordersize>
							<texture>background.png</texture>
							<colordiffuse>$VAR[MenuListColorHighlightVar]</colordiffuse>
						</control>
						<control type="image">
							<visible>String.IsEqual(ListItem.Label, ..)</visible>
							<width>310</width>
							<height>310</height>
							<bordersize>6</bordersize>
							<texture fallback="DefaultFolderBack.png">special://skin/extras/icons/DefaultFolderBack.png</texture>
							<colordiffuse>$VAR[IconColorVar]</colordiffuse>
							<aspectratio align="center" aligny="center">keep</aspectratio>
						</control>
						<control type="image">
							<visible>!String.IsEqual(ListItem.Label, ..)</visible>
							<width>310</width>
							<height>310</height>
							<bordersize>6</bordersize>
							<texture fallback="DefaultAddonSource.png">$INFO[ListItem.Icon]</texture>
							<colordiffuse>$VAR[IconColorVar]</colordiffuse>
							<aspectratio align="center" aligny="center">keep</aspectratio>
						</control>
					</itemlayout>
					<focusedlayout height="310" width="310">
						<control type="image">
							<width>310</width>
							<height>310</height>
							<bordersize>6</bordersize>
							<texture>background.png</texture>
							<colordiffuse>$VAR[ColorMenuVar]</colordiffuse>
						</control>
						<control type="image">
							<visible>String.IsEqual(ListItem.Label, ..)</visible>
							<width>310</width>
							<height>310</height>
							<bordersize>6</bordersize>
							<texture fallback="DefaultFolderBack.png">special://skin/extras/icons/DefaultFolderBack.png</texture>
							<aspectratio align="center" aligny="center">keep</aspectratio>
						</control>
						<control type="image">
							<visible>!String.IsEqual(ListItem.Label, ..)</visible>
							<width>310</width>
							<height>310</height>
							<bordersize>6</bordersize>
							<texture fallback="DefaultAddonSource.png">$INFO[ListItem.Icon]</texture>
							<aspectratio align="center" aligny="center">keep</aspectratio>
						</control>
						<!--
						<control type="label">
							<visible>!Window.IsVisible(MyWeather.xml)</visible>
							<visible>!Window.IsVisible(script-skinshortcuts.xml)</visible>
							<animation effect="slide" time="0" start="0,0" end="0,-220">Focus</animation>
							<font>IconBig</font>
							<align>center</align>
							<textcolor>$VAR[ColorMenuVar]</textcolor>
							<label>$VAR[DialogSelectItemLabel1]</label>
							<bordersize>6</bordersize>
						</control>
						<control type="label">
							<visible>!Window.IsVisible(MyWeather.xml)</visible>
							<visible>!Window.IsVisible(script-skinshortcuts.xml)</visible>
							<animation effect="slide" time="0" start="0,0" end="0,-202">Focus</animation>
							<font>IconLarge</font>
							<align>center</align>
							<textcolor>$VAR[MenuListColorHighlightVar]</textcolor>
							<label>$VAR[DialogSelectItemLabel2]</label>
							<bordersize>6</bordersize>
						</control>
						-->
					</focusedlayout>
				</control>
			</control>
		</control>
	</controls>
</window>