<?xml version="1.0" encoding="UTF-8"?>
<window>
	<defaultcontrol>5</defaultcontrol>
	<coordinates>
		<left>0</left>
		<top>0</top>
		<origin x="60" y="0">true</origin>
	</coordinates>
	<animation type="WindowOpen" reversible="false">
		<effect type="fade" delay="300" end="100" time="300" />
	</animation>
	<controls>
		<control type="group">
            <animation effect="fade" end="0" start="100" time="0" condition="Window.IsVisible(DialogContextMenu.xml) | Window.IsVisible(DialogKeyboard.xml) | Window.IsVisible(DialogNumeric.xml) | Window.IsVisible(DialogConfirm.xml) | Window.IsVisible(FileBrowser.xml) | Window.IsVisible(DialogButtonMenu.xml)" reversible="true">Conditional</animation>
			<include content="DialogBackgroundCommonsFake">
				<param name="DialogBackgroundWidth" value="1090" />
				<param name="DialogBackgroundHeight" value="960" />
				<param name="DialogHeaderLabel" value="$LOCALIZE[13406]" />
				<param name="DialogHeaderId" value="2" />
			</include>
			<control type="label">
				<left>57</left>
				<top>536</top>
				<width>1715</width>
				<height>45</height>
				<font>topbar</font>
				<align>left</align>
				<aligny>center</aligny>
				<textcolor>$VAR[ColorMenuVar]</textcolor>
				<label>$INFO[Control.GetLabel(2),[B],[/B] ]$INFO[Container(5).ListItem.Label]$INFO[Container(3).ListItem.Label]</label>
			</control>
			<control type="group">
				<left>0</left>
				<top>604</top>
				<control type="list" id="5">
				<width>1730</width>
				<height>310</height>
					<onup>5</onup>
					<ondown>5</ondown>
					<onleft>Action(back)</onleft>
					<onright>60</onright>
					<pagecontrol>60</pagecontrol>
					<scrolltime tween="quadratic" easing="out">200</scrolltime>
					<itemlayout height="62" width="1730">
						<control type="label">
							<font>font30</font>
							<label>$INFO[ListItem.Label]</label>
							
						</control>
						<control type="label">
							<font>font30</font>
							<align>right</align>
							<label>$INFO[ListItem.Label2]</label>
							
						</control>
					</itemlayout>
					<focusedlayout height="62" width="1730">
						<control type="image">
							<texture>background.png</texture>
							<colordiffuse>$VAR[ColorMenuVar]</colordiffuse>
						</control>
						<control type="label">
							<font>font30</font>
							<label>$INFO[ListItem.Label]</label>
							
						</control>
						<control type="label">
							<font>font30</font>
							<align>right</align>
							<label>$INFO[ListItem.Label2]</label>
							
						</control>
					</focusedlayout>
				</control>
				<control type="scrollbar" id="60">
					<left>1730</left>
					<width>10</width>
					<height>310</height>
					<onleft>5</onleft>
					<onright>Action(back)</onright>
					<orientation>vertical</orientation>
					<showonepage>true</showonepage>
				</control>
			</control>
		</control>
	</controls>
</window>