<?xml version="1.0" encoding="UTF-8"?>
<window>
	<defaultcontrol>10</defaultcontrol>
	<onunload>ClearProperty(RefreshItem,Home)</onunload>
	<coordinates>
		<left>0</left>
		<top>0</top>
		<origin x="60" y="0">true</origin>
	</coordinates>
	<animation type="WindowOpen" reversible="false">
		<effect type="fade" delay="300" end="100" time="300" />
	</animation>
	<controls>
		<control type="group">
            <animation effect="slide" end="0,800" start="0" time="400" condition="Window.IsVisible(DialogSlider.xml)" reversible="true">Conditional</animation>
            <animation effect="fade" end="0" start="100" time="0" condition="Window.IsVisible(DialogAddonSettings.xml) | Window.IsVisible(DialogKeyboard.xml) | Window.IsVisible(DialogNumeric.xml) | Window.IsVisible(DialogSelect.xml) | Window.IsVisible(DialogConfirm.xml) | Window.IsVisible(DialogContextMenu.xml) | Window.IsVisible(FileBrowser.xml) | Window.IsVisible(DialogButtonMenu.xml)" reversible="false">Conditional</animation>
			<include content="DialogBackgroundCommonsFake">
				<param name="DialogBackgroundWidth" value="1090" />
				<param name="DialogBackgroundHeight" value="960" />
				<param name="DialogHeaderLabel" value="" />
				<param name="DialogHeaderId" value="2" />
			</include>
			<!--
			<control type="label">
				<animation effect="fade" start="100" end="0" time="0" tween="cubic" easing="inout" reversible="true" condition="Control.HasFocus(12) | !String.IsEmpty(Control.GetLabel(12))">Conditional</animation>
				<description>path label</description>
				<left>57</left>
				<top>536</top>
				<width>1715</width>
				<height>45</height>
				<font>topbar</font>
				<align>left</align>
				<aligny>center</aligny>
				<label>1022</label>
				<textcolor>disabled</textcolor>
			</control>
			-->
			<control type="list" id="10">
					<left>410</left>
					<top>604</top>
					<width>1380</width>
					<height>310</height>
				<onup>12</onup>
				<onleft>9000</onleft>
				<onright>60</onright>
				<ondown>12</ondown>
				<pagecontrol>60</pagecontrol>
				<scrolltime tween="quadratic" easing="out">200</scrolltime>
				<itemlayout height="62" width="1380">
					<control type="label">
						<font>font30</font>
						
						<selectedcolor>$VAR[ColorHighlightVar]</selectedcolor>
						<label>$INFO[ListItem.Label]</label>
					</control>
				</itemlayout>
				<focusedlayout height="62" width="1380">
					<control type="image">
						<texture>listselect_fo.png</texture>
						<colordiffuse>$VAR[ListColorHighlightVar]</colordiffuse>
						<visible>Control.HasFocus(10)</visible>
						<include>VisibleFadeEffect</include>
					</control>
					<control type="label">
						<font>font30</font>
						
						<label>$INFO[ListItem.Label]</label>
					</control>
				</focusedlayout>
			</control>
			<control type="grouplist" id="9000">
				<left>70</left>
				<top>604</top>
				<width>340</width>
				<height>310</height>
				<onup>12</onup>
				<ondown>12</ondown>
				<onleft>59</onleft>
				<onright>10</onright>
				<itemgap>0</itemgap>
				<pagecontrol>59</pagecontrol>
				<control type="button" id="11">
					<description>Browse Button</description>
					<width>340</width>
					<label>1024</label>
				</control>
				<control type="button" id="13">
					<description>Add Path Button</description>
					<width>340</width>
					<label>15019</label>
				</control>
				<control type="button" id="14">
					<description>Remove Path Button</description>
					<width>340</width>
					<label>1210</label>
				</control>
			</control>
			<control type="button" id="18">
				<top>2120</top>
				<visible>false</visible>
			</control>
			<control type="button" id="19">
				<top>2120</top>
				<visible>false</visible>
			</control>
			<control type="grouplist" id="9001">
				<left>-30</left>
				<top>604</top>
				<width>62</width>
				<height>310</height>
				<onup>9001</onup>
				<onleft>9000</onleft>
				<onright>10</onright>
				<ondown>9001</ondown>
				<control type="button" id="118">
					<description>Ok Button</description>
					<width>62</width>
					<height>62</height>
					<label></label>
					<align>center</align>
					<font>IconButton</font>
					<onclick>SendClick(18)</onclick>
					<onleft>Action(back)</onleft>
					<onright>9000</onright>
				</control>
				<control type="button" id="119">
					<description>Cancel Button</description>
					<width>62</width>
					<height>62</height>
					<label></label>
					<align>center</align>
					<font>IconButton</font>
					<onclick>SendClick(19)</onclick>
					<onleft>Action(back)</onleft>
					<onright>9000</onright>
				</control>
			</control>
			<!--
			<control type="label">
				<description>Name label</description>
				<width>1114</width>
				<height>60</height>
				
				<font>font14</font>
				<label>1022</label>
				<textcolor>disabled</textcolor>
			</control>
			-->
			<control type="edit" id="12">
				<description>Name Button</description>
				<animation effect="fade" start="100" end="0" time="0" tween="cubic" easing="inout" reversible="true" condition="Window.IsActive(numericinput)">Conditional</animation>
				<left>57</left>
				<top>536</top>
				<width>1715</width>
				<height>45</height>
				<font>topbar</font>
				<align>left</align>
				<aligny>center</aligny>
				<texturefocus>-</texturefocus>
				<texturenofocus>-</texturenofocus>
				<label>-</label>
				<onup>10</onup>
				<onleft>12</onleft>
				<onright>19</onright>
				<ondown>9001</ondown>
				<hinttext>1029</hinttext>
			</control>
			<control type="scrollbar" id="59">
						<top>604</top>
					<left>60</left>
					<width>10</width>
					<height>310</height>
				<onleft>9001</onleft>
				<onright>9000</onright>
				<showonepage>true</showonepage>
			</control>
			<control type="scrollbar" id="60">
						<top>604</top>
					<left>1790</left>
					<width>10</width>
					<height>310</height>
				<onleft>10</onleft>
				<onright>9000</onright>
				<ondown>60</ondown>
				<onup>60</onup>
				<showonepage>true</showonepage>
			</control>
		</control>
	</controls>
</window>