<?xml version="1.0" encoding="UTF-8"?>
<includes>
	<include name="HomeDefaultWidgets">
		<control type="group" id="9003">
			<include>VisibleFadeEffect</include>
			<animation effect="fade" time="300" delay="0" start="100" end="0" tween="cubic" reversible="true" condition="Control.HasFocus(9010)">Conditional</animation>
            <animation effect="fade" end="0" start="100" time="0" condition="Window.IsVisible(DialogPictureInfo.xml) | Window.IsVisible(DialogKeyboard.xml) | Window.IsVisible(DialogNumeric.xml) | Window.IsActive(DialogConfirm.xml)" reversible="false">Conditional</animation>
            <animation effect="fade" end="0" start="100" time="0" condition="Window.IsVisible(DialogFavourites.xml)" reversible="false">Conditional</animation>
            <animation effect="fade" end="0" start="100" time="0" condition="Window.IsVisible(DialogTextViewer.xml)" reversible="false">Conditional</animation>
            <animation effect="fade" end="0" start="100" time="0" condition="Window.IsVisible(DialogMediaSource.xml)" reversible="false">Conditional</animation>
            <animation effect="fade" end="0" start="100" time="0" condition="Window.IsVisible(DialogContextMenu.xml)" reversible="false">Conditional</animation>
            <animation effect="fade" end="0" start="100" time="0" condition="Window.IsVisible(DialogAddonInfo.xml)" reversible="false">Conditional</animation>
            <animation effect="fade" end="0" start="100" time="0" condition="Window.IsVisible(DialogAddonSettings.xml)" reversible="false">Conditional</animation>
            <animation effect="fade" end="0" start="100" time="0" condition="Window.IsVisible(DialogButtonMenu.xml)" reversible="false">Conditional</animation>
            <animation effect="fade" end="0" start="100" time="0" condition="Window.IsVisible(DialogSettings.xml)" reversible="false">Conditional</animation>
            <animation effect="fade" end="0" start="100" time="0" condition="Window.IsVisible(DialogSelect.xml)" reversible="false">Conditional</animation>
            <animation effect="fade" end="0" start="100" time="0" condition="Window.IsVisible(FileBrowser.xml)" reversible="false">Conditional</animation>
            <animation effect="fade" end="0" start="100" time="0" condition="Window.IsVisible(1130)" reversible="false">Conditional</animation>
            <animation effect="fade" end="0" start="100" time="0" condition="!ControlGroup(97631).HasFocus + String.Contains(Window.Property(xmlfile), etting)" reversible="false">Conditional</animation>
            <animation effect="fade" end="0" start="100" time="0" condition="!ControlGroup(97631).HasFocus + String.Contains(Window.Property(xmlfile), DialogSubtitles)" reversible="false">Conditional</animation>
            <animation effect="fade" end="0" start="100" time="0" condition="!ControlGroup(97631).HasFocus + Window.IsActive(script-skinshortcuts.xml)" reversible="false">Conditional</animation>
            <animation effect="fade" end="0" start="100" time="0" condition="!Window.IsVisible(musicinformation) + !Window.IsVisible(songinformation) + !Window.IsVisible(movieinformation) + !ControlGroup(97631).HasFocus + Window.IsActive(MyWeather.xml)" reversible="false">Conditional</animation>
            <animation effect="fade" end="0" start="100" time="0" condition="!Window.IsVisible(musicinformation) + !Window.IsVisible(songinformation) + !Window.IsVisible(movieinformation) + !ControlGroup(97631).HasFocus + Window.IsActive(MyMusicPlaylistEditor.xml)" reversible="false">Conditional</animation>
			<!--
			<animation effect="fade" time="0" delay="0" start="100" end="0" tween="cubic" reversible="true" condition="Window.IsVisible(movieinformation) + !String.StartsWith(System.CurrentControlID, 900)">Conditional</animation>
			-->
			<control type="group">
				<visible>[!String.IsEmpty(Container(9000).ListItem.Property(widget)) | Window.IsVisible(musicinformation) | Window.IsVisible(songinformation) | Window.IsVisible(movieinformation)] + ![Window.IsVisible(favourites) | Window.IsVisible(script-globalsearch-main.xml) | Window.IsVisible(script-lazytv-main.xml) | Window.IsVisible(script-lazytv-BigScreenList.xml)]</visible>
				<animation effect="slide" time="300" delay="300" start="0" end="0,320" tween="cubic" reversible="true" condition="[Control.IsVisible(12345) + !String.IsEqual(Container(9000).ListItem.Property(widget),weather) + !String.IsEmpty(Container(9000).ListItem.Property(widgetName))]">Conditional</animation>
				<animation effect="fade" start="100" end="0" delay="0" time="0" easing="out" condition="[Control.IsVisible(12345) + !String.IsEqual(Container(9000).ListItem.Property(widget),weather) + !String.IsEmpty(Container(9000).ListItem.Property(widgetName))]">Conditional</animation>
				<animation effect="fade" start="0" end="100" delay="200" time="300" easing="out" condition="[ControlGroup(9003).IsVisible]">Conditional</animation>
				<animation effect="fade" tween="cubic" time="600" delay="500" start="0" end="100" reversible="false">WindowOpen</animation>
				<animation effect="fade" tween="cubic" time="300" start="100" end="0" reversible="false">WindowClose</animation>
				<animation effect="fade" tween="cubic" time="600" delay="500" start="0" end="100" reversible="false">Visible</animation>
				<animation effect="fade" tween="cubic" time="300" start="100" end="0" reversible="false">Hidden</animation>
				<animation effect="slide" time="0" start="0,0" end="0,-70" condition="[system.getbool(lookandfeel.enablerssfeeds)]">Conditional</animation>
				
				<include condition="!Window.IsVisible(musicinformation) + !Window.IsVisible(songinformation) + !Window.IsVisible(movieinformation)">skinshortcuts-template-widget-defaultpanel</include>
				<include condition="Window.IsVisible(musicinformation) | Window.IsVisible(songinformation) | Window.IsVisible(movieinformation)">InfoDefaultWidgets</include>
				<include content="WidgetBusyAnimation">
					<param name="id">90919</param>
				</include>
				<include content="WidgetBusyAnimation">
					<param name="id">90920</param>
				</include>
				<include content="WidgetBusyAnimation">
					<param name="id">90921</param>
				</include>
				<include content="WidgetBusyAnimation">
					<param name="id">90922</param>
				</include>
				<control type="group">
					<animation effect="slide" time="0" tween="" easing="" start="0" end="160" condition="Skin.HasSetting(Enable.BasicWeatherView)">Conditional</animation>
					<animation effect="fade" time="3000" tween="" easing="" start="100" end="0" condition="!Weather.IsFetched">Conditional</animation>
					<include content="WeatherWidgetCommons">
						<param name="WeatherPositionLeft" value="0" />
						<param name="WeatherPositionTop" value="420" />
						<param name="WeatherPanelWidth" value="1920" />
						<param name="WeatherPanelHeight" value="335" />
						<param name="WeatherItemWidth" value="320" />
						<param name="WeatherOrientation" value="Horizontal" />
						<param name="WeatherOnUp" value="9000" />
						<param name="WeatherOnDown" value="9000" />
						<param name="WeatherOnLeft" value="8000" />
						<param name="WeatherOnRight" value="8000" />
					</include>
				</control>
			</control>
		</control>
	</include>
	<include name="InfoDefaultWidgets">
		<include content="FocusedImageWidget">
			<param name="FocusImageWidgetID" value="90919" />
		</include>
		<include content="FocusedImageWidget">
			<param name="FocusImageWidgetID" value="90920" />
		</include>
		<include content="FocusedImageWidget">
			<param name="FocusImageWidgetID" value="90921" />
		</include>
		<include content="FocusedImageWidget">
			<param name="FocusImageWidgetID" value="90922" />
		</include>
    	<control type="panel" id="90919">
			<visible>[String.IsEqual(Container(9000).ListItem.Label2,cast)]</visible>
			<animation effect="fade" start="0" end="100" delay="200" time="300" easing="out">Visible</animation>
			<left>29</left>
			<top>610</top>
			<width>1864</width>
			<height>310</height>
			<onup>61</onup>
			<ondown>9000</ondown>
			<onleft>90919</onleft>
			<onright>90919</onright>
			<viewtype label="">list</viewtype>
			<scrolltime tween="quadratic" easing="out">300</scrolltime>
			<orientation>horizontal</orientation>
			<itemlayout height="304" width="207">
				<control type="group">
					<left>0</left>
					<control type="image">
						<visible>!String.IsEmpty(ListItem.Icon)</visible>
						<bordersize>6</bordersize>
						<aspectratio align="center" aligny="center">scale</aspectratio>
						<texture background="true">$INFO[ListItem.Icon]</texture>
					</control>
					<control type="image">
						<visible>String.IsEmpty(ListItem.Icon)</visible>
						<bordersize>6</bordersize>
						<aspectratio align="center" aligny="center">keep</aspectratio>
						<texture background="true">special://skin/extras/icons/DefaultAddonSource.png</texture>
					</control>
					<control type="image">
						<top>199</top>
						<left>12</left>
						<width>189</width>
						<bottom>6</bottom>
						<texture>background.png</texture>
						<colordiffuse>$VAR[MenuListColorHighlightVar]</colordiffuse>
					</control>
					<control type="textbox">
						<left>16</left>
						<top>204</top>
						<width>175</width>
						<height>90</height>
						<font>font_Actor</font>
						<label>$INFO[ListItem.Label]$INFO[ListItem.Label2, $LOCALIZE[20347] ,]</label>
					</control>
				</control>
			</itemlayout>
			<focusedlayout height="304" width="207">
				<control type="group">
					<left>0</left>
					<include>PanelFocusedItemZoom</include>
					<control type="button">
						<texturefocus>-</texturefocus>
						<texturenofocus>-</texturenofocus>
						<onfocus>SetProperty(FIVE_daemon_fallback,$INFO[Container(90919).ListItem.Icon],home)</onfocus>
					</control>
					<control type="image">
						<visible>!String.IsEmpty(ListItem.Icon)</visible>
						<bordersize>6</bordersize>
						<aspectratio align="center" aligny="center">scale</aspectratio>
						<texture background="true">$INFO[ListItem.Icon]</texture>
					</control>
					<control type="image">
						<visible>String.IsEmpty(ListItem.Icon)</visible>
						<bordersize>6</bordersize>
						<aspectratio align="center" aligny="center">keep</aspectratio>
						<texture background="true">special://skin/extras/icons/add.png</texture>
					</control>
					<control type="image">
						<top>199</top>
						<left>12</left>
						<width>189</width>
						<bottom>6</bottom>
						<texture>background.png</texture>
						<colordiffuse>$VAR[MenuListColorHighlightVar]</colordiffuse>
					</control>
					<control type="textbox">
						<left>16</left>
						<top>204</top>
						<width>175</width>
						<height>90</height>
						<font>font_Actor</font>
						<label>$INFO[ListItem.Label]$INFO[ListItem.Label2, $LOCALIZE[20347] ,]</label>
					</control>
				</control>
			</focusedlayout>
			<content>
				<item>
					<label>$INFO[Container(50).ListItemAbsolute(0).Label]</label>
					<label2>$INFO[Container(50).ListItemAbsolute(0).Label2]</label2>
					<icon>$INFO[Container(50).ListItemAbsolute(0).Art(thumb)]</icon>
					<onclick>SetProperty(ActorID,0)</onclick>
					<onclick>SetProperty(ActorName,$INFO[Container(50).ListItemAbsolute(0).Label])</onclick>
					<onclick>ActivateWindow(1130)</onclick>
					<visible>!String.IsEmpty(Container(50).ListItemAbsolute(0).Label)</visible>
				</item>
				<item>
					<label>$INFO[Container(50).ListItemAbsolute(1).Label]</label>
					<label2>$INFO[Container(50).ListItemAbsolute(1).Label2]</label2>
					<icon>$INFO[Container(50).ListItemAbsolute(1).Art(thumb)]</icon>
					<onclick>SetProperty(ActorID,1)</onclick>
					<onclick>SetProperty(ActorName,$INFO[Container(50).ListItemAbsolute(1).Label])</onclick>
					<onclick>ActivateWindow(1130)</onclick>
					<visible>!String.IsEmpty(Container(50).ListItemAbsolute(1).Label)</visible>
				</item>
				<item>
					<label>$INFO[Container(50).ListItemAbsolute(2).Label]</label>
					<label2>$INFO[Container(50).ListItemAbsolute(2).Label2]</label2>
					<icon>$INFO[Container(50).ListItemAbsolute(2).Art(thumb)]</icon>
					<onclick>SetProperty(ActorID,2)</onclick>
					<onclick>SetProperty(ActorName,$INFO[Container(50).ListItemAbsolute(2).Label])</onclick>
					<onclick>ActivateWindow(1130)</onclick>
					<visible>!String.IsEmpty(Container(50).ListItemAbsolute(2).Label)</visible>
				</item>
				<item>
					<label>$INFO[Container(50).ListItemAbsolute(3).Label]</label>
					<label2>$INFO[Container(50).ListItemAbsolute(3).Label2]</label2>
					<icon>$INFO[Container(50).ListItemAbsolute(3).Art(thumb)]</icon>
					<onclick>SetProperty(ActorID,3)</onclick>
					<onclick>SetProperty(ActorName,$INFO[Container(50).ListItemAbsolute(3).Label])</onclick>
					<onclick>ActivateWindow(1130)</onclick>
					<visible>!String.IsEmpty(Container(50).ListItemAbsolute(3).Label)</visible>
				</item>
				<item>
					<label>$INFO[Container(50).ListItemAbsolute(4).Label]</label>
					<label2>$INFO[Container(50).ListItemAbsolute(4).Label2]</label2>
					<icon>$INFO[Container(50).ListItemAbsolute(4).Art(thumb)]</icon>
					<onclick>SetProperty(ActorID,4)</onclick>
					<onclick>SetProperty(ActorName,$INFO[Container(50).ListItemAbsolute(4).Label])</onclick>
					<onclick>ActivateWindow(1130)</onclick>
					<visible>!String.IsEmpty(Container(50).ListItemAbsolute(4).Label)</visible>
				</item>
				<item>
					<label>$INFO[Container(50).ListItemAbsolute(5).Label]</label>
					<label2>$INFO[Container(50).ListItemAbsolute(5).Label2]</label2>
					<icon>$INFO[Container(50).ListItemAbsolute(5).Art(thumb)]</icon>
					<onclick>SetProperty(ActorID,5)</onclick>
					<onclick>SetProperty(ActorName,$INFO[Container(50).ListItemAbsolute(5).Label])</onclick>
					<onclick>ActivateWindow(1130)</onclick>
					<visible>!String.IsEmpty(Container(50).ListItemAbsolute(5).Label)</visible>
				</item>
				<item>
					<label>$INFO[Container(50).ListItemAbsolute(6).Label]</label>
					<label2>$INFO[Container(50).ListItemAbsolute(6).Label2]</label2>
					<icon>$INFO[Container(50).ListItemAbsolute(6).Art(thumb)]</icon>
					<onclick>SetProperty(ActorID,6)</onclick>
					<onclick>SetProperty(ActorName,$INFO[Container(50).ListItemAbsolute(6).Label])</onclick>
					<onclick>ActivateWindow(1130)</onclick>
					<visible>!String.IsEmpty(Container(50).ListItemAbsolute(6).Label)</visible>
				</item>
				<item>
					<label>$INFO[Container(50).ListItemAbsolute(7).Label]</label>
					<label2>$INFO[Container(50).ListItemAbsolute(7).Label2]</label2>
					<icon>$INFO[Container(50).ListItemAbsolute(7).Art(thumb)]</icon>
					<onclick>SetProperty(ActorID,7)</onclick>
					<onclick>SetProperty(ActorName,$INFO[Container(50).ListItemAbsolute(7).Label])</onclick>
					<onclick>ActivateWindow(1130)</onclick>
					<visible>!String.IsEmpty(Container(50).ListItemAbsolute(7).Label)</visible>
				</item>
				<item>
					<label>$INFO[Container(50).ListItemAbsolute(8).Label]</label>
					<label2>$INFO[Container(50).ListItemAbsolute(8).Label2]</label2>
					<icon>$INFO[Container(50).ListItemAbsolute(8).Art(thumb)]</icon>
					<onclick>SetProperty(ActorID,8)</onclick>
					<onclick>SetProperty(ActorName,$INFO[Container(50).ListItemAbsolute(8).Label])</onclick>
					<onclick>ActivateWindow(1130)</onclick>
					<visible>!String.IsEmpty(Container(50).ListItemAbsolute(8).Label)</visible>
				</item>
				<item>
					<label>$INFO[Container(50).ListItemAbsolute(9).Label]</label>
					<label2>$INFO[Container(50).ListItemAbsolute(9).Label2]</label2>
					<icon>$INFO[Container(50).ListItemAbsolute(9).Art(thumb)]</icon>
					<onclick>SetProperty(ActorID,9)</onclick>
					<onclick>SetProperty(ActorName,$INFO[Container(50).ListItemAbsolute(9).Label])</onclick>
					<onclick>ActivateWindow(1130)</onclick>
					<visible>!String.IsEmpty(Container(50).ListItemAbsolute(9).Label)</visible>
				</item>
				<item>
					<label>$INFO[Container(50).ListItemAbsolute(10).Label]</label>
					<label2>$INFO[Container(50).ListItemAbsolute(10).Label2]</label2>
					<icon>$INFO[Container(50).ListItemAbsolute(10).Art(thumb)]</icon>
					<onclick>SetProperty(ActorID,10)</onclick>
					<onclick>SetProperty(ActorName,$INFO[Container(50).ListItemAbsolute(10).Label])</onclick>
					<onclick>ActivateWindow(1130)</onclick>
					<visible>!String.IsEmpty(Container(50).ListItemAbsolute(10).Label)</visible>
				</item>
				<item>
					<label>$INFO[Container(50).ListItemAbsolute(11).Label]</label>
					<label2>$INFO[Container(50).ListItemAbsolute(11).Label2]</label2>
					<icon>$INFO[Container(50).ListItemAbsolute(11).Art(thumb)]</icon>
					<onclick>SetProperty(ActorID,11)</onclick>
					<onclick>SetProperty(ActorName,$INFO[Container(50).ListItemAbsolute(11).Label])</onclick>
					<onclick>ActivateWindow(1130)</onclick>
					<visible>!String.IsEmpty(Container(50).ListItemAbsolute(11).Label)</visible>
				</item>
				<item>
					<label>$INFO[Container(50).ListItemAbsolute(12).Label]</label>
					<label2>$INFO[Container(50).ListItemAbsolute(12).Label2]</label2>
					<icon>$INFO[Container(50).ListItemAbsolute(12).Art(thumb)]</icon>
					<onclick>SetProperty(ActorID,12)</onclick>
					<onclick>SetProperty(ActorName,$INFO[Container(50).ListItemAbsolute(12).Label])</onclick>
					<onclick>ActivateWindow(1130)</onclick>
					<visible>!String.IsEmpty(Container(50).ListItemAbsolute(12).Label)</visible>
				</item>
				<item>
					<label>$INFO[Container(50).ListItemAbsolute(13).Label]</label>
					<label2>$INFO[Container(50).ListItemAbsolute(13).Label2]</label2>
					<icon>$INFO[Container(50).ListItemAbsolute(13).Art(thumb)]</icon>
					<onclick>SetProperty(ActorID,13)</onclick>
					<onclick>SetProperty(ActorName,$INFO[Container(50).ListItemAbsolute(13).Label])</onclick>
					<onclick>ActivateWindow(1130)</onclick>
					<visible>!String.IsEmpty(Container(50).ListItemAbsolute(13).Label)</visible>
				</item>
				<item>
					<label>$INFO[Container(50).ListItemAbsolute(14).Label]</label>
					<label2>$INFO[Container(50).ListItemAbsolute(14).Label2]</label2>
					<icon>$INFO[Container(50).ListItemAbsolute(14).Art(thumb)]</icon>
					<onclick>SetProperty(ActorID,14)</onclick>
					<onclick>SetProperty(ActorName,$INFO[Container(50).ListItemAbsolute(14).Label])</onclick>
					<onclick>ActivateWindow(1130)</onclick>
					<visible>!String.IsEmpty(Container(50).ListItemAbsolute(14).Label)</visible>
				</item>
			</content>
		</control>
    	<control type="panel" id="90920">
			<visible>$EXP[isMovie] + [String.IsEqual(Container(9000).ListItem.Label2,similar)]</visible>
			<animation effect="fade" start="0" end="100" delay="200" time="300" easing="out">Visible</animation>
			<left>29</left>
			<top>610</top>
			<width>1864</width>
			<height>310</height>
			<onup>61</onup>
			<ondown>9000</ondown>
			<onleft>90920</onleft>
			<onright>90920</onright>
			<viewtype label="">list</viewtype>
			<scrolltime tween="quadratic" easing="out">300</scrolltime>
			<orientation>horizontal</orientation>
			<itemlayout height="304" width="207">
				<control type="group">
					<left>0</left>
					<control type="image">
						<bordersize>6</bordersize>
						<aspectratio align="center" aligny="center">scale</aspectratio>
						<texture fallback="DefaultFolder.png" background="true">$INFO[ListItem.Art(poster)]</texture>
					</control>
					<control type="image">
						<top>199</top>
						<left>12</left>
						<width>189</width>
						<bottom>6</bottom>
						<texture>background.png</texture>
						<colordiffuse>$VAR[MenuListColorHighlightVar]</colordiffuse>
					</control>
					<control type="textbox">
						<left>16</left>
						<top>204</top>
						<width>175</width>
						<height>90</height>
						<font>font_Actor</font>
						<label>$INFO[ListItem.Label]$INFO[ListItem.Label2, $LOCALIZE[20347] ,]</label>
					</control>
				</control>
			</itemlayout>
			<focusedlayout height="304" width="207">
				<control type="group">
					<left>0</left>
					<include>PanelFocusedItemZoom</include>
					<control type="button">
						<texturefocus>-</texturefocus>
						<texturenofocus>-</texturenofocus>
						<onfocus>SetProperty(FIVE_daemon_fallback,$INFO[Container(90920).ListItem.Art(poster)],home)</onfocus>
					</control>
					<control type="image">
						<bordersize>6</bordersize>
						<aspectratio align="center" aligny="center">scale</aspectratio>
						<texture fallback="DefaultFolder.png" background="true">$INFO[ListItem.Art(poster)]</texture>
					</control>
					<control type="image">
						<top>199</top>
						<left>12</left>
						<width>189</width>
						<bottom>6</bottom>
						<texture>background.png</texture>
						<colordiffuse>$VAR[MenuListColorHighlightVar]</colordiffuse>
					</control>
					<control type="textbox">
						<left>16</left>
						<top>204</top>
						<width>175</width>
						<height>90</height>
						<font>font_Actor</font>
						<label>$INFO[ListItem.Label]$INFO[ListItem.Label2, $LOCALIZE[20347] ,]</label>
					</control>
				</control>
			</focusedlayout>
			<content>plugin://script.extendedinfo?info=similarmovies&amp;&amp;dbid=$INFO[ListItem.DBID]</content>
		</control>
    	<control type="panel" id="90920">
			<visible>$EXP[isTvshow] + [String.IsEqual(Container(9000).ListItem.Label2,similar)]</visible>
			<animation effect="fade" start="0" end="100" delay="200" time="300" easing="out">Visible</animation>
			<left>29</left>
			<top>610</top>
			<width>1864</width>
			<height>310</height>
			<onup>61</onup>
			<ondown>9000</ondown>
			<onleft>90920</onleft>
			<onright>90920</onright>
			<viewtype label="">list</viewtype>
			<scrolltime tween="quadratic" easing="out">300</scrolltime>
			<orientation>horizontal</orientation>
			<itemlayout height="304" width="207">
				<control type="group">
					<left>0</left>
					<control type="image">
						<bordersize>6</bordersize>
						<texture fallback="DefaultFolder.png" background="true">$INFO[ListItem.Art(poster)]</texture>
					</control>
					<control type="image">
						<top>199</top>
						<left>12</left>
						<width>189</width>
						<bottom>6</bottom>
						<texture>background.png</texture>
						<colordiffuse>$VAR[MenuListColorHighlightVar]</colordiffuse>
					</control>
					<control type="textbox">
						<left>16</left>
						<top>204</top>
						<width>175</width>
						<height>90</height>
						<font>font_Actor</font>
						<label>$INFO[ListItem.Label]$INFO[ListItem.Label2, $LOCALIZE[20347] ,]</label>
					</control>
				</control>
			</itemlayout>
			<focusedlayout height="304" width="207">
				<control type="group">
					<left>0</left>
					<include>PanelFocusedItemZoom</include>
					<control type="button">
						<texturefocus>-</texturefocus>
						<texturenofocus>-</texturenofocus>
						<onfocus>SetProperty(FIVE_daemon_fallback,$INFO[Container(90920).ListItem.Art(poster)],home)</onfocus>
					</control>
					<control type="image">
						<bordersize>6</bordersize>
						<aspectratio align="center" aligny="center">scale</aspectratio>
						<texture fallback="DefaultFolder.png" background="true">$INFO[ListItem.Art(poster)]</texture>
					</control>
					<control type="image">
						<top>199</top>
						<left>12</left>
						<width>189</width>
						<bottom>6</bottom>
						<texture>background.png</texture>
						<colordiffuse>$VAR[MenuListColorHighlightVar]</colordiffuse>
					</control>
					<control type="textbox">
						<left>16</left>
						<top>204</top>
						<width>175</width>
						<height>90</height>
						<font>font_Actor</font>
						<label>$INFO[ListItem.Label]$INFO[ListItem.Label2, $LOCALIZE[20347] ,]</label>
					</control>
				</control>
			</focusedlayout>
			<content>plugin://script.extendedinfo?info=similartvshows&amp;&amp;dbid=$INFO[ListItem.DBID]</content>
		</control>

	
    	<control type="panel" id="90921">
			<visible>[String.IsEqual(Container(9000).ListItem.Label2,sets) + Integer.IsGreater(Container(88821).NumItems,0)]</visible>
			<animation effect="fade" start="0" end="100" delay="200" time="300" easing="out">Visible</animation>
			<left>29</left>
			<top>610</top>
			<width>1864</width>
			<height>310</height>
			<onup>61</onup>
			<ondown>9000</ondown>
			<onleft>90921</onleft>
			<onright>90921</onright>
			<viewtype label="">list</viewtype>
			<scrolltime tween="quadratic" easing="out">300</scrolltime>
			<orientation>horizontal</orientation>
			<itemlayout height="304" width="207">
				<control type="group">
					<left>0</left>
					<control type="image">
						<bordersize>6</bordersize>
						<aspectratio align="center" aligny="center">scale</aspectratio>
						<texture fallback="DefaultFolder.png" background="true">$INFO[ListItem.Art(poster)]</texture>
					</control>
					<control type="image">
						<top>199</top>
						<left>12</left>
						<width>189</width>
						<bottom>6</bottom>
						<texture>background.png</texture>
						<colordiffuse>$VAR[MenuListColorHighlightVar]</colordiffuse>
					</control>
					<control type="textbox">
						<left>16</left>
						<top>204</top>
						<width>175</width>
						<height>90</height>
						<font>font_Actor</font>
						<label>$INFO[ListItem.Label]$INFO[ListItem.Label2, $LOCALIZE[20347] ,]</label>
					</control>
				</control>
			</itemlayout>
			<focusedlayout height="304" width="207">
				<control type="group">
					<left>0</left>
					<include>PanelFocusedItemZoom</include>
					<control type="button">
						<texturefocus>-</texturefocus>
						<texturenofocus>-</texturenofocus>
						<onfocus>SetProperty(FIVE_daemon_fallback,$INFO[Container(90921).ListItem.Art(poster)],home)</onfocus>
					</control>
					<control type="image">
						<bordersize>6</bordersize>
						<aspectratio align="center" aligny="center">scale</aspectratio>
						<texture fallback="DefaultFolder.png" background="true">$INFO[ListItem.Art(poster)]</texture>
					</control>
					<control type="image">
						<top>199</top>
						<left>12</left>
						<width>189</width>
						<bottom>6</bottom>
						<texture>background.png</texture>
						<colordiffuse>$VAR[MenuListColorHighlightVar]</colordiffuse>
					</control>
					<control type="textbox">
						<left>16</left>
						<top>204</top>
						<width>175</width>
						<height>90</height>
						<font>font_Actor</font>
						<label>$INFO[ListItem.Label]$INFO[ListItem.Label2, $LOCALIZE[20347] ,]</label>
					</control>
				</control>
			</focusedlayout>
			<content>videodb://movies/sets/$INFO[ListItem.SetID]</content>
		</control>

	
    	<control type="panel" id="90922">
			<visible>[String.IsEqual(Container(9000).ListItem.Label2,youtube) + System.HasAddon(script.extendedinfo)]</visible>
			<animation effect="fade" start="0" end="100" delay="200" time="300" easing="out">Visible</animation>
			<left>29</left>
			<top>610</top>
			<width>1864</width>
			<height>310</height>
			<onclick>PlayMedia($ESCINFO[ListItem.FileNameAndPath])</onclick>
			<onup>61</onup>
			<ondown>9000</ondown>
			<onleft>90922</onleft>
			<onright>90922</onright>
			<viewtype label="">list</viewtype>
			<scrolltime tween="quadratic" easing="out">300</scrolltime>
			<orientation>horizontal</orientation>
			<itemlayout height="304" width="207">
				<control type="group">
					<left>0</left>
					<control type="image">
						<bordersize>6</bordersize>
						<aspectratio align="center" aligny="center">scale</aspectratio>
						<texture fallback="DefaultFolder.png" background="true">$INFO[ListItem.Icon]</texture>
					</control>
					<control type="image">
						<top>199</top>
						<left>12</left>
						<width>189</width>
						<bottom>6</bottom>
						<texture>background.png</texture>
						<colordiffuse>$VAR[MenuListColorHighlightVar]</colordiffuse>
					</control>
					<control type="textbox">
						<left>16</left>
						<top>204</top>
						<width>175</width>
						<height>90</height>
						<font>font_Actor</font>
						<label>$INFO[ListItem.Label]$INFO[ListItem.Label2, $LOCALIZE[20347] ,]</label>
					</control>
				</control>
			</itemlayout>
			<focusedlayout height="304" width="207">
				<control type="group">
					<left>0</left>
					<include>PanelFocusedItemZoom</include>
					<control type="button">
						<texturefocus>-</texturefocus>
						<texturenofocus>-</texturenofocus>
						<onfocus>SetProperty(FIVE_daemon_fallback,$INFO[Container(90922).ListItem.Icon],home)</onfocus>
					</control>
					<control type="image">
						<bordersize>6</bordersize>
						<aspectratio align="center" aligny="center">scale</aspectratio>
						<texture fallback="DefaultFolder.png" background="true">$INFO[ListItem.Icon]</texture>
					</control>
					<control type="image">
						<top>199</top>
						<left>12</left>
						<width>189</width>
						<bottom>6</bottom>
						<texture>background.png</texture>
						<colordiffuse>$VAR[MenuListColorHighlightVar]</colordiffuse>
					</control>
					<control type="textbox">
						<left>16</left>
						<top>204</top>
						<width>175</width>
						<height>90</height>
						<font>font_Actor</font>
						<label>$INFO[ListItem.Label]$INFO[ListItem.Label2, $LOCALIZE[20347] ,]</label>
					</control>
				</control>
			</focusedlayout>
			<content>$VAR[VideoInfoYoutubePath]</content>
		</control>

	
	</include>
	<include name="NowPlayingVideoWidget">
		<!-- Video Info -->
		<control type="group">
			<visible>Player.HasVideo</visible>
			<include>dialogeffect</include>
			<animation effect="slide" time="300" tween="sine" easing="inout" start="0,0" end="0,140" condition="Window.IsActive(extendedprogressdialog) | Window.IsActive(busydialog)">Conditional</animation>
			<left>-12</left>
			<top>-12</top>
			<control type="image">
				<description>background image</description>
				<width>1944</width>
				<height>140</height>
				<texture border="12">dialog_context.png</texture>
				<colordiffuse>$VAR[ColorDialogVar]</colordiffuse>
			</control>
			<control type="image">
				<description>avatar</description>
				<left>30</left>
				<top>30</top>
				<width>80</width>
				<height>80</height>
				<aspectratio align="center" aligny="center">keep</aspectratio>
				<texture fallback="DefaultVideoCover.png">$VAR[HomeNowPlayingThumbVar]</texture>
				<visible>VideoPlayer.Content(livetv)</visible>
			</control>
			<control type="image">
				<description>avatar</description>
				<left>30</left>
				<top>30</top>
				<width>80</width>
				<height>80</height>
				<aspectratio align="center" aligny="center">scale</aspectratio>
				<texture fallback="DefaultVideoCover.png">$VAR[HomeNowPlayingThumbVar]</texture>
				<visible>VideoPlayer.Content(musicvideos)</visible>
			</control>
			<control type="image">
				<description>avatar</description>
				<left>30</left>
				<top>30</top>
				<width>54</width>
				<height>80</height>
				<aspectratio align="center" aligny="center">scale</aspectratio>
				<texture fallback="DefaultVideoCover.png">$VAR[HomeNowPlayingThumbVar]</texture>
				<visible>VideoPlayer.Content(movies) | VideoPlayer.Content(episodes)</visible>
			</control>
			<control type="image">
				<description>avatar</description>
				<left>30</left>
				<top>30</top>
				<width>142</width>
				<height>80</height>
				<aspectratio align="center" aligny="center">scale</aspectratio>
				<texture fallback="DefaultVideoCover.png">$VAR[HomeNowPlayingThumbVar]</texture>
				<visible>![VideoPlayer.Content(movies) | VideoPlayer.Content(episodes) | VideoPlayer.Content(livetv) | VideoPlayer.Content(musicvideos)]</visible>
			</control>
			<include content="NowPlayingWidgetLabels" condition="VideoPlayer.Content(livetv) | VideoPlayer.Content(musicvideos)">
				<param name="NowPlayingLeft" value="130" />
				<param name="NowPlayingWidth" value="640" />
				<param name="NowPlayingAlign" value="left" />
			</include>
			<include content="NowPlayingWidgetLabels" condition="VideoPlayer.Content(movies) | VideoPlayer.Content(episodes)">
				<param name="NowPlayingLeft" value="105" />
				<param name="NowPlayingWidth" value="665" />
				<param name="NowPlayingAlign" value="left" />
			</include>
			<include content="NowPlayingWidgetLabels" condition="![VideoPlayer.Content(movies) | VideoPlayer.Content(episodes) | VideoPlayer.Content(livetv) | VideoPlayer.Content(musicvideos)]">
				<param name="NowPlayingLeft" value="192" />
				<param name="NowPlayingWidth" value="580" />
				<param name="NowPlayingAlign" value="left" />
			</include>
		</control>
	</include>
	<include name="NowPlayingMusicWidget">
		<!-- Music Info -->
		<control type="group">
			<visible>Player.HasAudio + !Skin.HasSetting(Disable.Musicinfo)</visible>
			<include>dialogeffect</include>
			<left>1090</left>
			<top>32</top>
			<control type="image">
				<description>background image</description>
				<width>800</width>
				<height>140</height>
				<texture border="12">dialog_context.png</texture>
				<colordiffuse>$VAR[ColorDialogVar]</colordiffuse>
			</control>
			<control type="image">
				<description>avatar</description>
				<left>30</left>
				<top>30</top>
				<width>80</width>
				<height>80</height>
				<aspectratio align="center" aligny="center">scale</aspectratio>
				<texture fallback="DefaultAlbumCover.png">$INFO[Player.Art(thumb)]</texture>
			</control>
			<include content="NowPlayingWidgetLabels">
				<param name="NowPlayingLeft" value="130" />
				<param name="NowPlayingWidth" value="640" />
				<param name="NowPlayingAlign" value="left" />
			</include>
		</control>
	</include>
	<include name="BottomBarWidget">
		<control type="group">
			<include>dialogeffect</include>

			<!-- homemenu3d -->
			<animation effect="slide" time="300" delay="1" start="0" end="0,-320" tween="cubic" reversible="true" condition="[[!ControlGroup(97631).HasFocus + Window.IsActive(script-skinshortcuts.xml)] | [!ControlGroup(97631).HasFocus + String.Contains(Window.Property(xmlfile), etting)] | [!ControlGroup(97631).HasFocus + String.Contains(Window.Property(xmlfile), MyWeather)] | [!ControlGroup(97631).HasFocus + String.Contains(Window.Property(xmlfile), MyMusicPlaylistEditor)] | Window.IsVisible(DialogPictureInfo.xml) | Window.IsVisible(VideoOSDBookmarks.xml) | Window.IsVisible(DialogFavourites.xml) | Window.IsVisible(DialogKeyboard.xml) | Window.IsVisible(DialogNumeric.xml) | Window.IsVisible(DialogTextViewer.xml) | Window.IsVisible(DialogFullScreenInfo.xml) | Window.IsVisible(DialogConfirm.xml) | Window.IsVisible(DialogSubtitles.xml)  | Window.IsVisible(DialogSettings.xml) | Window.IsVisible(FileBrowser.xml) | Window.IsVisible(DialogContextMenu.xml) | Window.IsVisible(DialogAddonSettings.xml) | Window.IsVisible(DialogAddonInfo.xml) | Window.IsVisible(DialogSelect.xml) | Window.IsVisible(DialogMediaSource.xml) | Window.IsVisible(SmartPlaylistEditor.xml) | [[Window.IsVisible(DialogButtonMenu.xml) | Control.Hasfocus(9010)] + [Control.IsVisible(12345) | String.IsEmpty(Container(9000).ListItem.Property(widgetName))]]] | [!Window.IsVisible(FileBrowser.xml) + !Window.IsVisible(DialogSelect.xml) + !Window.IsVisible(DialogAddonSettings.xml) + [!Window.IsVisible(musicinformation) + !Window.IsVisible(songinformation) + !Window.IsVisible(movieinformation) + [String.IsEqual(Container(9000).ListItem.Property(widget),weather) + Weather.IsFetched] | [!Control.IsVisible(12345) + !String.IsEqual(Container(9000).ListItem.Property(widget),weather) + !String.IsEmpty(Container(9000).ListItem.Property(widgetName))]]]">Conditional</animation>





			<left>0</left>
			<top>797</top>
			<control type="group">
				<include>Topbar</include>
			</control>
		</control>
	</include>
	<include name="RSSFeedWidget">
		<control type="group">
			<visible>!Control.HasFocus(9010)</visible>
			<animation effect="slide" tween="cubic" end="0,90" time="240">WindowClose</animation>
			<animation effect="slide" tween="cubic" start="0,90" end="0,0" delay="300" time="240" condition="!Window.Previous(startup)">WindowOpen</animation>
			<animation effect="slide" tween="cubic" start="0,90" end="0,0" delay="800" time="480" condition="Window.Previous(startup)">WindowOpen</animation>
			<!--<animation effect="slide" start="1920" end="0" time="240">VisibleChange</animation>-->
			<top>980</top>
			<control type="group">
				<control type="label">
					<left>1880</left>
					<top>44</top>
					<width>60</width>
					<height>41</height>
					<label></label>
					<font>IconSmall</font>
					<textcolor>$VAR[ColorHighlightVar]</textcolor>
				</control>
				<control type="rss">
					<description>RSS feed</description>
					<left>15</left>
					<top>44</top>
					<height>30</height>
					<width>1855</width>
					<font>font13</font>
					<urlset>1</urlset>
					<textcolor>$VAR[ColorHighlightVar]</textcolor>
					<titlecolor>$VAR[ColorHighlightVar]</titlecolor>
					<headlinecolor>$VAR[ColorTextVar]</headlinecolor>
				</control>
			</control>
		</control>
	</include>
	<include name="NowPlayingWidgetLabels">
		<control type="fadelabel">
			<description>Line 1 Label</description>
			<left>$PARAM[NowPlayingLeft]</left>
			<top>27</top>
			<width>$PARAM[NowPlayingWidth]</width>
			<height>45</height>
			<font>font28_title</font>
			<align>$PARAM[NowPlayingAlign]</align>
			<scrollout>false</scrollout>
			<pauseatend>2000</pauseatend>
			<label>$VAR[TopbarFadeLabel1]</label>
		</control>
		<control type="fadelabel">
			<description>Line 2 Label</description>
			<left>$PARAM[NowPlayingLeft]</left>
			<top>69</top>
			<width>$PARAM[NowPlayingWidth]</width>
			<height>45</height>
			<font>topbar</font>
			<textcolor>$VAR[ColorHighlightVar]</textcolor>
			<align>$PARAM[NowPlayingAlign]</align>
			<scrollout>false</scrollout>
			<pauseatend>2000</pauseatend>
			<label>$VAR[TopbarFadeLabel2]</label>
		</control>
	</include>
</includes>