<?xml version="1.0" encoding="UTF-8"?>
<window>
	<defaultcontrol>-</defaultcontrol>
	<allowoverlay>false</allowoverlay>
	<onload condition="System.HasAddon(script.artistslideshow)">RunScript(script.artistslideshow, daemon=True)</onload>
	<controls>
		<control type="visualisation" id="2">
			<!-- FIX ME Music Visualization needs to have an id of 2 in this window to be able to lock or change preset -->
			<description>visualisation</description>
			<include>FullscreenDimensions</include>
			<visible>Player.HasAudio</visible>
		</control>
		<control type="image">
            <aspectratio>scale</aspectratio>
            <include>FullscreenDimensions</include>
            <texture background="true">$INFO[Player.Art(fanart)]</texture>
            <animation effect="fade" start="100" end="40" time="0" condition="!Skin.HasSetting(HideVisualizationFanart) + Visualisation.Enabled">Conditional</animation>
            <animation effect="zoom" start="110" end="130" center="auto" time="10000" tween="sine" easing="inout" pulse="true" condition="!Skin.HasSetting(Disable.AnimateFanart)">Conditional</animation>
            <animation effect="slide" start="-30,-30" end="30,30" time="6000" tween="sine" easing="inout" pulse="true" condition="!Skin.HasSetting(Disable.AnimateFanart)">Conditional</animation>
        </control>
        <control type="multiimage">
            <aspectratio>scale</aspectratio>
            <include>FullscreenDimensions</include>
            <timeperimage>10000</timeperimage>
            <randomize>true</randomize>
            <fadetime>600</fadetime>
            <loop>yes</loop>
            <imagepath background="true">$INFO[Window(Visualisation).Property(ArtistSlideshow)]</imagepath>
            <visible>System.HasAddon(script.artistslideshow)</visible>
            <animation effect="fade" start="100" end="40" time="0" condition="!Skin.HasSetting(HideVisualizationFanart) + Visualisation.Enabled">Conditional</animation>
            <animation effect="zoom" start="110" end="130" center="auto" time="10000" tween="sine" easing="inout" pulse="true" condition="!Skin.HasSetting(Disable.AnimateFanart)">Conditional</animation>
            <animation effect="slide" start="-30,-30" end="30,30" time="6000" tween="sine" easing="inout" pulse="true" condition="!Skin.HasSetting(Disable.AnimateFanart)">Conditional</animation>
        </control>
	</controls>
</window>