<?xml version="1.0" encoding="UTF-8"?>
<window>
	<defaultcontrol always="true">50</defaultcontrol>
	<menucontrol>9000</menucontrol>
	<onload>Dialog.Close(all,true)</onload>
	<onload>Skin.Reset(SS_Helper)</onload>
	<onload>SetProperty(Window.HasSettings,True,home)</onload>
	<onload>ClearProperty(MediaMenu,Home)</onload>
	<onunload>ClearProperty(MediaMenu,Home)</onunload>
	<onunload>ClearProperty(Window.HasSettings,Home)</onunload>
	<allowoverlay>no</allowoverlay>
	<controls>
		<control type="multiimage" id="7975">
			<fadetime>300</fadetime>
			<animation effect="fade" time="200" tween="cubic">Visible</animation>
			<include>FullscreenDimensions</include>
			<imagepath background="true">$VAR[HomeBackgroundVar]</imagepath>
		</control>
		<include>skinshortcuts-template-WidgetFanart</include>
		<control type="visualisation">
			<visible>Player.HasAudio + !Skin.HasSetting(Disable.ShowBackgroundVis)</visible>
			<include>FullscreenDimensions</include>
		</control>
		<control type="image">
			<include>FullscreenDimensions</include>
			<texture>black.png</texture>
			<visible>Player.HasVideo + !Skin.HasSetting(Disable.ShowBackgroundVideo)</visible>
		</control>
		<control type="videowindow">
			<include>FullscreenDimensions</include>
			<visible>Player.HasVideo + !Skin.HasSetting(Disable.ShowBackgroundVideo)</visible>
		</control>
		<control type="image">
			<animation type="Conditional" condition="!Control.HasFocus(9010) + !Control.HasFocus(9000) + !Control.HasFocus(9001) + Window.IsActive(home)" reversible="false">
				<effect type="fade" delay="0" start="55" end="0" time="1000" />
			</animation>
			<animation type="Conditional" condition="true" reversible="false">
				<effect type="fade" delay="0" start="55" end="55" time="00" />
			</animation>
			<include>FullscreenDimensions</include>
			<texture>background.png</texture>
			<colordiffuse>$VAR[MenuListColorHighlightVar]</colordiffuse>
		</control>
		<control type="group" id="97631">
			<visible>!Window.IsActive(movieinformation) + !Window.IsActive(DialogVideoInfo.xml)</visible>
			<animation effect="slide" tween="cubic" time="600" start="0,700" end="0,0" reversible="false">WindowOpen</animation>
			<animation effect="slide" tween="cubic" time="300" start="0,0" end="0,700" reversible="false">WindowClose</animation>
			<animation effect="slide" tween="cubic" time="600" start="0,700" end="0,0" reversible="false">Visible</animation>
			<animation effect="slide" tween="cubic" time="300" start="0,0" end="0,700" reversible="false">Hidden</animation>
			<animation effect="slide" time="300" delay="0" start="0" end="0,483" tween="cubic" reversible="true" condition="!Window.IsVisible(DialogTextViewer.xml) + !Window.IsVisible(DialogFavourites.xml) + !Window.IsVisible(DialogButtonMenu.xml) + !Window.IsVisible(DialogKeyboard.xml) + !Window.IsVisible(DialogNumeric.xml) + !Window.IsVisible(DialogAddonInfo.xml) + !Window.IsVisible(DialogContextMenu.xml) + !Window.IsVisible(DialogAddonSettings.xml) + !Window.IsVisible(FileBrowser.xml) + !Window.IsVisible(DialogSelect.xml) + !Window.IsVisible(Settings.xml) + !Window.IsVisible(DialogMediaSource.xml) + ![ControlGroup(97632).HasFocus] + [Integer.IsLessOrEqual(System.CurrentControlID, 6002) | Integer.IsGreaterOrEqual(System.CurrentControlID, 9050)] + !String.StartsWith(System.CurrentControlID, 8011) + [[String.IsEqual(Container(9000).ListItem.Property(widget),weather) + Weather.IsFetched] | [!Control.IsVisible(12345) + !String.IsEqual(Container(9000).ListItem.Property(widget),weather) + !String.IsEmpty(Container(9000).ListItem.Property(widgetName))]]">Conditional</animation>
			
			<animation effect="slide" time="300" delay="0" start="0" end="0,163" tween="cubic" reversible="true" condition="!Window.IsVisible(DialogTextViewer.xml) + !Window.IsVisible(DialogFavourites.xml) + !Window.IsVisible(DialogButtonMenu.xml) + !Window.IsVisible(DialogKeyboard.xml) + !Window.IsVisible(DialogNumeric.xml) + !Window.IsVisible(DialogAddonInfo.xml) + !Window.IsVisible(DialogContextMenu.xml) + !Window.IsVisible(DialogAddonSettings.xml) + !Window.IsVisible(FileBrowser.xml) + !Window.IsVisible(DialogSelect.xml) + !Window.IsVisible(Settings.xml) + !Window.IsVisible(DialogMediaSource.xml) + ![ControlGroup(97632).HasFocus] + [Integer.IsLessOrEqual(System.CurrentControlID, 6002) | Integer.IsGreaterOrEqual(System.CurrentControlID, 9050)] + !String.StartsWith(System.CurrentControlID, 8011) + [String.IsEmpty(Container(9000).ListItem.Property(widgetName))]">Conditional</animation>
			<control type="group">
				<include>HomeDefault</include>
			</control>
			<control type="group">
				<left>-140</left>
				<top>195</top>
				<include>MenuHome3D</include>
			</control>
		</control>
		<control type="group" id="97632">
			<visible>!Window.IsActive(songinformation) + !Window.IsActive(musicinformation) + !Window.IsActive(movieinformation) + !Window.IsActive(DialogVideoInfo.xml) + !Window.IsActive(script-skinshortcuts.xml)</visible>
			<animation effect="slide" tween="cubic" time="600" start="0,700" end="0,0" reversible="false">WindowOpen</animation>
			<animation effect="slide" tween="cubic" time="300" start="0,0" end="0,700" reversible="false">WindowClose</animation>
			<animation effect="slide" tween="cubic" time="600" start="0,700" end="0,0" reversible="false">Visible</animation>
			<animation effect="slide" tween="cubic" time="300" start="0,0" end="0,700" reversible="false">Hidden</animation>
			<animation effect="fade" start="100" end="0" time="200" reversible="true" condition="Window.IsVisible(custom_1121_Dependencies.xml) | Window.IsVisible(DialogButtonMenu.xml) | Window.IsVisible(DialogKeyboard.xml) | Window.IsVisible(DialogNumeric.xml) | Window.IsActive(DialogConfirm.xml) | Window.IsActive(DialogSelect.xml) | Window.IsActive(FileBrowser.xml) | Window.IsVisible(DialogContextMenu.xml) | [ControlGroup(97631).HasFocus + Window.IsActive(MyMusicPlaylistEditor.xml)]">conditional</animation>
			<animation effect="slide" start="400,0" end="0,0" time="400" tween="quadratic" easing="out" condition="String.IsEmpty(Window(home).Property(MediaMenu))">Conditional</animation>
			<top>0</top>
			<control type="label" id="12">
				<description>current directory text label</description>
				<top>1910</top>
				<haspath>true</haspath>
			</control>
			<control type="list" id="50">
				<left>130</left>
				<top>604</top>
				<width>805</width>
				<height>310</height>
				<onup>50</onup>
				<ondown>50</ondown>
				<onleft>59</onleft>
				<onright>100</onright>
				<focusposition>0</focusposition>
				<movement>0</movement>
				<pagecontrol>59</pagecontrol>
				<orientation>Vertical</orientation>
				<scrolltime tween="quadratic" easing="out">300</scrolltime>
				<itemlayout height="62" width="805">
					<control type="label">
						<font>font30</font>
						<textcolor>$VAR[ColorMenuVar]</textcolor>
						<label>$INFO[ListItem.Label]</label>
					</control>
					<control type="label">
						<left>432</left>
						<font>font30</font>
						<align>right</align>
						<textcolor>$VAR[ColorMenuVar]</textcolor>
						<label>$INFO[ListItem.Label2]</label>
					</control>
				</itemlayout>
				<focusedlayout height="62" width="805">
					<control type="image">
						<animation effect="fade" time="50" start="100" end="50" condition="!Control.HasFocus(50)">Conditional</animation>
						<texture>listselect_fo.png</texture>
						<colordiffuse>$VAR[MenuListColorHighlightVar]</colordiffuse>
						<include>VisibleFadeEffect</include>
					</control>
					<control type="label">
						<font>font30</font>
						<textcolor>$VAR[ColorMenuVar]</textcolor>
						<label>$INFO[ListItem.Label]</label>
					</control>
					<control type="label">
						<left>432</left>
						<font>font30</font>
						<align>right</align>
						<textcolor>$VAR[ColorMenuVar]</textcolor>
						<label>$INFO[ListItem.Label2]</label>
					</control>
				</focusedlayout>
			</control>
			<control type="label" id="101">
				<description>current directory text label</description>
				<top>1910</top>
				<haspath>true</haspath>
			</control>
			<control type="list" id="100">
				<left>935</left>
				<top>604</top>
				<width>855</width>
				<height>310</height>
				<onleft>50</onleft>
				<onright>60</onright>
				<onup>100</onup>
				<ondown>100</ondown>
				<pagecontrol>60</pagecontrol>
				<scrolltime tween="quadratic" easing="out">200</scrolltime>
				<itemlayout height="62" width="855">
					<control type="label">
						<font>font30</font>
						<textcolor>$VAR[ColorMenuVar]</textcolor>
						<label>$INFO[ListItem.Label]</label>
					</control>
					<control type="label">
						<left>432</left>
						<font>font30</font>
						<align>right</align>
						<textcolor>$VAR[ColorMenuVar]</textcolor>
						<label>$INFO[ListItem.Label2]</label>
					</control>
				</itemlayout>
				<focusedlayout height="62" width="855">
					<control type="image">
						<animation effect="fade" time="50" start="100" end="50" condition="!Control.HasFocus(100)">Conditional</animation>
						<texture>listselect_fo.png</texture>
						<colordiffuse>$VAR[MenuListColorHighlightVar]</colordiffuse>
						<include>VisibleFadeEffect</include>
					</control>
					<control type="label">
						<font>font30</font>
						<textcolor>$VAR[ColorMenuVar]</textcolor>
						<label>$INFO[ListItem.Label]</label>
					</control>
					<control type="label">
						<left>432</left>
						<font>font30</font>
						<align>right</align>
						<textcolor>$VAR[ColorMenuVar]</textcolor>
						<label>$INFO[ListItem.Label2]</label>
					</control>
				</focusedlayout>
			</control>
			<control type="scrollbar" id="59">
				<top>604</top>
				<left>120</left>
				<width>10</width>
				<height>310</height>
				<onleft>9001</onleft>
				<onright>50</onright>
				<ondown>59</ondown>
				<onup>59</onup>
				<showonepage>true</showonepage>
			</control>
			<control type="scrollbar" id="60">
				<top>604</top>
				<left>1790</left>
				<width>10</width>
				<height>310</height>
				<onleft>100</onleft>
				<onright>9000</onright>
				<ondown>60</ondown>
				<onup>60</onup>
				<showonepage>true</showonepage>
			</control>
			<control type="button" id="6">
				<top>2120</top>
				<visible>false</visible>
			</control>
			<control type="button" id="7">
				<top>2120</top>
				<visible>false</visible>
			</control>
			<control type="button" id="8">
				<top>2120</top>
				<visible>false</visible>
			</control>
			<control type="grouplist" id="9001">
				<visible>!Control.IsVisible(6)</visible>
				<left>30</left>
				<top>604</top>
				<width>62</width>
				<height>310</height>
				<ondown condition="Control.IsVisible(3)">3</ondown>
				<ondown condition="Control.IsVisible(6)">6</ondown>
				<onup condition="Control.IsVisible(3)">3</onup>
				<onup condition="Control.IsVisible(6)">6</onup>
				<align>top</align>
				<itemgap>0</itemgap>
				<orientation>vertical</orientation>
				<control type="button" id="116">
					<description>Open button</description>
					<width>62</width>
					<height>62</height>
					<label></label>
					<align>center</align>
					<font>IconButton</font>
					<onclick>SendClick(6)</onclick>
					<onleft>Action(back)</onleft>
					<onright>59</onright>
				</control>
				<control type="button" id="117">
					<description>Save button</description>
					<width>62</width>
					<height>62</height>
					<label></label>
					<align>center</align>
					<font>IconButton</font>
					<onclick>SendClick(7)</onclick>
					<onleft>Action(back)</onleft>
					<onright>59</onright>
				</control>
				<control type="button" id="118">
					<description>Clear button</description>
					<width>62</width>
					<height>62</height>
					<label></label>
					<align>center</align>
					<font>IconButton</font>
					<onclick>SendClick(8)</onclick>
					<onleft>Action(back)</onleft>
					<onright>59</onright>
				</control>
			</control>
		</control>

	</controls>
</window>