<?xml version="1.0" encoding="UTF-8"?>
<window>
	<defaultcontrol always="true">50</defaultcontrol>
	<allowoverlay>no</allowoverlay>
	<views>50</views>
	<menucontrol>9000</menucontrol>
	<onload>SetProperty(FIVE_daemon_fire,True,home)</onload>
	<onload>Dialog.Close(all,true)</onload>
	<onload>ClearProperty(ImageFilterFIVE,Home)</onload>
	<onload>ClearProperty(ImageFIVE,Home)</onload>
	<onload>SetProperty(Window.HasSettings,True,home)</onload>
	<onload>ClearProperty(MediaMenu,Home)</onload>
	<onunload>ClearProperty(ImageFiltercfa,Home)</onunload>
	<onunload>ClearProperty(MediaMenu,Home)</onunload>
	<onunload>ClearProperty(Window.HasSettings,Home)</onunload>
	<onunload>Skin.SetString(background_fx,$INFO[Window(home).Property(cfa_daemon_set)])</onunload>
	<onunload>Skin.SetString(focus_fx,$INFO[Window(home).Property(FIVE_daemon_set)])</onunload>
	<onunload>ClearProperty(RefreshItem,Home)</onunload>
	<onunload>ClearProperty(Progams.Games,Home)</onunload>
	<!--
	<onunload>ClearProperty(ImageFilterFIVE,Home)</onunload>
	<onunload>ClearProperty(ImageFIVE,Home)</onunload>
		<control type="image" id="7355"><left>2117</left><texture>$VAR[ThumbVar]</texture></control>
		<control type="multiimage" id="7975">
			<left>-2160</left>
			<imagepath background="true">special://skin/media/adonic.jpg</imagepath>
			<visible>String.IsEmpty(Control.GetLabel(7355))</visible>
		</control>
	-->
	<controls>
		<control type="multiimage" id="7975">
			<left>-2160</left>
			<imagepath background="true">$VAR[ThumbVar]</imagepath>
		</control>
		<control type="group">
			<visible>[[Skin.HasSetting(Enable.WideList.Movies) + [Container.Content(movies) | Container.Content(movie)]] | [Skin.HasSetting(Enable.WideList.Misc) + ![Container.Content(movies) | Container.Content(movie)]]]</visible>
			<control type="group">
				<animation effect="slide" loop="true" time="30000" delay="0" start="0" end="1320" tween="" reversible="false" condition="![[Skin.HasSetting(Enable.SlimList.Movies) + [Container.Content(movies) | Container.Content(movie)]] | [Skin.HasSetting(Enable.SlimList.Misc) + ![Container.Content(movies) | Container.Content(movie)]]] + [[Skin.HasSetting(Enable.WideList.Movies) + [Container.Content(movies) | Container.Content(movie)]] | [Skin.HasSetting(Enable.WideList.Misc) + ![Container.Content(movies) | Container.Content(movie)]]] | [[Skin.HasSetting(Enable.SlimList.Movies) + [Container.Content(movies) | Container.Content(movie)]] | [Skin.HasSetting(Enable.SlimList.Misc) + ![Container.Content(movies) | Container.Content(movie)]]] + [[Skin.HasSetting(Enable.WideList.Movies) + [Container.Content(movies) | Container.Content(movie)]] | [Skin.HasSetting(Enable.WideList.Misc) + ![Container.Content(movies) | Container.Content(movie)]]]">Conditional</animation>
				<include>CommonBackgroundNav</include>
				<left>-1320</left>
				<width>1320</width>
			</control>
			<control type="group">
				<animation effect="slide" loop="true" time="30000" delay="0" start="0" end="1320" tween="" reversible="false" condition="![[Skin.HasSetting(Enable.SlimList.Movies) + [Container.Content(movies) | Container.Content(movie)]] | [Skin.HasSetting(Enable.SlimList.Misc) + ![Container.Content(movies) | Container.Content(movie)]]] + [[Skin.HasSetting(Enable.WideList.Movies) + [Container.Content(movies) | Container.Content(movie)]] | [Skin.HasSetting(Enable.WideList.Misc) + ![Container.Content(movies) | Container.Content(movie)]]] | [[Skin.HasSetting(Enable.SlimList.Movies) + [Container.Content(movies) | Container.Content(movie)]] | [Skin.HasSetting(Enable.SlimList.Misc) + ![Container.Content(movies) | Container.Content(movie)]]] + [[Skin.HasSetting(Enable.WideList.Movies) + [Container.Content(movies) | Container.Content(movie)]] | [Skin.HasSetting(Enable.WideList.Misc) + ![Container.Content(movies) | Container.Content(movie)]]]">Conditional</animation>
				<include>CommonBackgroundNav</include>
				<width>1320</width>
			</control>
			<control type="group">
				<animation effect="slide" loop="true" time="30000" delay="0" start="0" end="1320" tween="" reversible="false" condition="![[Skin.HasSetting(Enable.SlimList.Movies) + [Container.Content(movies) | Container.Content(movie)]] | [Skin.HasSetting(Enable.SlimList.Misc) + ![Container.Content(movies) | Container.Content(movie)]]] + [[Skin.HasSetting(Enable.WideList.Movies) + [Container.Content(movies) | Container.Content(movie)]] | [Skin.HasSetting(Enable.WideList.Misc) + ![Container.Content(movies) | Container.Content(movie)]]] | [[Skin.HasSetting(Enable.SlimList.Movies) + [Container.Content(movies) | Container.Content(movie)]] | [Skin.HasSetting(Enable.SlimList.Misc) + ![Container.Content(movies) | Container.Content(movie)]]] + [[Skin.HasSetting(Enable.WideList.Movies) + [Container.Content(movies) | Container.Content(movie)]] | [Skin.HasSetting(Enable.WideList.Misc) + ![Container.Content(movies) | Container.Content(movie)]]]">Conditional</animation>
				<include>CommonBackgroundNav</include>
				<left>1320</left>
				<width>1320</width>
			</control>
        </control>
		<control type="group">
			<visible>[!Skin.HasSetting(Enable.WideList.Movies) + [Container.Content(movies) | Container.Content(movie)]] | [!Skin.HasSetting(Enable.WideList.Misc) + ![Container.Content(movies) | Container.Content(movie)]]</visible>
			<include>CommonBackground</include>
		</control>
		<include>View_50_List</include>
		<control type="group">
			<left>-400</left>
			<include>SideBladeLeft</include>
			<control type="grouplist" id="9050">
				<include>MediaMenuTop</include>
				<control type="label" id="201">
					<width>375</width>
					<height>52</height>
					
					<font>font13_title</font>
					<label>31026</label>
					<textcolor>$VAR[ColorHighlightVar]</textcolor>
				</control>
				<control type="radiobutton" id="20">
					<description>Shuffle button</description>
					<include>ButtonCommonValues</include>
					<label>191</label>
				</control>
				<control type="button" id="26">
					<description>Repeat button</description>
					<textwidth>352</textwidth>
					<include>ButtonCommonValues</include>
					<label>-</label>
				</control>
				<control type="button" id="21">
					<description>Save button</description>
					<label>190</label>
					<textwidth>352</textwidth>
					<include>ButtonCommonValues</include>
				</control>
				<control type="button" id="22">
					<description>Clear button</description>
					<label>192</label>
					<onclick condition="Window.IsActive(musicplaylist)">ReplaceWindow(music)</onclick>
 					<onclick condition="Window.IsActive(videoplaylist)">ReplaceWindow(Videos)</onclick>
					<textwidth>352</textwidth>
					<include>ButtonCommonValues</include>
				</control>
				<control type="button" id="203">
                    <description>Actions label</description>
                    <textwidth>352</textwidth>
                    <font>font13_title</font>
                    <include>ButtonCommonValues</include>
                    <label>31039</label>
                    <enable>no</enable>
                    <disabledcolor>$VAR[ColorHighlightVar]</disabledcolor>
                    <visible>Player.HasMedia | !String.IsEqual(Playlist.Length(music),0) | !String.IsEqual(Playlist.Length(video),0)</visible>
                </control>
				<include>PlaylistButtons</include>
			</control>
		</control>
		<control type="group" id="97631">
			<visible>!Window.IsActive(songinformation) + !Window.IsActive(musicinformation) + !Window.IsActive(movieinformation) + !Window.IsActive(DialogVideoInfo.xml) + !Window.IsActive(DialogMusicInfo.xml)</visible>
			<animation effect="slide" tween="cubic" time="600" start="0,700" end="0,0" reversible="false">WindowOpen</animation>
			<animation effect="slide" tween="cubic" time="300" start="0,0" end="0,700" reversible="false">WindowClose</animation>
			<animation effect="slide" tween="cubic" time="600" start="0,700" end="0,0" reversible="false">Visible</animation>
			<animation effect="slide" tween="cubic" time="300" start="0,0" end="0,700" reversible="false">Hidden</animation>


			<animation effect="slide" time="300" delay="0" start="0" end="0,483" tween="cubic" reversible="true" condition="!Window.IsVisible(DialogTextViewer.xml) + !Window.IsVisible(DialogFavourites.xml) + !Window.IsVisible(DialogButtonMenu.xml) + !Window.IsVisible(DialogKeyboard.xml) + !Window.IsVisible(DialogNumeric.xml) + !Window.IsVisible(DialogAddonInfo.xml) + !Window.IsVisible(DialogContextMenu.xml) + !Window.IsVisible(DialogAddonSettings.xml) + !Window.IsVisible(FileBrowser.xml) + !Window.IsVisible(DialogSelect.xml) + !Window.IsVisible(DialogMediaSource.xml) + [Integer.IsLessOrEqual(System.CurrentControlID, 6002) | Integer.IsGreaterOrEqual(System.CurrentControlID, 9050)] + !String.StartsWith(System.CurrentControlID, 8011) + [[String.IsEqual(Container(9000).ListItem.Property(widget),weather) + Weather.IsFetched] | [!Control.IsVisible(12345) + !String.IsEqual(Container(9000).ListItem.Property(widget),weather) + !String.IsEmpty(Container(9000).ListItem.Property(widgetName))]]">Conditional</animation>
			
			<animation effect="slide" time="300" delay="0" start="0" end="0,163" tween="cubic" reversible="true" condition="!Window.IsVisible(DialogTextViewer.xml) + !Window.IsVisible(DialogFavourites.xml) + !Window.IsVisible(DialogButtonMenu.xml) + !Window.IsVisible(DialogKeyboard.xml) + !Window.IsVisible(DialogNumeric.xml) + !Window.IsVisible(DialogAddonInfo.xml) + !Window.IsVisible(DialogContextMenu.xml) + !Window.IsVisible(DialogAddonSettings.xml) + !Window.IsVisible(FileBrowser.xml) + !Window.IsVisible(DialogSelect.xml) + !Window.IsVisible(DialogMediaSource.xml) + [Integer.IsLessOrEqual(System.CurrentControlID, 6002) | Integer.IsGreaterOrEqual(System.CurrentControlID, 9050)] + !String.StartsWith(System.CurrentControlID, 8011) + [String.IsEmpty(Container(9000).ListItem.Property(widgetName))]">Conditional</animation>

			<control type="group">
				<include>HomeDefault</include>
			</control>
			<control type="group">
				<left>-140</left>
				<top>195</top>
				<include>MenuHome3D</include>
			</control>
        </control>
	</controls>
</window>