<?xml version="1.0" encoding="UTF-8"?>
<window>
	<defaultcontrol always="true">95</defaultcontrol>
	<menucontrol>9000</menucontrol>
	<onload>SetProperty(Window.HasSettings,True,home)</onload>
	<onload>ClearProperty(MediaMenu,Home)</onload>
	<onunload>ClearProperty(Window.HasSettings,Home)</onunload>
	<allowoverlay>no</allowoverlay>
	<controls>
		<control type="multiimage" id="7977">
			<fadetime>300</fadetime>
			<animation effect="fade" time="200" tween="cubic">Visible</animation>
			<include>FullscreenDimensions</include>
			<imagepath background="true">$VAR[HomeBackgroundVar]</imagepath>
		</control>
		<include>skinshortcuts-template-WidgetFanart</include>
		<control type="visualisation">
			<visible>Player.HasAudio + !Skin.HasSetting(Disable.ShowBackgroundVis)</visible>
			<include>FullscreenDimensions</include>
		</control>
		<control type="image">
			<include>FullscreenDimensions</include>
			<texture>black.png</texture>
			<visible>Player.HasVideo + !Skin.HasSetting(Disable.ShowBackgroundVideo)</visible>
		</control>
		<control type="videowindow">
			<include>FullscreenDimensions</include>
			<visible>Player.HasVideo + !Skin.HasSetting(Disable.ShowBackgroundVideo)</visible>
		</control>
		<control type="image">
			<animation type="Conditional" condition="!Control.HasFocus(9010) + !Control.HasFocus(9000) + !Control.HasFocus(9001) + Window.IsActive(home)" reversible="false">
				<effect type="fade" delay="0" start="55" end="0" time="1000" />
			</animation>
			<animation type="Conditional" condition="true" reversible="false">
				<effect type="fade" delay="0" start="55" end="55" time="00" />
			</animation>
			<include>FullscreenDimensions</include>
			<texture>background.png</texture>
			<colordiffuse>$VAR[MenuListColorHighlightVar]</colordiffuse>
		</control>
		<control type="group" id="97631">
			<visible>!Window.IsActive(songinformation) + !Window.IsActive(musicinformation) + !Window.IsActive(movieinformation) + !Window.IsActive(DialogVideoInfo.xml) + !Window.IsActive(script-skinshortcuts.xml)</visible>
			<animation effect="slide" tween="cubic" time="600" start="0,700" end="0,0" reversible="false">WindowOpen</animation>
			<animation effect="slide" tween="cubic" time="300" start="0,0" end="0,700" reversible="false">WindowClose</animation>
			<animation effect="slide" tween="cubic" time="600" start="0,700" end="0,0" reversible="false">Visible</animation>
			<animation effect="slide" tween="cubic" time="300" start="0,0" end="0,700" reversible="false">Hidden</animation>



			<animation effect="slide" time="300" delay="0" start="0" end="0,483" tween="cubic" reversible="true" condition="!Window.IsVisible(DialogButtonMenu.xml) + !Window.IsVisible(DialogKeyboard.xml) + !Window.IsVisible(DialogNumeric.xml) + !Window.IsVisible(DialogAddonInfo.xml) + !Window.IsVisible(DialogContextMenu.xml) + !Window.IsVisible(DialogAddonSettings.xml) + !Window.IsVisible(FileBrowser.xml) + !Window.IsVisible(DialogSelect.xml) + !Window.IsVisible(Settings.xml) + ![ControlGroup(97632).HasFocus] + [Integer.IsLessOrEqual(System.CurrentControlID, 6002) | Integer.IsGreaterOrEqual(System.CurrentControlID, 9050)] + !String.StartsWith(System.CurrentControlID, 8011) + [[String.IsEqual(Container(9000).ListItem.Property(widget),weather) + Weather.IsFetched] | [!Control.IsVisible(12345) + !String.IsEqual(Container(9000).ListItem.Property(widget),weather) + !String.IsEmpty(Container(9000).ListItem.Property(widgetName))]]">Conditional</animation>
			
			<animation effect="slide" time="300" delay="0" start="0" end="0,163" tween="cubic" reversible="true" condition="!Window.IsVisible(DialogButtonMenu.xml) + !Window.IsVisible(DialogKeyboard.xml) + !Window.IsVisible(DialogNumeric.xml) + !Window.IsVisible(DialogAddonInfo.xml) + !Window.IsVisible(DialogContextMenu.xml) + !Window.IsVisible(DialogAddonSettings.xml) + !Window.IsVisible(FileBrowser.xml) + !Window.IsVisible(DialogSelect.xml) + !Window.IsVisible(Settings.xml) + ![ControlGroup(97632).HasFocus] + [Integer.IsLessOrEqual(System.CurrentControlID, 6002) | Integer.IsGreaterOrEqual(System.CurrentControlID, 9050)] + !String.StartsWith(System.CurrentControlID, 8011) + [String.IsEmpty(Container(9000).ListItem.Property(widgetName))]">Conditional</animation>

			<control type="group">
				<include>HomeDefault</include>
			</control>
			<control type="group">
				<left>-140</left>
				<top>195</top>
				<include>MenuHome3D</include>
			</control>
        </control>
		<control type="group" id="97632">
			<visible>!Window.IsActive(songinformation) + !Window.IsActive(musicinformation) + !Window.IsActive(movieinformation) + !Window.IsActive(DialogVideoInfo.xml) + !Window.IsActive(script-skinshortcuts.xml)</visible>
			<animation effect="slide" tween="cubic" time="600" start="0,700" end="0,0" reversible="false">WindowOpen</animation>
			<animation effect="slide" tween="cubic" time="300" start="0,0" end="0,700" reversible="false">WindowClose</animation>
			<animation effect="slide" tween="cubic" time="600" start="0,700" end="0,0" reversible="false">Visible</animation>
			<animation effect="slide" tween="cubic" time="300" start="0,0" end="0,700" reversible="false">Hidden</animation>
			<animation effect="fade" start="100" end="0" time="200" reversible="true" condition="Window.IsVisible(DialogButtonMenu.xml) | Window.IsVisible(DialogKeyboard.xml) | Window.IsVisible(DialogNumeric.xml) | Window.IsActive(DialogConfirm.xml) | Window.IsActive(DialogSelect.xml) | Window.IsActive(DialogSettings.xml) | Window.IsActive(FileBrowser.xml) | [ControlGroup(97631).HasFocus + String.Contains(Window.Property(xmlfile), etting)]">conditional</animation>
			<top>0</top>
			<control type="grouplist" id="9990">
				<left>70</left>
				<top>604</top>
				<width>340</width>
				<height>310</height>
				<onup>9990</onup>
				<ondown>9990</ondown>
				<onleft>59</onleft>
				<onright>9901</onright>
				<itemgap>0</itemgap>
				<onup>9990</onup>
				<ondown>9990</ondown>
					<pagecontrol>59</pagecontrol>
				<control type="button" id="95">
					<description>Button Summary Values</description>
					<height>62</height>
					<width>340</width>
					
					<font>font30</font>
					<label>20037</label>
				</control>
				<control type="button" id="94">
					<description>Button Storage</description>
					<height>62</height>
					<width>340</width>
					
					
					<font>font30</font>
					<label>13277</label>
				</control>
				<control type="button" id="96">
					<description>Button Network</description>
					<height>62</height>
					<width>340</width>
					
					
					<font>font30</font>
					<label>13279</label>
				</control>
				<control type="button" id="97">
					<description>Button Video</description>
					<height>62</height>
					<width>340</width>
					
					
					<font>font30</font>
					<label>13280</label>
				</control>
				<control type="button" id="98">
					<description>Button Hardware</description>
					<height>62</height>
					<width>340</width>
					
					
					<font>font30</font>
					<label>13281</label>
				</control>
				<!--
				<control type="button" id="99">
					<description>Button PVR</description>
					<height>62</height>
					<width>340</width>
					
					
					<font>font30</font>
					<label>19191</label>
				</control>
				-->
			</control>
			<control type="image">
                <description>LOGO</description>
                <left>82</left>
                <top>760</top>
                <width>340</width>
                <height>70</height>
                <aspectratio>keep</aspectratio>
                <texture>logo.png</texture>
                <colordiffuse>$VAR[ListColorHighlightVar]</colordiffuse>
            </control>
			<control type="group">
					<left>410</left>
					<top>604</top>
					<width>1380</width>
					<height>310</height>
				<control type="label" id="52">
					<visible>False</visible>
					<description>Kodi Version</description>
					<width>658</width>
					<height>115</height>
					<label>144</label>
					<align>left</align>
					<textcolor>$VAR[ColorHighlightVar]</textcolor>
					<wrapmultiline>true</wrapmultiline>
					<font>font30</font>
				</control>
			</control>
			<control type="grouplist" id="9901">
					<left>410</left>
					<top>604</top>
					<width>1380</width>
					<height>310</height>
				<orientation>vertical</orientation>
					<itemgap>0</itemgap>
					<pagecontrol>60</pagecontrol>
					<onleft>9990</onleft>
					<onright>60</onright>
					<onup>9901</onup>
					<ondown>9901</ondown>
				<control type="button" id="2">
					<description>Label 2</description>
					<width>1380</width>
					<height>62</height>
					<label>-</label>
					<font>font30</font>
				</control>
				<control type="button" id="3">
					<description>Label 3</description>
					<width>1380</width>
					<height>62</height>
					<label>-</label>
					<font>font30</font>
				</control>
				<control type="button" id="4">
					<description>Label 4</description>
					<width>1380</width>
					<height>62</height>
					<label>-</label>
					<font>font30</font>
				</control>
				<control type="button" id="5">
					<description>Label 5</description>
					<width>1380</width>
					<height>62</height>
					<label>-</label>
					<font>font30</font>
				</control>
				<control type="button" id="6">
					<description>Label 6</description>
					<width>1380</width>
					<height>62</height>
					<label>-</label>
					<font>font30</font>
				</control>
				<control type="button" id="7">
					<description>Label 7</description>
					<width>1380</width>
					<height>62</height>
					<label>-</label>
					<font>font30</font>
				</control>
				<control type="button" id="8">
					<description>Label 8</description>
					<width>1380</width>
					<height>62</height>
					<label>-</label>
					<font>font30</font>
				</control>
				<control type="button" id="9">
					<description>Label 9</description>
					<width>1380</width>
					<height>62</height>
					<label>-</label>
					<font>font30</font>
				</control>
				<control type="button" id="10">
					<description>Label 10</description>
					<width>1380</width>
					<height>62</height>
					<label>-</label>
					<font>font30</font>
				</control>
				<control type="button" id="11">
					<description>Label 11</description>
					<width>1380</width>
					<height>62</height>
					<label>-</label>
					<font>font30</font>
				</control>
			</control>
				<control type="scrollbar" id="59">
							<top>604</top>
						<left>60</left>
						<width>10</width>
						<height>310</height>
					<onleft>Action(back)</onleft>
					<onright>9990</onright>
					<ondown>59</ondown>
					<onup>59</onup>
					<showonepage>true</showonepage>
				</control>
				<control type="scrollbar" id="60">
							<top>604</top>
						<left>1790</left>
						<width>10</width>
						<height>310</height>
					<onleft>9901</onleft>
					<onright>Action(back)</onright>
					<ondown>60</ondown>
					<onup>60</onup>
					<showonepage>true</showonepage>
				</control>
		</control>
	</controls>
</window>