<?xml version="1.0" encoding="UTF-8"?>
<window>
	<defaultcontrol always="true">22</defaultcontrol>
	<coordinates>
		<left>0</left>
		<top>0</top>
		<origin x="60" y="0">true</origin>
	</coordinates>
	<animation type="WindowOpen" reversible="false">
		<effect type="fade" delay="300" end="100" time="300" />
	</animation>
	<controls>
		<control type="group">
			<visible>!Window.IsVisible(smartplaylistrule)</visible>
			<animation effect="fade" end="0" start="100" time="0" condition="Window.IsVisible(SmartPlaylistRule.xml) | Window.IsVisible(DialogAddonSettings.xml) | Window.IsVisible(DialogKeyboard.xml) | Window.IsVisible(DialogNumeric.xml) | Window.IsVisible(DialogSelect.xml) | Window.IsVisible(DialogConfirm.xml) | Window.IsVisible(FileBrowser.xml) | Window.IsVisible(DialogButtonMenu.xml)" reversible="false">Conditional</animation>
			<left>0</left>
			<top>604</top>
			<include content="DialogBackgroundCommonsFake">
				<param name="DialogBackgroundWidth" value="1346" />
				<param name="DialogBackgroundHeight" value="680" />
				<param name="DialogHeaderLabel" value="-" />
				<param name="DialogHeaderId" value="20" />
			</include>
			<!-- left group-->
			<control type="group" id="9002">
				<left>60</left>
				<width>835</width>
				<height>310</height>
				<pagecontrol>59</pagecontrol>
				<control type="button" id="22">
					<description>Set Playlist type</description>
					<width>835</width>
					<height>62</height>
					<textcolor>$VAR[ColorTextVar]</textcolor>
					<focusedcolor>$VAR[ColorTextVar]</focusedcolor>
					<font>font30</font>
					<aligny>center</aligny>
					<label>467</label>
					<onright>9003</onright>
					<onleft>9001</onleft>
					<onup>10</onup>
					<ondown>12</ondown>
				</control>
				<control type="edit" id="12">
					<description>Name Button</description>
					<top>62</top>
					<width>835</width>
					<height>62</height>
					<textcolor>$VAR[ColorTextVar]</textcolor>
					<focusedcolor>$VAR[ColorTextVar]</focusedcolor>
					<font>font30</font>
					<aligny>center</aligny>
					<label>-</label>
					<onup>22</onup>
					<onleft>9001</onleft>
					<onright>9003</onright>
					<ondown>16</ondown>
					<hinttext>21433</hinttext>
				</control>
				<control type="button">
					<description>rules label</description>
					<top>124</top>
					<height>62</height>
					<width>835</width>
					<textcolor>$VAR[ColorTextVar]</textcolor>
					<focusedcolor>$VAR[ColorTextVar]</focusedcolor>
					<font>font30</font>
					<aligny>center</aligny>
					<label>21434</label>
					<disabledcolor>$VAR[ColorHighlightVar]</disabledcolor>
					<enable>no</enable>
					<texturefocus border="1">-</texturefocus>
				</control>
				<control type="button" id="16">
					<height>62</height>
					<top>186</top>
					<width>835</width>
					<font>font30</font>
					<label>21424</label>
					<onright>9003</onright>
					<onleft>9001</onleft>
					<onup>12</onup>
					<ondown>10</ondown>
				</control>
				<control type="panel" id="10">
					<description>Rules List Control</description>
					<top>248</top>
					<width>835</width>
					<height>62</height>
					<onup>16</onup>
					<onleft>9001</onleft>
					<onright>9003</onright>
					<ondown>17</ondown>
					<itemlayout width="835" height="62">
						<control type="label">
							<info>ListItem.Label</info>
							<selectedcolor>$VAR[ColorHighlightVar]</selectedcolor>
							<font>font30</font>
						</control>
					</itemlayout>
					<focusedlayout width="835" height="62">
						<control type="image">
							<texture>listselect_fo.png</texture>
							<colordiffuse>$VAR[ListColorHighlightVar]</colordiffuse>
							<include>VisibleFadeEffect</include>
						</control>
						<control type="label">
							<info>ListItem.Label</info>
							<font>font30</font>
						</control>
					</focusedlayout>
				</control>
			</control>
			<control type="group" id="9004">
				<control type="grouplist" id="9001">
					<left>-30</left>
					<width>62</width>
					<height>310</height>
					<onup>9001</onup>
					<onleft>Action(back)</onleft>
					<onright>9002</onright>
					<ondown>9001</ondown>
					<align>center</align>
					<itemgap>0</itemgap>
					<orientation>vertical</orientation>
					<control type="button" id="20">
						<description>Ok Button</description>
						<width>62</width>
						<height>62</height>
						<label></label>
						<align>center</align>
						<font>IconButton</font>
					</control>
					<control type="button" id="21">
						<description>Cancel Button</description>
						<width>62</width>
						<height>62</height>
						<label></label>
						<align>center</align>
						<font>IconButton</font>
					</control>
					<control type="button" id="13">
						<description>Add Rule Button</description>
						<width>62</width>
						<height>62</height>
						<label></label>
						<align>center</align>
						<font>IconButton</font>
					</control>
					<control type="button" id="14">
						<description>Remove Rule Button</description>
						<width>62</width>
						<height>62</height>
						<label></label>
						<align>center</align>
						<font>IconButton</font>
					</control>
					<control type="button" id="15">
						<description>Edit Rule Button</description>
						<width>62</width>
						<height>62</height>
						<label></label>
						<align>center</align>
						<font>IconButton</font>
					</control>
				</control>
				<control type="group" id="9003">
					<left>905</left>
					<width>835</width>
					<height>310</height>
					<pagecontrol>60</pagecontrol>
					<control type="button" id="17">
						<width>835</width>
						<font>font30</font>
						<label>21427</label>
						<onright>9002</onright>
						<onleft>9002</onleft>
						<onup>24</onup>
						<ondown>18</ondown>
					</control>
					<control type="button" id="18">
						<top>62</top>
						<width>835</width>
						<font>font30</font>
						<label>21429</label>
						<onright>9002</onright>
						<onleft>9002</onleft>
						<onup>17</onup>
						<ondown>19</ondown>
					</control>
					<control type="button" id="19">
						<top>124</top>
						<width>835</width>
						<align>left</align>
						<font>font30</font>
						<label>580</label>
						<onright>9002</onright>
						<onleft>9002</onleft>
						<onup>18</onup>
						<ondown>23</ondown>
					</control>
					<control type="button" id="23">
						<top>186</top>
						<width>835</width>
						<font>font30</font>
						<label>21458</label>
						<onright>9002</onright>
						<onleft>9002</onleft>
						<onup>19</onup>
						<ondown>24</ondown>
					</control>
					<control type="radiobutton" id="24">
						<top>248</top>
						<width>835</width>
						<align>center</align>
						<font>font30</font>
						<label>$LOCALIZE[467]: $LOCALIZE[2149001]</label>
						<onright>9002</onright>
						<onleft>9002</onleft>
						<onup>23</onup>
						<ondown>17</ondown>
					</control>
				</control>
			</control>
			<control type="scrollbar" id="60">
				<left>895</left>
				<width>10</width>
				<height>310</height>
				<onleft>9002</onleft>
				<onright>9003</onright>
				<ondown>60</ondown>
				<onup>60</onup>
				<showonepage>true</showonepage>
			</control>
		</control>
	</controls>
</window>