<?xml version="1.0" encoding="UTF-8"?>
<window>
	<coordinates>
		<system>1</system>
		<left>0</left>
		<top>0</top>
	</coordinates>
	<onload condition="Window.IsVisible(shutdownmenu)">AlarmClock(foc2,ActivateWindow(shutdownmenu),00:00,silent)</onload>
	<onload condition="Window.IsVisible(shutdownmenu)">Dialog.Close(shutdownmenu,true)</onload>
	<onload condition="!Window.IsVisible(shutdownmenu)">SetFocus(9000,4)</onload>
	<controls>
		<include>VideoButtonsGroup</include>
		<control type="group" id="97631">
            <animation effect="slide" end="0,800" start="0" time="400" condition="Window.IsVisible(DialogSlider.xml)" reversible="true">Conditional</animation>
			<animation effect="slide" tween="cubic" time="600" start="0,700" end="0,0" reversible="false">WindowOpen</animation>
			<animation effect="slide" tween="cubic" time="300" start="0,0" end="0,700" reversible="false">WindowClose</animation>
			<animation effect="slide" tween="cubic" time="600" start="0,700" end="0,0" reversible="false">Visible</animation>
			<animation effect="slide" tween="cubic" time="300" start="0,0" end="0,700" reversible="false">Hidden</animation>

			<animation effect="slide" time="300" delay="0" start="0" end="0,483" tween="cubic" reversible="true" condition="!Window.IsVisible(DialogButtonMenu.xml) + !Window.IsVisible(DialogSettings.xml) + !Window.IsVisible(DialogKeyboard.xml) + !Window.IsVisible(DialogNumeric.xml) + !Window.IsVisible(DialogAddonInfo.xml) + !Window.IsVisible(DialogContextMenu.xml) + !Window.IsVisible(DialogAddonSettings.xml) + !Window.IsVisible(FileBrowser.xml) + !Window.IsVisible(DialogSelect.xml) + !Window.IsVisible(DialogMediaSource.xml) + !Window.IsVisible(VideoOSD.xml) + [Integer.IsLessOrEqual(System.CurrentControlID, 6002) | Integer.IsGreaterOrEqual(System.CurrentControlID, 9050)] + !String.StartsWith(System.CurrentControlID, 8011) + [[String.IsEqual(Container(9000).ListItem.Property(widget),weather) + Weather.IsFetched] | [!Control.IsVisible(12345) + !String.IsEqual(Container(9000).ListItem.Property(widget),weather) + !String.IsEmpty(Container(9000).ListItem.Property(widgetName))]]">Conditional</animation>
			
			<animation effect="slide" time="300" delay="0" start="0" end="0,163" tween="cubic" reversible="true" condition="!Window.IsVisible(DialogButtonMenu.xml) + !Window.IsVisible(DialogSettings.xml) + !Window.IsVisible(DialogKeyboard.xml) + !Window.IsVisible(DialogNumeric.xml) + !Window.IsVisible(DialogAddonInfo.xml) + !Window.IsVisible(DialogContextMenu.xml) + !Window.IsVisible(DialogAddonSettings.xml) + !Window.IsVisible(FileBrowser.xml) + !Window.IsVisible(DialogSelect.xml) + !Window.IsVisible(DialogMediaSource.xml) + !Window.IsVisible(VideoOSD.xml) + [Integer.IsLessOrEqual(System.CurrentControlID, 6002) | Integer.IsGreaterOrEqual(System.CurrentControlID, 9050)] + !String.StartsWith(System.CurrentControlID, 8011) + [String.IsEmpty(Container(9000).ListItem.Property(widgetName))]">Conditional</animation>
			<control type="group">
				<include>HomeDefault</include>
			</control>
			<control type="group">
				<left>-140</left>
				<top>195</top>
				<include>MenuHome3D</include>
			</control>
			<control type="group">
				<animation effect="slide" time="300" delay="1" start="0" end="0,-320" tween="cubic" reversible="true" condition="[[!ControlGroup(97631).HasFocus + Window.IsActive(script-skinshortcuts.xml)] | [!ControlGroup(97631).HasFocus + String.Contains(Window.Property(xmlfile), etting)] | Window.IsVisible(DialogConfirm.xml) | Window.IsVisible(DialogSubtitles.xml)  | Window.IsVisible(DialogSettings.xml) | Window.IsVisible(FileBrowser.xml) | Window.IsVisible(DialogContextMenu.xml) | Window.IsVisible(DialogAddonSettings.xml) | Window.IsVisible(DialogAddonInfo.xml) | Window.IsVisible(DialogSelect.xml) | [[Window.IsVisible(DialogButtonMenu.xml) | Control.Hasfocus(9010)] + [Control.IsVisible(12345) | String.IsEmpty(Container(9000).ListItem.Property(widgetName))]]] | [!Window.IsVisible(FileBrowser.xml) + !Window.IsVisible(DialogSelect.xml) + !Window.IsVisible(DialogAddonSettings.xml) + [!Window.IsVisible(movieinformation) + [String.IsEqual(Container(9000).ListItem.Property(widget),weather) + Weather.IsFetched] | [!Control.IsVisible(12345) + !String.IsEqual(Container(9000).ListItem.Property(widget),weather) + !String.IsEmpty(Container(9000).ListItem.Property(widgetName))]]]">Conditional</animation>
				<left>0</left>
				<top>797</top>
				<control type="progress" id="399">
					<left>30</left>
					<top>3333</top>
					<info>Player.ProgressCache</info>
				</control>
				<control type="progress" id="400">
					<top>3333</top>
					<info>Player.Progress</info>
				</control>
				<control type="slider" id="401">
					<top>3333</top>
					<orientation>horizontal</orientation>
				</control>
				<control type="image">
					<top>19</top>
					<left>19</left>
					<width>80</width>
					<height>80</height>
					<texture>progress/images/$INFO[Control.GetLabel(399),inner,%.png]</texture>
				</control>
				<control type="image">
					<top>19</top>
					<left>19</left>
					<width>80</width>
					<height>80</height>
					<texture>progress/images/$INFO[Control.GetLabel(401),middle,.png]</texture>
				</control>
				<control type="image">
					<top>19</top>
					<left>19</left>
					<width>80</width>
					<height>80</height>
					<texture>progress/images/$INFO[Control.GetLabel(400),outer,%.png]</texture>
				</control>
			</control>
        </control>
	</controls>
</window>