<?xml version="1.0" encoding="UTF-8"?>
<window type="dialog">
	<defaultcontrol always="true">115</defaultcontrol>
	<coordinates>
		<left>0</left>
		<top>0</top>
		<origin x="60" y="0">true</origin>
	</coordinates>
	<animation type="WindowOpen" reversible="false">
		<effect type="fade" delay="300" end="100" time="300" />
	</animation>
	<controls>
		<control type="group">
            <animation effect="fade" end="0" start="100" time="0" condition="Window.IsVisible(DialogContextMenu.xml) | Window.IsVisible(DialogKeyboard.xml) | Window.IsVisible(DialogNumeric.xml) | Window.IsVisible(DialogConfirm.xml) | Window.IsVisible(FileBrowser.xml) | Window.IsVisible(DialogButtonMenu.xml)" reversible="false">Conditional</animation>
			<include content="DialogBackgroundCommonsFake">
				<param name="DialogBackgroundWidth" value="1090" />
				<param name="DialogBackgroundHeight" value="960" />
				<param name="DialogHeaderLabel" value="298" />
				<param name="DialogHeaderId" value="" />
			</include>
			<control type="label">
				<left>57</left>
				<top>536</top>
				<width>1715</width>
				<height>45</height>
				<font>topbar</font>
				
				
				<textcolor>$VAR[ColorMenuVar]</textcolor>
				<label>$INFO[Container(11).ListItem.Label,[B],[/B] ]$INFO[Container(11).ListItem.Label2]</label>
			</control>
			<control type="group" id="9010">
				<left>0</left>
				<top>604</top>
				<control type="panel" id="11">
					<left>60</left>
					<width>1670</width>
					<height>310</height>
					<onup>11</onup>
					<ondown>11</ondown>
					<onleft>9001</onleft>
					<onright>60</onright>
					<pagecontrol>60</pagecontrol>
					<movement>1</movement>
					<orientation>Vertical</orientation>
					<scrolltime tween="quadratic" easing="out">300</scrolltime>
					<itemlayout height="310" width="1670">
						<control type="image">
							<texture>background.png</texture>
							<colordiffuse>$VAR[MenuListColorHighlightVar]</colordiffuse>
						</control>
						<control type="image">
							<visible>String.IsEqual(ListItem.Label, ..)</visible>
							<texture fallback="DefaultFolderBack.png">special://skin/extras/icons/DefaultFolderBack.png</texture>
							<colordiffuse>$VAR[IconColorVar]</colordiffuse>
							<aspectratio align="center" aligny="center">scale</aspectratio>
						</control>
						<control type="image">
							<visible>!String.IsEqual(ListItem.Label, ..)</visible>
							<texture fallback="DefaultAddonSource.png">$INFO[ListItem.Icon]</texture>
							<colordiffuse>$VAR[IconColorVar]</colordiffuse>
							<aspectratio align="center" aligny="center">scale</aspectratio>
						</control>
					</itemlayout>
					<focusedlayout height="310" width="1670">
						<control type="image">
							<texture>background.png</texture>
							<colordiffuse>$VAR[ColorMenuVar]</colordiffuse>
						</control>
						<control type="image">
							<visible>String.IsEqual(ListItem.Label, ..)</visible>
							<texture fallback="DefaultFolderBack.png">special://skin/extras/icons/DefaultFolderBack.png</texture>
							<aspectratio align="center" aligny="center">scale</aspectratio>
							<bordersize>6</bordersize>
						</control>
						<control type="image">
							<visible>!String.IsEqual(ListItem.Label, ..)</visible>
							<texture fallback="DefaultAddonSource.png">$INFO[ListItem.Icon]</texture>
							<aspectratio align="center" aligny="center">scale</aspectratio>
							<bordersize>12</bordersize>
						</control>
						<!--
						<control type="label">
							<visible>!Window.IsVisible(MyWeather.xml)</visible>
							<visible>!Window.IsVisible(script-skinshortcuts.xml)</visible>
							<animation effect="slide" time="0" start="0,0" end="0,-220">Focus</animation>
							<font>IconBig</font>
							<align>center</align>
							<textcolor>$VAR[ColorMenuVar]</textcolor>
							<label>$VAR[DialogSelectItemLabel1]</label>
							<bordersize>6</bordersize>
						</control>
						<control type="label">
							<visible>!Window.IsVisible(MyWeather.xml)</visible>
							<visible>!Window.IsVisible(script-skinshortcuts.xml)</visible>
							<animation effect="slide" time="0" start="0,0" end="0,-202">Focus</animation>
							<font>IconLarge</font>
							<align>center</align>
							<textcolor>$VAR[MenuListColorHighlightVar]</textcolor>
							<label>$VAR[DialogSelectItemLabel2]</label>
							<bordersize>6</bordersize>
						</control>
						-->
					</focusedlayout>
				</control>
				<control type="scrollbar" id="60">
					<left>1730</left>
					<width>10</width>
					<height>310</height>
					<onleft>11</onleft>
					<onright>Action(back)</onright>
					<orientation>vertical</orientation>
					<showonepage>true</showonepage>
				</control>
			</control>
			<control type="button" id="2">
				<top>2120</top>
				<visible>false</visible>
			</control>
			<control type="button" id="3">
				<top>2120</top>
				<visible>false</visible>
			</control>
			<control type="button" id="4">
				<top>2120</top>
				<visible>false</visible>
			</control>
			<control type="grouplist" id="9001">
				<left>-30</left>
				<top>604</top>
				<width>62</width>
				<height>310</height>
				<ondown>9001</ondown>
				<onup>9001</onup>
				<onleft>Action(back)</onleft>
				<onright>11</onright>
				<align>top</align>
				<itemgap>0</itemgap>
				<orientation>vertical</orientation>
				<control type="button" id="115">
					<description>Create Bookmark button</description>
					<width>62</width>
					<height>62</height>
					<label></label>
					<align>center</align>
					<font>IconButton</font>
					<onclick>SendClick(2)</onclick>
					<texturefocus/>
					<focusedcolor>$VAR[MenuListColorHighlightVar]</focusedcolor>
				</control>
				<control type="button" id="116">
					<description>Clear Bookmark button</description>
					<width>62</width>
					<height>62</height>
					<label></label>
					<align>center</align>
					<font>IconButton</font>
					<onclick>SendClick(3)</onclick>
					<texturefocus/>
					<focusedcolor>$VAR[MenuListColorHighlightVar]</focusedcolor>
				</control>
				<control type="button" id="117">
					<description>Set episode bookmark</description>
					<width>62</width>
					<height>62</height>
					<label></label>
					<align>center</align>
					<font>IconButton</font>
					<onclick>SendClick(4)</onclick>
					<texturefocus/>
					<focusedcolor>$VAR[MenuListColorHighlightVar]</focusedcolor>
				</control>
			</control>
		</control>
	</controls>
</window>