<?xml version="1.0" encoding="utf-8"?>
<window id="1128" type="dialog">
	
	<onunload>ClearProperty(CustomSelectVideoDiscArtFallback,skinsettings)</onunload>
	<onunload>ClearProperty(CustomSelectMusicDiscArtFallback,skinsettings)</onunload>
	<onunload>ClearProperty(CustomSelectNowPlayingMovieInfo,skinsettings)</onunload>
	<onunload>ClearProperty(CustomSelectNowPlayingVideoInfo,skinsettings)</onunload>
	<onunload>ClearProperty(CustomSelectNowPlayingMusicInfo,skinsettings)</onunload>
	
    <defaultcontrol always="true">100</defaultcontrol>
	<include>DialogOpenClose</include>
	<controls>
	
		<control type="group" description="All dialog content">
			<animation type="WindowOpen">
				<effect type="zoom" start="95" end="100" center="960,540" time="200" />
				<effect type="fade" start="80" end="100" time="200" />
			</animation>
			<animation type="WindowClose">
				<effect type="zoom" start="100" end="95" center="960,540" time="100" />
				<effect type="fade" start="100" end="0" time="100" />
			</animation>
			<posx>172</posx>
			<posy>180</posy>
            <control type="group">
			    <control type="image">
				    <posx>326</posx>
				    <posy>-20</posy>
				    <width>1120</width>
				    <height>580</height>
				    <texture>dialogs/SettingsBG.png</texture>
				    <colordiffuse>$VAR[DialogBGColor]</colordiffuse>
					<visible>![String.IsEmpty(Window(skinsettings).Property(CustomSelectVideoDiscArtFallback)) + String.IsEmpty(Window(skinsettings).Property(CustomSelectMusicDiscArtFallback))]</visible>
			    </control>
				<control type="image">
				    <posx>326</posx>
				    <posy>-20</posy>
				    <width>1320</width>
				    <height>780</height>
				    <texture>dialogs/SettingsBG.png</texture>
				    <colordiffuse>$VAR[DialogBGColor]</colordiffuse>
				    <visible>[String.IsEmpty(Window(skinsettings).Property(CustomSelectVideoDiscArtFallback)) + String.IsEmpty(Window(skinsettings).Property(CustomSelectMusicDiscArtFallback))]</visible>
			    </control>
			    <control type="label">
				    <posx>545</posx>
				    <posy>5</posy>
				    <width>885</width>
				    <height>30</height>
				    <align>center</align>
				    <aligny>center</aligny>
				    <font>ListDetails</font>
				    <textcolor>$VAR[HighlightColor]</textcolor>
				    <label>$VAR[CustomInfoSelectHeader]</label>
					<visible>![String.IsEmpty(Window(skinsettings).Property(CustomSelectVideoDiscArtFallback)) + String.IsEmpty(Window(skinsettings).Property(CustomSelectMusicDiscArtFallback))]</visible>
			    </control>
				<control type="label">
				    <posx>306</posx>
				    <posy>5</posy>
				    <width>1600</width>
				    <height>30</height>
				    <align>center</align>
				    <aligny>center</aligny>
				    <font>ListDetails</font>
				    <textcolor>$VAR[HighlightColor]</textcolor>
				    <label>$VAR[CustomInfoSelectHeader]</label>
					<visible>[String.IsEmpty(Window(skinsettings).Property(CustomSelectVideoDiscArtFallback)) + String.IsEmpty(Window(skinsettings).Property(CustomSelectMusicDiscArtFallback))]</visible>
			    </control>
            </control>
			<control type="group">
				<left>645</left>
				<top>100</top>
				<visible>![String.IsEmpty(Window(skinsettings).Property(CustomSelectVideoDiscArtFallback)) + String.IsEmpty(Window(skinsettings).Property(CustomSelectMusicDiscArtFallback))]</visible>
				<include content="ShadowedImage">
					<param name="top">0</param>
					<param name="left">0</param>
					<param name="width">380</param>
					<param name="height">380</param>
					<param name="shadowoffset">8</param>
					<param name="texture">$INFO[ListItem.Icon]</param>
				</include>
			</control>
			<control type="group">
				<left>645</left>
				<top>-80</top>
				<visible>[String.IsEmpty(Window(skinsettings).Property(CustomSelectVideoDiscArtFallback)) + String.IsEmpty(Window(skinsettings).Property(CustomSelectMusicDiscArtFallback))]</visible>
				<include content="ShadowedImage">
					<param name="top">0</param>
					<param name="left">0</param>
					<param name="width">900</param>
					<param name="height">900</param>
					<param name="shadowoffset">8</param>
					<param name="texture">$INFO[ListItem.Icon]</param>
				</include>
			</control>
			<control type="group">
			    <visible>![String.IsEmpty(Window(skinsettings).Property(CustomSelectVideoDiscArtFallback)) + String.IsEmpty(Window(skinsettings).Property(CustomSelectMusicDiscArtFallback))]</visible>
			    <control type="image" description="Line Split">
                    <posy>40</posy>
                    <left>550</left>
				    <width>860</width>
                    <height>1</height>
                    <texture>img/LineL.png</texture>
                    <aspectratio>stretch</aspectratio>
                </control>
			    <control type="image" description="Line Split">
                    <posy>50</posy>
                    <left>1145</left>
				    <width>1</width>
                    <height>480</height>
                    <texture>img/LineL.png</texture>
                    <aspectratio>stretch</aspectratio>
                </control>
			</control>	
			<control type="group">
				<visible>![String.IsEmpty(Window(skinsettings).Property(CustomSelectVideoDiscArtFallback)) + String.IsEmpty(Window(skinsettings).Property(CustomSelectMusicDiscArtFallback))]</visible>
				<control type="list" id="100">
					<posx>350</posx>
					<posy>40</posy>
					<width>184</width>
					<height>480</height>
					<orientation>vertical</orientation>
					<onleft>60</onleft>
					<onright>90</onright>
					<onup>100</onup>
					<ondown>100</ondown>
					<pagecontrol>60</pagecontrol>
					<scrolltime>0</scrolltime>
					<itemlayout width="184" height="60">
						<control type="image">
							<width>184</width>
							<height>60</height>
							<texture border="3">list/ListNF.png</texture>
						</control>
						<control type="label">
							<posx>10</posx>
							<width>172</width>
							<height>60</height>
							<label>$INFO[ListItem.Label]</label>
							<selectedcolor>$VAR[HighlightColor]</selectedcolor>
						</control>
					</itemlayout>
					<focusedlayout width="180" height="60">
						<control type="image">
							<width>184</width>
							<height>60</height>
							<texture border="3">list/ListNF.png</texture>
						</control>
						<control type="image">
							<visible>Control.HasFocus(100)</visible>
							<include>VisibleFadeEffect</include>
							<width>184</width>
							<height>60</height>
							<texture border="4" colordiffuse="$VAR[HighlightColor]">WhiteRoundedcbxST2.png</texture>
						</control>
						<control type="label">
							<visible>Control.HasFocus(100)</visible>
							<posx>10</posx>
							<width>172</width>
							<height>60</height>
							<textcolor>$VAR[FocusedTextColor]</textcolor>
                            <selectedcolor>SelectedFocused</selectedcolor>
							<shadowcolor>HeavyShadow</shadowcolor>
							<label>$INFO[ListItem.Label]</label>
						</control>
						<control type="label">
							<visible>!Control.HasFocus(100)</visible>
							<posx>10</posx>
							<width>172</width>
							<height>60</height>
                            <selectedcolor>$VAR[HighlightColor]</selectedcolor>
							<label>$INFO[ListItem.Label]</label>
						</control>
					</focusedlayout>
					<content>
					    <include condition="!String.IsEmpty(Window(skinsettings).Property(CustomSelectVideoDiscArtFallback))">SelectNowPlayingVideoDiscArtFallback</include>
					    <include condition="!String.IsEmpty(Window(skinsettings).Property(CustomSelectMusicDiscArtFallback))">SelectNowPlayingMusicDiscArtFallback</include>
					</content>
				</control>
			</control>
			<control type="group">
			    <visible>[String.IsEmpty(Window(skinsettings).Property(CustomSelectVideoDiscArtFallback)) + String.IsEmpty(Window(skinsettings).Property(CustomSelectMusicDiscArtFallback))]</visible>
				<control type="list" id="100">
					<posx>360</posx>
					<posy>70</posy>
					<width>208</width>
					<height>600</height>
					<orientation>vertical</orientation>
					<onleft>60</onleft>
					<onright>90</onright>
					<onup>6</onup>
					<ondown>6</ondown>
					<pagecontrol>60</pagecontrol>
					<scrolltime>0</scrolltime>
					<itemlayout width="208" height="60">
						<control type="image">
							<width>208</width>
							<height>60</height>
							<texture border="3">list/ListNF.png</texture>
						</control>
						<control type="label">
							<posx>10</posx>
							<width>200</width>
							<height>60</height>
							<label>$INFO[ListItem.Label]</label>
							<selectedcolor>$VAR[HighlightColor]</selectedcolor>
						</control>
					</itemlayout>
					<focusedlayout width="208" height="60">
						<control type="image">
							<width>208</width>
							<height>60</height>
							<texture border="3">list/ListNF.png</texture>
						</control>
						<control type="image">
							<visible>Control.HasFocus(100)</visible>
							<include>VisibleFadeEffect</include>
							<width>208</width>
							<height>60</height>
							<texture border="4" colordiffuse="$VAR[HighlightColor]">WhiteRoundedcbxST2.png</texture>
						</control>
						<control type="label">
							<visible>Control.HasFocus(100)</visible>
							<posx>10</posx>
							<width>200</width>
							<height>60</height>
							<textcolor>$VAR[FocusedTextColor]</textcolor>
                            <selectedcolor>SelectedFocused</selectedcolor>
							<shadowcolor>HeavyShadow</shadowcolor>
							<label>$INFO[ListItem.Label]</label>
						</control>
						<control type="label">
							<visible>!Control.HasFocus(100)</visible>
							<posx>10</posx>
							<width>200</width>
							<height>60</height>
                            <selectedcolor>$VAR[HighlightColor]</selectedcolor>
							<label>$INFO[ListItem.Label]</label>
						</control>
					</focusedlayout>
					<content>
						<include condition="!String.IsEmpty(Window(skinsettings).Property(CustomSelectNowPlayingMovieInfo))">SelectNowPlayingMovieInfo</include>
					    <include condition="!String.IsEmpty(Window(skinsettings).Property(CustomSelectNowPlayingVideoInfo))">SelectNowPlayingVideoInfo</include>
					    <include condition="!String.IsEmpty(Window(skinsettings).Property(CustomSelectNowPlayingMusicInfo))">SelectNowPlayingMusicInfo</include>
					</content>
				</control>
			</control>	
			<control type="scrollbar" id="60">
				<visible>![String.IsEmpty(Window(skinsettings).Property(CustomSelectVideoDiscArtFallback)) + String.IsEmpty(Window(skinsettings).Property(CustomSelectMusicDiscArtFallback))]</visible>
				<posx>325</posx>
				<posy>-150</posy>
				<width>36</width>
				<height>600</height>
				<texturesliderbackground></texturesliderbackground>
				<texturesliderbar></texturesliderbar>
				<texturesliderbarfocus></texturesliderbarfocus>
				<textureslidernib border="18">OSD/ScrollbarNibNF.png</textureslidernib>
				<textureslidernibfocus border="18" colordiffuse="$VAR[HighlightColor]">OSD/ScrollbarNibFO.png</textureslidernibfocus>
				<showonepage>false</showonepage>
				<orientation>vertical</orientation>
				<onright>100</onright>
			</control>
			<control type="grouplist" id="90">
				<visible>![String.IsEmpty(Window(skinsettings).Property(CustomSelectVideoDiscArtFallback)) + String.IsEmpty(Window(skinsettings).Property(CustomSelectMusicDiscArtFallback))]</visible>
				<top>460</top>
				<left>1160</left>
				<onleft>100</onleft>
				<onright>100</onright>
				<control type="button" id="901">
					<description>Cancel button</description>
					<width>254</width>
					<height>60</height>
					<label>$LOCALIZE[15067]</label>
					<align>center</align>
					<texturenofocus border="3">buttons/ButtonNF.png</texturenofocus>
					<onclick>Action(Close)</onclick>
				</control>
			</control>
		</control>
	</controls>
</window>