<?xml version="1.0" encoding="UTF-8"?>
<window>
	<defaultcontrol always="true">6</defaultcontrol>
	<views>50</views>
	<include>OpenClose</include>
	<controls>
		<include>DefaultBackground</include>
		<include>Time</include>
		<control type="group" description="Content Upper">
			<include>DialogOpenClose</include>
			<posx>30</posx>
			<posy>40</posy>
			<control type="image">
				<description>background image</description>
				<width>900</width>
				<height>1000</height>
				<texture border="20,20,300,20">dialogs/SmartplaylistRule.png</texture>
				<colordiffuse>$VAR[DialogBGColor]</colordiffuse>
			</control>
			<control type="label" description="Browse files">
				<posx>20</posx>
				<posy>84</posy>
				<width>837</width>
				<height>60</height>
				<textcolor>$VAR[HighlightColor]</textcolor>
				<textoffsetx>20</textoffsetx>
				<label>$LOCALIZE[20094]</label>
			</control>
			<control type="list" id="50">
				<posx>20</posx>
				<posy>160</posy>
				<width>600</width>
				<height>780</height>
				<onleft>60</onleft>
				<onright>9000</onright>
				<onup>50</onup>
				<ondown>50</ondown>
				<scrolltime>200</scrolltime>
				<pagecontrol>60</pagecontrol>
				<itemlayout height="60" width="909">
					<control type="image">
						<height>60</height>
						<width>909</width>
						<texture border="5" flipy="true">list/ListNF.png</texture>
					</control>
					<control type="label">
						<height>60</height>
						<width>909</width>
						<scroll>false</scroll>
						<textoffsetx>20</textoffsetx>
						<label>$INFO[ListItem.Label]</label>
					</control>
				</itemlayout>
				<focusedlayout height="60" width="909">
					<control type="image">
						<height>60</height>
						<width>909</width>
						<texture border="4" colordiffuse="$VAR[HighlightColor]">WhiteRoundedcbxST2.png</texture>
						<animation type="Conditional" condition="!Control.HasFocus(50)">
							<effect type="fade" start="100" end="50" time="100" />
						</animation>
					</control>
					<control type="label">
						<height>60</height>
						<width>909</width>
						<textoffsetx>20</textoffsetx>
						<textcolor>$VAR[FocusedTextColor]</textcolor>
						<shadowcolor>$VAR[DiffuseColor]</shadowcolor>
						<label>$INFO[ListItem.Label]</label>
					</control>
				</focusedlayout>
			</control>
			<control type="scrollbar" id="60">
				<posy>120</posy>
				<width>36</width>
				<height>780</height>
				<texturesliderbackground></texturesliderbackground>
				<texturesliderbar></texturesliderbar>
				<texturesliderbarfocus></texturesliderbarfocus>
				<textureslidernib border="18">OSD/ScrollbarNibNF.png</textureslidernib>
				<textureslidernibfocus border="18" colordiffuse="$VAR[HighlightColor]">OSD/ScrollbarNibFO.png</textureslidernibfocus>
				<showonepage>false</showonepage>
				<orientation>vertical</orientation>
				<onleft>100</onleft>
				<onright>50</onright>
			</control>
			<control type="grouplist" id="9000" description="Right side">
				<posx>630</posx>
				<posy>140</posy>
				<onleft>50</onleft>
				<onright>100</onright>
				<onup>9000</onup>
				<ondown>9000</ondown>
				<orientation>vertical</orientation>
				<control type="button" id="6" description="Open">
					<width>220</width>
					<label>$LOCALIZE[502]</label>
					<texturenofocus border="3">buttons/ButtonNF.png</texturenofocus>
				</control>
				<control type="button" id="7" description="save">
					<width>220</width>
					<label>$LOCALIZE[190]</label>
					<texturenofocus border="3">buttons/ButtonNF.png</texturenofocus>
				</control>
				<control type="button" id="8" description="clear">
					<width>220</width>
					<label>$LOCALIZE[192]</label>
					<texturenofocus border="3">buttons/ButtonNF.png</texturenofocus>
				</control>
			</control>
		</control>
		<control type="group" description="Content Playlist">
			<include>DialogOpenClose</include>
			<posx>950</posx>
			<posy>40</posy>
			<control type="image">
				<description>background image</description>
				<posy>40</posy>
				<width>900</width>
				<height>970</height>
				<texture border="20,20,300,20">dialogs/FileManagerPanel.png</texture>
				<colordiffuse>$VAR[DialogBGColor]</colordiffuse>
			</control>
			<control type="label" description="Playlist">
				<posx>20</posx>
				<posy>84</posy>
				<width>837</width>
				<height>60</height>
				<textcolor>$VAR[HighlightColor]</textcolor>
				<textoffsetx>20</textoffsetx>
				<label>$LOCALIZE[13350]</label>
			</control>
			<control type="label" id="101" description="item count">
				<left>20</left>
				<posy>85</posy>
				<width>837</width>
				<align>right</align>
				<textcolor>$VAR[HighlightColor]</textcolor>
			</control>
			<control type="list" id="100">
				<posx>20</posx>
				<posy>160</posy>
				<width>855</width>
				<height>780</height>
				<onleft>50</onleft>
				<onright>61</onright>
				<onup>100</onup>
				<ondown>100</ondown>
				<scrolltime>200</scrolltime>
				<pagecontrol>61</pagecontrol>
				<itemlayout height="60" width="855">
					<control type="image">
						<height>60</height>
						<width>855</width>
						<texture border="5" flipy="true">list/ListNF.png</texture>
					</control>
					<control type="label">
						<height>60</height>
						<width>909</width>
						<scroll>false</scroll>
						<textoffsetx>20</textoffsetx>
						<label>$INFO[ListItem.Label]</label>
					</control>
				</itemlayout>
				<focusedlayout height="60" width="855">
					<control type="image">
						<height>60</height>
						<width>855</width>
						<texture border="4" colordiffuse="$VAR[HighlightColor]">WhiteRoundedcbxST2.png</texture>
						<animation type="Conditional" condition="!Control.HasFocus(100)">
							<effect type="fade" start="100" end="50" time="100" />
						</animation>
					</control>
					<control type="label">
						<height>60</height>
						<width>909</width>
						<textoffsetx>20</textoffsetx>
						<label>$INFO[ListItem.Label]</label>
						<textcolor>$VAR[FocusedTextColor]</textcolor>
						<shadowcolor>$VAR[DiffuseColor]</shadowcolor>
					</control>
				</focusedlayout>
			</control>
			<control type="scrollbar" id="61">
				<posx>870</posx>
				<posy>120</posy>
				<width>36</width>
				<height>780</height>
				<texturesliderbackground></texturesliderbackground>
				<texturesliderbar></texturesliderbar>
				<texturesliderbarfocus></texturesliderbarfocus>
				<textureslidernib border="18">OSD/ScrollbarNibNF.png</textureslidernib>
				<textureslidernibfocus border="18" colordiffuse="$VAR[HighlightColor]">OSD/ScrollbarNibFO.png</textureslidernibfocus>
				<showonepage>false</showonepage>
				<orientation>vertical</orientation>
				<onleft>100</onleft>
				<onright>50</onright>
			</control>
		</control>
	</controls>
</window>