<?xml version='1.0' encoding='UTF-8' standalone='yes'?>
<addon id="script.thedeadman.functions" name="Functions for theDeadMan's skins" provider-name="theDeadMan" version="1.0.1">
    <requires>
        <import addon="xbmc.addon" version="12.0.0"/>
        <import addon="xbmc.json" version="6.0.0"/>
        <import addon="xbmc.python" version="2.1.0"/>
        <import addon="script.module.simplejson" version="2.0.10"/>
    </requires>
    <extension point="xbmc.python.pluginsource" library="default.py" />
    <extension point="xbmc.addon.metadata">
        <summary lang="en">Scripting to support skins created by theDeadMan</summary>
        <platform>all</platform>
        <language />
    </extension>
</addon>
