<?xml version="1.0" encoding="UTF-8"?>
<addon id="skin.pellucid" version="1.0.0" name="Pellucid" provider-name="theDeadman">
    <requires>
        <import addon="xbmc.gui" version="5.10.0"/>
        <import addon="script.skin.helper.service" version="1.0.0"/>
        <import addon="resource.images.weathericons.outline" version="0.0.5"/>
        <import addon="resource.images.weatherfanart.single" version="0.0.6"/>
    </requires>
    <extension point="xbmc.gui.skin" debugging="false">
        <res width="1920" height="1080" aspect="16:9" default="true" folder="1080i" />
    </extension>
    <extension point="xbmc.addon.metadata">
        <summary lang="en">A skin for Kodi by theDeadMan</summary>
        <description lang="en">Built for the living room, Pellucid is a clean and simple kodi experience designed for maximum usability and minimum fuss.</description>
        <platform>all</platform>
        <license></license>
        <forum></forum>
        <source>https://github.com/chrisbevan/skin.pellucid</source>
    </extension>
</addon>
