<?xml version="1.0" encoding="UTF-8"?>
<overrides>
	<!-- Menu thumbnails -->
	<thumbnailBrowseDefault>special://skin/extras/</thumbnailBrowseDefault>
    <icon labelID="widgets">special://skin/extras/icons/widget.png</icon>
	<icon labelID="live tv">special://skin/extras/icons/remote.png</icon>
    <icon labelID="radio">special://skin/extras/icons/remote.png</icon>
    <icon labelID="settings">special://skin/extras/icons/settings.png</icon>
    <icon labelID="programs">special://skin/extras/icons/program.png</icon>
    <icon labelID="weather">special://skin/extras/icons/weather.png</icon>
    <icon labelID="sets">special://skin/extras/icons/set.png</icon>
    <icon labelID="0">special://skin/extras/icons/program.png</icon>
    <icon labelID="1">special://skin/extras/icons/camera.png</icon>
    <icon labelID="2">special://skin/extras/icons/music.png</icon>
    <icon labelID="3">special://skin/extras/icons/video.png</icon>
    <icon labelID="7">special://skin/extras/icons/file.png</icon>
    <icon labelID="8">special://skin/extras/icons/weather.png</icon>
    <icon labelID="360">special://skin/extras/icons/screensaver.png</icon>
    <icon labelID="400">special://skin/extras/icons/weather.png</icon>
    <icon labelID="480">special://skin/extras/icons/skin.png</icon>
    <icon labelID="589">special://skin/extras/icons/musicdisc.png</icon>
    <icon labelID="600">special://skin/extras/icons/disc.png</icon>
    <icon labelID="626">special://skin/extras/icons/progress.png</icon>
    <icon labelID="1036">special://skin/extras/icons/favourite.png</icon>
    <icon labelID="10007">special://skin/extras/icons/harddisk.png</icon>
    <icon labelID="10504">special://skin/extras/icons/music.png</icon>
    <icon labelID="10505">special://skin/extras/icons/music.png</icon>
    <icon labelID="12600">special://skin/extras/icons/weather.png</icon>
    <icon labelID="13000">special://skin/extras/icons/settings.png</icon>
    <icon labelID="13005">special://skin/extras/icons/power.png</icon>
    <icon labelID="13009">special://skin/extras/icons/power.png</icon>
    <icon labelID="13010">special://skin/extras/icons/power.png</icon>
    <icon labelID="13011">special://skin/extras/icons/power.png</icon>
	<icon labelID="13013">special://skin/extras/icons/power.png</icon>
    <icon labelID="13014">special://skin/extras/icons/screensaver.png</icon>
    <icon labelID="13016">special://skin/extras/icons/power.png</icon>
    <icon labelID="13200">special://skin/extras/icons/actor.png</icon>
    <icon labelID="13313">special://skin/extras/icons/power.png</icon>
    <icon labelID="14022">special://skin/extras/icons/folder.png</icon>
    <icon labelID="14036">special://skin/extras/icons/service.png</icon>
    <icon labelID="14111">special://skin/extras/icons/info.png</icon>
	<icon labelID="14200">special://skin/extras/icons/play.png</icon>
    <icon labelID="14202">special://skin/extras/icons/set.png</icon>
    <icon labelID="14206">special://skin/extras/icons/visualization.png</icon>
    <icon labelID="15100">special://skin/extras/icons/folder.png</icon>
	<icon labelID="16003">special://skin/extras/icons/play.png</icon>
    <icon labelID="19020">special://skin/extras/icons/tv.png</icon>
    <icon labelID="19026">special://skin/extras/icons/timer.png</icon>
    <icon labelID="20045">special://skin/extras/icons/actor.png</icon>
    <icon labelID="20077">special://skin/extras/icons/skin.png</icon>
    <icon labelID="20126">special://skin/extras/icons/power.png</icon>
    <icon labelID="20151">special://skin/extras/icons/timer.png</icon>
    <icon labelID="20434">special://skin/extras/icons/set.png</icon>
    <icon labelID="24001">special://skin/extras/icons/addon.png</icon>
    <icon labelID="24027">special://skin/extras/icons/weather.png</icon>
    <icon labelID="29956">special://skin/extras/icons/weather.png</icon>
    <icon labelID="31502">special://skin/extras/icons/remote.png</icon>
    <icon labelID="32046">special://skin/extras/icons/refresh.png</icon>
    <icon labelID="32047">special://skin/extras/icons/refresh.png</icon>
    <icon labelID="32055">special://skin/extras/icons/wand.png</icon>
    <icon labelID="32056">special://skin/extras/icons/wand.png</icon>
    <icon labelID="32119">special://skin/extras/icons/wand.png</icon>
    <icon labelID="32024">special://skin/extras/icons/add.png</icon>
    <icon labelID="32118">special://skin/extras/icons/add.png</icon>
    <icon image="DefaultAddon.png">special://skin/extras/icons/addon.png</icon>
    <icon image="DefaultAddonVideo.png">special://skin/extras/icons/addon.png</icon>
    <icon image="DefaultAddonMusic.png">special://skin/extras/icons/addon.png</icon>
    <icon image="DefaultFolder.png">special://skin/extras/icons/addon.png</icon>

	<!-- Backgrounds
	<backgroundBrowse>True</backgroundBrowse>

	<background label="31062">movieFanart</background>
	<background label="31063">tvFanart</background>
	<background label="31064">videoFanart</background>
	<background label="31065">musicFanart</background>
	<background label="31066">allFanart</background> 
	-->
	<background label="smartshortcuts">||BROWSE||plugin://script.skin.helper.service/?action=backgrounds</background>
	<background label="31084" condition="!IsEmpty(Skin.String(weatherfanart.path))">weatherBackground</background>
	<background label="::PLAYLIST::" condition="IsEmpty(Window(Home).Property(No.Cases))">s:playlist|i:playlist</background>

	<!-- Infoline -->
	<propertySettings property="InfoLine" title="Select InfoLine" />
	<property property="InfoLine">31097</property>
	<property property="InfoLine">31098</property>
	<property property="InfoLine">31099</property>
	<property property="InfoLine">31058</property>
	<property property="InfoLine">20088</property>
	<property property="InfoLine">31061</property>
	<property property="InfoLine">31082</property>
	<property property="InfoLine">130</property>
	<property property="InfoLine">31227</property>
	<property property="InfoLine">31228</property>
	<property property="InfoLine">31229</property>

	<!-- itemVisible -->
	<propertySettings property="itemVisible" title="Select Condition" />
	<property property="itemVisible">Home</property>


	<!-- Widgets -->
	<widget label="$INFO[System.AddonTitle(plugin.video.the.trailers)]" condition="System.HasAddon(plugin.video.the.trailers)" path="plugin://plugin.video.the.trailers/apple/movies/" type="movies" target="movies">trailers</widget>
	<widget label="12600" condition="!IsEmpty(Weather.Plugin)">weather</widget>

	<!-- Widget Icon Aspect Ratio -->
	<propertySettings property="widgetIcon" title="$LOCALIZE[31242]" showNone="False" />
	<property property="widgetIcon">$LOCALIZE[31016]</property>
	<property property="widgetIcon">$LOCALIZE[31313]</property>
	<property property="widgetIcon">$LOCALIZE[31100]</property>

    <contextmenu>
        <!-- Enable context menu on controls 211, 303 and 304 -->
        <enableon>211</enableon>

        <!-- Add enable/disable controls -->
        <item control="313" condition="String.IsEqual(Container(211).ListItem.Property(skinshortcuts-disabled),False)">$LOCALIZE[24021]</item>
        <item control="313" condition="String.IsEqual(Container(211).ListItem.Property(skinshortcuts-disabled),True)">$LOCALIZE[24022]</item>
        <item control="303">$LOCALIZE[31159]</item>
        <item control="304">$LOCALIZE[31160]</item>
        <item control="302">$LOCALIZE[117]</item>
        <item control="301">$LOCALIZE[15019]</item>
    </contextmenu>
</overrides>
