<?xml version="1.0" encoding="UTF-8"?>
<window>
	<!-- contextmenu -->
	<defaultcontrol always="true">996</defaultcontrol>
	<coordinates>
		<origin x="0" y="0"/>
	</coordinates>
	<controls>
		<!-- Background -->
		<!-- Default grouplist -->
		<control type="grouplist" id="996">
			<left>1030</left>
			<top>85</top>
			<width>860</width>
			<height>896</height>
			<onleft>Close</onleft>
			<onright>Close</onright>
			<onup>996</onup>
			<ondown>996</ondown>
			<itemgap>0</itemgap>
			<align>center</align>
			<include>MenuAnimation</include>
			<defaultcontrol always="true">1001</defaultcontrol>
			<animation effect="slide" end="0,29" condition="String.Contains(Container(996).NumItems,2) | String.Contains(Container(996).NumItems,4) | String.Contains(Container(996).NumItems,6) | String.Contains(Container(996).NumItems,8) | String.Contains(Container(996).NumItems,10) | String.Contains(Container(996).NumItems,12) | String.Contains(Container(996).NumItems,14)">Conditional</animation>
		</control>
		<!-- Default button -->
		<control type="button" id="1000">
			<width>860</width>
			<height>59</height>
			<font>Thin48</font>
			<textoffsetx>0</textoffsetx>
			<textcolor>$VAR[TextColor]</textcolor>
			<focusedcolor>00ffffff</focusedcolor>
			<texturefocus></texturefocus>
			<texturenofocus></texturenofocus>
			
		</control>
		<!-- Dummy focus button grouplist -->
		<control type="grouplist">
			<left>1030</left>
			<top>85</top>
			<width>860</width>
			<height>896</height>
			<onup>noop</onup>
			<ondown>noop</ondown>
			<itemgap>0</itemgap>
			<align>center</align>
			<include>MenuAnimation</include>
			<animation effect="slide" end="0,29" condition="String.Contains(Container(996).NumItems,2) | String.Contains(Container(996).NumItems,4) | String.Contains(Container(996).NumItems,6) | String.Contains(Container(996).NumItems,8) | String.Contains(Container(996).NumItems,10) | String.Contains(Container(996).NumItems,12) | String.Contains(Container(996).NumItems,14)">Conditional</animation>
			<control type="label">
				<width>860</width>
				<height>59</height>
				<font></font>
				<visible>Control.IsVisible(1001) + !Control.HasFocus(1001)</visible>
			</control>
			<control type="label">
				<width>860</width>
				<height>70</height>
				<font>Med60</font>
				<textcolor>$VAR[TextColor]</textcolor>
				<label>[UPPERCASE]$INFO[Control.GetLabel(1001)][/UPPERCASE]</label>
				<visible>Control.IsVisible(1001) + Control.HasFocus(1001)</visible>
			</control>
			<control type="label">
				<width>860</width>
				<height>59</height>
				<font></font>
				<visible>Control.IsVisible(1002) + !Control.HasFocus(1002)</visible>
			</control>
			<control type="label">
				<width>860</width>
				<height>70</height>
				<font>Med60</font>
				<textcolor>$VAR[TextColor]</textcolor>
				<label>[UPPERCASE]$INFO[Control.GetLabel(1002)][/UPPERCASE]</label>
				<visible>Control.IsVisible(1002) + Control.HasFocus(1002)</visible>
			</control>
			<control type="label">
				<width>860</width>
				<height>59</height>
				<font></font>
				<visible>Control.IsVisible(1003) + !Control.HasFocus(1003)</visible>
			</control>
			<control type="label">
				<width>860</width>
				<height>70</height>
				<font>Med60</font>
				<textcolor>$VAR[TextColor]</textcolor>
				<label>[UPPERCASE]$INFO[Control.GetLabel(1003)][/UPPERCASE]</label>
				<visible>Control.IsVisible(1003) + Control.HasFocus(1003)</visible>
			</control>
			<control type="label">
				<width>860</width>
				<height>59</height>
				<font></font>
				<visible>Control.IsVisible(1004) + !Control.HasFocus(1004)</visible>
			</control>
			<control type="label">
				<width>860</width>
				<height>70</height>
				<font>Med60</font>
				<textcolor>$VAR[TextColor]</textcolor>
				<label>[UPPERCASE]$INFO[Control.GetLabel(1004)][/UPPERCASE]</label>
				<visible>Control.IsVisible(1004) + Control.HasFocus(1004)</visible>
			</control>
			<control type="label">
				<width>860</width>
				<height>59</height>
				<font></font>
				<visible>Control.IsVisible(1005) + !Control.HasFocus(1005)</visible>
			</control>
			<control type="label">
				<width>860</width>
				<height>70</height>
				<font>Med60</font>
				<textcolor>$VAR[TextColor]</textcolor>
				<label>[UPPERCASE]$INFO[Control.GetLabel(1005)][/UPPERCASE]</label>
				<visible>Control.IsVisible(1005) + Control.HasFocus(1005)</visible>
			</control>
			<control type="label">
				<width>860</width>
				<height>59</height>
				<font></font>
				<visible>Control.IsVisible(1006) + !Control.HasFocus(1006)</visible>
			</control>
			<control type="label">
				<width>860</width>
				<height>70</height>
				<font>Med60</font>
				<textcolor>$VAR[TextColor]</textcolor>
				<label>[UPPERCASE]$INFO[Control.GetLabel(1006)][/UPPERCASE]</label>
				<visible>Control.IsVisible(1006) + Control.HasFocus(1006)</visible>
			</control>
			<control type="label">
				<width>860</width>
				<height>59</height>
				<font></font>
				<visible>Control.IsVisible(1007) + !Control.HasFocus(1007)</visible>
			</control>
			<control type="label">
				<width>860</width>
				<height>70</height>
				<font>Med60</font>
				<textcolor>$VAR[TextColor]</textcolor>
				<label>[UPPERCASE]$INFO[Control.GetLabel(1007)][/UPPERCASE]</label>
				<visible>Control.IsVisible(1007) + Control.HasFocus(1007)</visible>
			</control>
			<control type="label">
				<width>860</width>
				<height>59</height>
				<font></font>
				<visible>Control.IsVisible(1008) + !Control.HasFocus(1008)</visible>
			</control>
			<control type="label">
				<width>860</width>
				<height>70</height>
				<font>Med60</font>
				<textcolor>$VAR[TextColor]</textcolor>
				<label>[UPPERCASE]$INFO[Control.GetLabel(1008)][/UPPERCASE]</label>
				<visible>Control.IsVisible(1008) + Control.HasFocus(1008)</visible>
			</control>
			<control type="label">
				<width>860</width>
				<height>59</height>
				<font></font>
				<visible>Control.IsVisible(1009) + !Control.HasFocus(1009)</visible>
			</control>
			<control type="label">
				<width>860</width>
				<height>70</height>
				<font>Med60</font>
				<textcolor>$VAR[TextColor]</textcolor>
				<label>[UPPERCASE]$INFO[Control.GetLabel(1009)][/UPPERCASE]</label>
				<visible>Control.IsVisible(1009) + Control.HasFocus(1009)</visible>
			</control>
			<control type="label">
				<width>860</width>
				<height>59</height>
				<font></font>
				<visible>Control.IsVisible(1010) + !Control.HasFocus(1010)</visible>
			</control>
			<control type="label">
				<width>860</width>
				<height>70</height>
				<font>Med60</font>
				<textcolor>$VAR[TextColor]</textcolor>
				<label>[UPPERCASE]$INFO[Control.GetLabel(1010)][/UPPERCASE]</label>
				<visible>Control.IsVisible(1010) + Control.HasFocus(1010)</visible>
			</control>
			<control type="label">
				<width>860</width>
				<height>59</height>
				<font></font>
				<visible>Control.IsVisible(1011) + !Control.HasFocus(1011)</visible>
			</control>
			<control type="label">
				<width>860</width>
				<height>70</height>
				<font>Med60</font>
				<textcolor>$VAR[TextColor]</textcolor>
				<label>[UPPERCASE]$INFO[Control.GetLabel(1011)][/UPPERCASE]</label>
				<visible>Control.IsVisible(1011) + Control.HasFocus(1011)</visible>
			</control>
			<control type="label">
				<width>860</width>
				<height>59</height>
				<font></font>
				<visible>Control.IsVisible(1012) + !Control.HasFocus(1012)</visible>
			</control>
			<control type="label">
				<width>860</width>
				<height>70</height>
				<font>Med60</font>
				<textcolor>$VAR[TextColor]</textcolor>
				<label>[UPPERCASE]$INFO[Control.GetLabel(1012)][/UPPERCASE]</label>
				<visible>Control.IsVisible(1012) + Control.HasFocus(1012)</visible>
			</control>
			<control type="label">
				<width>860</width>
				<height>59</height>
				<font></font>
				<visible>Control.IsVisible(1013) + !Control.HasFocus(1013)</visible>
			</control>
			<control type="label">
				<width>860</width>
				<height>70</height>
				<font>Med60</font>
				<textcolor>$VAR[TextColor]</textcolor>
				<label>[UPPERCASE]$INFO[Control.GetLabel(1013)][/UPPERCASE]</label>
				<visible>Control.IsVisible(1013) + Control.HasFocus(1013)</visible>
			</control>
			<control type="label">
				<width>860</width>
				<height>59</height>
				<font></font>
				<visible>Control.IsVisible(1014) + !Control.HasFocus(1014)</visible>
			</control>
			<control type="label">
				<width>860</width>
				<height>70</height>
				<font>Med60</font>
				<textcolor>$VAR[TextColor]</textcolor>
				<label>[UPPERCASE]$INFO[Control.GetLabel(1014)][/UPPERCASE]</label>
				<visible>Control.IsVisible(1014) + Control.HasFocus(1014)</visible>
			</control>
			<control type="label">
				<width>860</width>
				<height>59</height>
				<font></font>
				<visible>Control.IsVisible(1015) + !Control.HasFocus(1015)</visible>
			</control>
			<control type="label">
				<width>860</width>
				<height>70</height>
				<font>Med60</font>
				<textcolor>$VAR[TextColor]</textcolor>
				<label>[UPPERCASE]$INFO[Control.GetLabel(1015)][/UPPERCASE]</label>
				<visible>Control.IsVisible(1015) + Control.HasFocus(1015)</visible>
			</control>
		</control>
	</controls>
</window>