<?xml version="1.0" encoding="UTF-8"?>
<colors>
    <color name="black">ff111111</color>
    <color name="selected">fff0f0f0</color>
    <color name="unselected">ff919191</color>
    <color name="disabled">ff515151</color>

    <!--new scheme-->
    <color name="background">ff222222</color>
    <!--<color name="highlight">ffee3343</color>-->
    <color name="highlight">ffee3343</color>
    <color name="overlay">44ffffff</color>
    <color name="textActive">fff0f0f0</color>
    <color name="textDisabled">ff757575</color>
    <color name="menuDisabled">ffEF9A9A</color>
    <color name="textboxInactive">99FFFFFF</color>

    <color name="keyboardInactive">aa212121</color>
    <color name="keyboardAccent">ffBDBDBD</color>

</colors>