<?xml version="1.0" encoding="utf-8"?>
<fonts>
	<fontset id="Default">

		<!-- Symbols -->
		<font>
			<name>Symbols</name>
			<filename>webhostinghub-glyphs.ttf</filename>
			<size>48</size>
		</font>
		<!-- Bold -->
		<font>
			<name>Bold100</name>
			<filename>RobotoCondensed-Bold.ttf</filename>
			<size>100</size>
		</font>
		<font>
			<name>Bold75</name>
			<filename>RobotoCondensed-Bold.ttf</filename>
			<size>75</size>
		</font>
		
		<!-- Regular -->
		<font>
			<name>Reg60</name>
			<filename>Roboto-Regular.ttf</filename>
			<size>60</size>
		</font>
		<font>
			<name>Reg48</name>
			<filename>Roboto-Regular.ttf</filename>
			<size>48</size>
		</font>
		<font>
			<name>Reg46</name>
			<filename>Roboto-Regular.ttf</filename>
			<size>46</size>
		</font>
		
		<!-- Medium -->
		<font>
			<name>Med60</name>
			<filename>Roboto-Medium.ttf</filename>
			<size>60</size>
		</font>
		<font>
			<name>Med60Upper</name>
			<filename>Roboto-Medium.ttf</filename>
			<style>uppercase</style>
			<size>60</size>
		</font>
		<font>
			<name>Med48</name>
			<filename>Roboto-Medium.ttf</filename>
			<size>48</size>
		</font>
		<font>
			<name>Med46</name>
			<filename>Roboto-Medium.ttf</filename>
			<size>46</size>
		</font>
		<font>
			<name>Med36</name>
			<filename>Roboto-Medium.ttf</filename>
			<size>36</size>
		</font>
		<font>
			<name>Med33</name>
			<filename>Roboto-Medium.ttf</filename>
			<size>33</size>
		</font>
		<font>
			<name>Med20</name>
			<filename>Roboto-Medium.ttf</filename>
			<size>20</size>
		</font>
		<font>
			<name>Med20Upper</name>
			<filename>Roboto-Medium.ttf</filename>
			<style>uppercase</style>
			<size>20</size>
		</font>
		<font>
			<name>Med16</name>
			<filename>Roboto-Medium.ttf</filename>
			<size>16</size>
		</font>

		<!-- Thin -->
		<font>
			<name>Thin48</name>
			<filename>Roboto-Thin.ttf</filename>
			<size>48</size>
		</font>
		<font>
			<name>Thin33</name>
			<filename>Roboto-Thin.ttf</filename>
			<size>33</size>
		</font>
		<font>
			<name>Thin33p</name>
			<filename>Roboto-Thin.ttf</filename>
			<linespacing>1.26</linespacing>
			<size>33</size>
		</font>
		<font>
			<name>Thin16</name>
			<filename>Roboto-Thin.ttf</filename>
			<size>16</size>
		</font>
		<font>
			<name>Thin27</name>
			<filename>Roboto-Thin.ttf</filename>
			<size>27</size>
		</font>
		<!-- Light -->
		<font>
			<name>Light60Spaced</name>
			<filename>Roboto-Light.ttf</filename>
			<linespacing>0.94</linespacing>
			<size>60</size>
		</font>
		<font>
			<name>Light60Upper</name>
			<filename>Roboto-Light.ttf</filename>
			<style>uppercase</style>
			<size>60</size>
		</font>
		<font>
			<name>Light60</name>
			<filename>Roboto-Light.ttf</filename>
			<size>60</size>
		</font>
		<font>
			<name>Light48</name>
			<filename>Roboto-Light.ttf</filename>
			<size>48</size>
		</font>
		<font>
			<name>Light36</name>
			<filename>Roboto-Light.ttf</filename>
			<size>36</size>
		</font>
		<font>
			<name>Light33</name>
			<filename>Roboto-Light.ttf</filename>
			<linespacing>1.1</linespacing>
			<size>33</size>
		</font>
		<font>
			<name>Light33Upper</name>
			<filename>Roboto-Light.ttf</filename>
			<style>uppercase</style>
			<size>33</size>
		</font>
		<font>
			<name>Light30Upper</name>
			<filename>Roboto-Light.ttf</filename>
			<style>uppercase</style>
			<size>30</size>
		</font>
		<font>
			<name>Light30</name>
			<filename>Roboto-Light.ttf</filename>
			<linespacing>0.9</linespacing>
			<size>30</size>
		</font>
		<font>
			<name>Light27</name>
			<filename>Roboto-Light.ttf</filename>
			<size>27</size>
		</font>
		<font>
			<name>Light16</name>
			<filename>Roboto-Light.ttf</filename>
			<size>16</size>
		</font>
		<font>
			<name>Light12</name>
			<filename>Roboto-Light.ttf</filename>
			<size>12</size>
		</font>

		<!-- Thin -->
		<font>
			<name>Thin48</name>
			<filename>Roboto-Thin.ttf</filename>
			<size>48</size>
		</font>

		<!-- Old -->
		<font>
			<name>Font72</name>
			<filename>Roboto-Light.ttf</filename>
			<size>72</size>
		</font>
		<font>
			<name>Font48</name>
			<filename>Roboto-Light.ttf</filename>
			<size>48</size>
		</font>
		<font>
			<name>Font42</name>
			<filename>Roboto-Light.ttf</filename>
			<size>42</size>
		</font>
		<font>
			<name>Font36</name>
			<filename>Roboto-Light.ttf</filename>
			<size>36</size>
			<linespacing>1.3</linespacing>
		</font>
		<font>
			<name>Font33</name>
			<filename>Roboto-Light.ttf</filename>
			<size>33</size>
		</font>
		<font>
			<name>Font30</name>
			<filename>Roboto-Light.ttf</filename>
			<size>30</size>
		</font>
		<font>
			<name>Font27</name>
			<filename>Roboto-Light.ttf</filename>
			<size>27</size>
			<linespacing>1.3</linespacing>
		</font>
		<font>
			<name>Font25</name>
			<filename>Roboto-Light.ttf</filename>
			<size>25</size>
			<linespacing>1.3</linespacing>
		</font>
		<!-- Required for system -->
		<font>
			<name>font13</name>
			<filename>Arial.ttf</filename>
			<size>21</size>
		</font>

	</fontset>
	<fontset id="Nunito">

		<!-- Symbols -->
		<font>
			<name>Symbols</name>
			<filename>webhostinghub-glyphs.ttf</filename>
			<size>48</size>
		</font>
		<!-- Bold -->
		<font>
			<name>Bold100</name>
			<filename>Nunito-Bold.ttf</filename>
			<size>100</size>
		</font>
		<font>
			<name>Bold75</name>
			<filename>Nunito-Bold.ttf</filename>
			<size>75</size>
		</font>
		
		<!-- Regular -->
		<font>
			<name>Reg60</name>
			<filename>Nunito-Regular.ttf</filename>
			<size>60</size>
		</font>
		<font>
			<name>Reg48</name>
			<filename>Nunito-Regular.ttf</filename>
			<size>48</size>
		</font>
		<font>
			<name>Reg46</name>
			<filename>Nunito-Regular.ttf</filename>
			<size>46</size>
		</font>
		
		<!-- Medium -->
		<font>
			<name>Med60</name>
			<filename>Nunito-SemiBold.ttf</filename>
			<size>60</size>
		</font>
		<font>
			<name>Med60Upper</name>
			<filename>Nunito-SemiBold.ttf</filename>
			<style>uppercase</style>
			<size>60</size>
		</font>
		<font>
			<name>Med48</name>
			<filename>Nunito-SemiBold.ttf</filename>
			<size>48</size>
		</font>
		<font>
			<name>Med46</name>
			<filename>Nunito-SemiBold.ttf</filename>
			<size>46</size>
		</font>
		<font>
			<name>Med36</name>
			<filename>Nunito-SemiBold.ttf</filename>
			<size>36</size>
		</font>
		<font>
			<name>Med33</name>
			<filename>Nunito-SemiBold.ttf</filename>
			<size>33</size>
		</font>
		<font>
			<name>Med20</name>
			<filename>Nunito-SemiBold.ttf</filename>
			<size>20</size>
		</font>
		<font>
			<name>Med20Upper</name>
			<filename>Nunito-SemiBold.ttf</filename>
			<style>uppercase</style>
			<size>20</size>
		</font>
		<font>
			<name>Med16</name>
			<filename>Nunito-SemiBold.ttf</filename>
			<size>16</size>
		</font>

		<!-- Thin -->
		<font>
			<name>Thin48</name>
			<filename>Nunito-Light.ttf</filename>
			<size>48</size>
		</font>
		<font>
			<name>Thin33</name>
			<filename>Nunito-Light.ttf</filename>
			<size>33</size>
		</font>
		<font>
			<name>Thin33p</name>
			<filename>Nunito-Light.ttf</filename>
			<linespacing>1.1</linespacing>
			<size>33</size>
		</font>
		<font>
			<name>Thin16</name>
			<filename>Nunito-Light.ttf</filename>
			<size>16</size>
		</font>
		<font>
			<name>Thin27</name>
			<filename>Nunito-Light.ttf</filename>
			<size>27</size>
		</font>
		<!-- Light -->
		<font>
			<name>Light60Spaced</name>
			<filename>Nunito-ExtraLight.ttf</filename>
			<linespacing>0.94</linespacing>
			<size>60</size>
		</font>
		<font>
			<name>Light60Upper</name>
			<filename>Nunito-ExtraLight.ttf</filename>
			<style>uppercase</style>
			<size>60</size>
		</font>
		<font>
			<name>Light60</name>
			<filename>Nunito-ExtraLight.ttf</filename>
			<size>60</size>
		</font>
		<font>
			<name>Light48</name>
			<filename>Nunito-ExtraLight.ttf</filename>
			<size>48</size>
		</font>
		<font>
			<name>Light36</name>
			<filename>Nunito-ExtraLight.ttf</filename>
			<size>36</size>
		</font>
		<font>
			<name>Light33</name>
			<filename>Nunito-ExtraLight.ttf</filename>
			<linespacing>1.1</linespacing>
			<size>33</size>
		</font>
		<font>
			<name>Light33Upper</name>
			<filename>Nunito-ExtraLight.ttf</filename>
			<style>uppercase</style>
			<size>33</size>
		</font>
		<font>
			<name>Light30Upper</name>
			<filename>Nunito-ExtraLight.ttf</filename>
			<style>uppercase</style>
			<size>30</size>
		</font>
		<font>
			<name>Light30</name>
			<filename>Nunito-ExtraLight.ttf</filename>
			<linespacing>0.92</linespacing>
			<size>30</size>
		</font>
		<font>
			<name>Light27</name>
			<filename>Nunito-ExtraLight.ttf</filename>
			<size>27</size>
		</font>
		<font>
			<name>Light16</name>
			<filename>Nunito-ExtraLight.ttf</filename>
			<size>16</size>
		</font>
		<font>
			<name>Light12</name>
			<filename>Nunito-ExtraLight.ttf</filename>
			<size>12</size>
		</font>

		<!-- Thin -->
		<font>
			<name>Thin48</name>
			<filename>Nunito-Light.ttf</filename>
			<size>48</size>
		</font>

		<!-- Old -->
		<font>
			<name>Font72</name>
			<filename>Nunito-ExtraLight.ttf</filename>
			<size>72</size>
		</font>
		<font>
			<name>Font48</name>
			<filename>Nunito-ExtraLight.ttf</filename>
			<size>48</size>
		</font>
		<font>
			<name>Font42</name>
			<filename>Nunito-ExtraLight.ttf</filename>
			<size>42</size>
		</font>
		<font>
			<name>Font36</name>
			<filename>Nunito-ExtraLight.ttf</filename>
			<size>36</size>
			<linespacing>1.3</linespacing>
		</font>
		<font>
			<name>Font33</name>
			<filename>Nunito-ExtraLight.ttf</filename>
			<size>33</size>
		</font>
		<font>
			<name>Font30</name>
			<filename>Nunito-ExtraLight.ttf</filename>
			<size>30</size>
		</font>
		<font>
			<name>Font27</name>
			<filename>Nunito-ExtraLight.ttf</filename>
			<size>27</size>
			<linespacing>1.3</linespacing>
		</font>
		<font>
			<name>Font25</name>
			<filename>Nunito-ExtraLight.ttf</filename>
			<size>25</size>
			<linespacing>1.3</linespacing>
		</font>
		<!-- Required for system -->
		<font>
			<name>font13</name>
			<filename>Arial.ttf</filename>
			<size>21</size>
		</font>

	</fontset>
	<fontset id="Monster Thick">

		<!-- Symbols -->
		<font>
			<name>Symbols</name>
			<filename>webhostinghub-glyphs.ttf</filename>
			<size>48</size>
		</font>
		<!-- Bold -->
		<font>
			<name>Bold100</name>
			<filename>Montserrat-Medium.ttf</filename>
			<size>100</size>
		</font>
		<font>
			<name>Bold75</name>
			<filename>Montserrat-Medium.ttf</filename>
			<size>75</size>
		</font>
		
		<!-- Regular -->
		<font>
			<name>Reg60</name>
			<filename>Montserrat-Regular.ttf</filename>
			<size>60</size>
		</font>
		<font>
			<name>Reg48</name>
			<filename>Montserrat-Regular.ttf</filename>
			<size>48</size>
		</font>
		<font>
			<name>Reg46</name>
			<filename>Montserrat-Regular.ttf</filename>
			<size>46</size>
		</font>
		
		<!-- Medium -->
		<font>
			<name>Med60</name>
			<filename>Montserrat-Regular.ttf</filename>
			<size>60</size>
		</font>
		<font>
			<name>Med60Upper</name>
			<filename>Montserrat-Regular.ttf</filename>
			<style>uppercase</style>
			<size>60</size>
		</font>
		<font>
			<name>Med48</name>
			<filename>Montserrat-Regular.ttf</filename>
			<size>48</size>
		</font>
		<font>
			<name>Med46</name>
			<filename>Montserrat-Regular.ttf</filename>
			<size>46</size>
		</font>
		<font>
			<name>Med36</name>
			<filename>Montserrat-Regular.ttf</filename>
			<size>36</size>
		</font>
		<font>
			<name>Med33</name>
			<filename>Montserrat-Regular.ttf</filename>
			<size>33</size>
		</font>
		<font>
			<name>Med20</name>
			<filename>Montserrat-Regular.ttf</filename>
			<size>20</size>
		</font>
		<font>
			<name>Med20Upper</name>
			<filename>Montserrat-Regular.ttf</filename>
			<style>uppercase</style>
			<size>20</size>
		</font>
		<font>
			<name>Med16</name>
			<filename>Montserrat-Regular.ttf</filename>
			<size>16</size>
		</font>

		<!-- Thin -->
		<font>
			<name>Thin48</name>
			<filename>Montserrat-Light.ttf</filename>
			<size>48</size>
		</font>
		<font>
			<name>Thin33</name>
			<filename>Montserrat-Light.ttf</filename>
			<size>33</size>
		</font>
		<font>
			<name>Thin33p</name>
			<filename>Montserrat-Light.ttf</filename>
			<linespacing>1.1</linespacing>
			<size>33</size>
		</font>
		<font>
			<name>Thin16</name>
			<filename>Montserrat-Light.ttf</filename>
			<size>16</size>
		</font>
		<font>
			<name>Thin27</name>
			<filename>Montserrat-Light.ttf</filename>
			<size>27</size>
		</font>
		<!-- Light -->
		<font>
			<name>Light60Spaced</name>
			<filename>Montserrat-Light.ttf</filename>
			<linespacing>0.94</linespacing>
			<size>60</size>
		</font>
		<font>
			<name>Light60Upper</name>
			<filename>Montserrat-Light.ttf</filename>
			<style>uppercase</style>
			<size>60</size>
		</font>
		<font>
			<name>Light60</name>
			<filename>Montserrat-Light.ttf</filename>
			<size>60</size>
		</font>
		<font>
			<name>Light48</name>
			<filename>Montserrat-Light.ttf</filename>
			<size>48</size>
		</font>
		<font>
			<name>Light36</name>
			<filename>Montserrat-Light.ttf</filename>
			<size>36</size>
		</font>
		<font>
			<name>Light33</name>
			<filename>Montserrat-Light.ttf</filename>
			<linespacing>1.1</linespacing>
			<size>33</size>
		</font>
		<font>
			<name>Light33Upper</name>
			<filename>Montserrat-Light.ttf</filename>
			<style>uppercase</style>
			<size>33</size>
		</font>
		<font>
			<name>Light30Upper</name>
			<filename>Montserrat-Light.ttf</filename>
			<style>uppercase</style>
			<size>30</size>
		</font>
		<font>
			<name>Light30</name>
			<filename>Montserrat-Light.ttf</filename>
			<linespacing>1.04</linespacing>
			<size>30</size>
		</font>
		<font>
			<name>Light27</name>
			<filename>Montserrat-Light.ttf</filename>
			<size>27</size>
		</font>
		<font>
			<name>Light16</name>
			<filename>Montserrat-Light.ttf</filename>
			<size>16</size>
		</font>
		<font>
			<name>Light12</name>
			<filename>Montserrat-Light.ttf</filename>
			<size>12</size>
		</font>

		<!-- Thin -->
		<font>
			<name>Thin48</name>
			<filename>Montserrat-Light.ttf</filename>
			<size>48</size>
		</font>

		<!-- Old -->
		<font>
			<name>Font72</name>
			<filename>Montserrat-Light.ttf</filename>
			<size>72</size>
		</font>
		<font>
			<name>Font48</name>
			<filename>Montserrat-Light.ttf</filename>
			<size>48</size>
		</font>
		<font>
			<name>Font42</name>
			<filename>Montserrat-Light.ttf</filename>
			<size>42</size>
		</font>
		<font>
			<name>Font36</name>
			<filename>Montserrat-Light.ttf</filename>
			<size>36</size>
			<linespacing>1.3</linespacing>
		</font>
		<font>
			<name>Font33</name>
			<filename>Montserrat-Light.ttf</filename>
			<size>33</size>
		</font>
		<font>
			<name>Font30</name>
			<filename>Montserrat-Light.ttf</filename>
			<size>30</size>
		</font>
		<font>
			<name>Font27</name>
			<filename>Montserrat-Light.ttf</filename>
			<size>27</size>
			<linespacing>1.3</linespacing>
		</font>
		<font>
			<name>Font25</name>
			<filename>Montserrat-Light.ttf</filename>
			<size>25</size>
			<linespacing>1.3</linespacing>
		</font>
		<!-- Required for system -->
		<font>
			<name>font13</name>
			<filename>Arial.ttf</filename>
			<size>21</size>
		</font>

	</fontset>
	<fontset id="Monster Original">

		<!-- Symbols -->
		<font>
			<name>Symbols</name>
			<filename>webhostinghub-glyphs.ttf</filename>
			<size>48</size>
		</font>
		<!-- Bold -->
		<font>
			<name>Bold100</name>
			<filename>Montserrat-Bold.ttf</filename>
			<size>100</size>
		</font>
		<font>
			<name>Bold75</name>
			<filename>Montserrat-Bold.ttf</filename>
			<size>75</size>
		</font>
		
		<!-- Regular -->
		<font>
			<name>Reg60</name>
			<filename>Montserrat-Regular.ttf</filename>
			<size>60</size>
		</font>
		<font>
			<name>Reg48</name>
			<filename>Montserrat-Regular.ttf</filename>
			<size>48</size>
		</font>
		<font>
			<name>Reg46</name>
			<filename>Montserrat-Regular.ttf</filename>
			<size>46</size>
		</font>
		
		<!-- Medium -->
		<font>
			<name>Med60</name>
			<filename>Montserrat-Medium.ttf</filename>
			<size>60</size>
		</font>
		<font>
			<name>Med60Upper</name>
			<filename>Montserrat-Medium.ttf</filename>
			<style>uppercase</style>
			<size>60</size>
		</font>
		<font>
			<name>Med48</name>
			<filename>Montserrat-Medium.ttf</filename>
			<size>48</size>
		</font>
		<font>
			<name>Med46</name>
			<filename>Montserrat-Medium.ttf</filename>
			<size>46</size>
		</font>
		<font>
			<name>Med36</name>
			<filename>Montserrat-Medium.ttf</filename>
			<size>36</size>
		</font>
		<font>
			<name>Med33</name>
			<filename>Montserrat-Medium.ttf</filename>
			<size>33</size>
		</font>
		<font>
			<name>Med20</name>
			<filename>Montserrat-Medium.ttf</filename>
			<size>20</size>
		</font>
		<font>
			<name>Med20Upper</name>
			<filename>Montserrat-Medium.ttf</filename>
			<style>uppercase</style>
			<size>20</size>
		</font>
		<font>
			<name>Med16</name>
			<filename>Montserrat-Medium.ttf</filename>
			<size>16</size>
		</font>

		<!-- Thin -->
		<font>
			<name>Thin48</name>
			<filename>Montserrat-Thin.ttf</filename>
			<size>48</size>
		</font>
		<font>
			<name>Thin33</name>
			<filename>Montserrat-Thin.ttf</filename>
			<size>33</size>
		</font>
		<font>
			<name>Thin33p</name>
			<filename>Montserrat-Thin.ttf</filename>
			<linespacing>1.1</linespacing>
			<size>33</size>
		</font>
		<font>
			<name>Thin16</name>
			<filename>Montserrat-Thin.ttf</filename>
			<size>16</size>
		</font>
		<font>
			<name>Thin27</name>
			<filename>Montserrat-Thin.ttf</filename>
			<size>27</size>
		</font>
		<!-- Light -->
		<font>
			<name>Light60Spaced</name>
			<filename>Montserrat-Light.ttf</filename>
			<linespacing>0.94</linespacing>
			<size>60</size>
		</font>
		<font>
			<name>Light60Upper</name>
			<filename>Montserrat-Light.ttf</filename>
			<style>uppercase</style>
			<size>60</size>
		</font>
		<font>
			<name>Light60</name>
			<filename>Montserrat-Light.ttf</filename>
			<size>60</size>
		</font>
		<font>
			<name>Light48</name>
			<filename>Montserrat-Light.ttf</filename>
			<size>48</size>
		</font>
		<font>
			<name>Light36</name>
			<filename>Montserrat-Light.ttf</filename>
			<size>36</size>
		</font>
		<font>
			<name>Light33</name>
			<filename>Montserrat-Light.ttf</filename>
			<linespacing>1.1</linespacing>
			<size>33</size>
		</font>
		<font>
			<name>Light33Upper</name>
			<filename>Montserrat-Light.ttf</filename>
			<style>uppercase</style>
			<size>33</size>
		</font>
		<font>
			<name>Light30Upper</name>
			<filename>Montserrat-Light.ttf</filename>
			<style>uppercase</style>
			<size>30</size>
		</font>
		<font>
			<name>Light30</name>
			<filename>Montserrat-Light.ttf</filename>
			<linespacing>1.04</linespacing>
			<size>30</size>
		</font>
		<font>
			<name>Light27</name>
			<filename>Montserrat-Light.ttf</filename>
			<size>27</size>
		</font>
		<font>
			<name>Light16</name>
			<filename>Montserrat-Light.ttf</filename>
			<size>16</size>
		</font>
		<font>
			<name>Light12</name>
			<filename>Montserrat-Light.ttf</filename>
			<size>12</size>
		</font>

		<!-- Thin -->
		<font>
			<name>Thin48</name>
			<filename>Montserrat-Thin.ttf</filename>
			<size>48</size>
		</font>

		<!-- Old -->
		<font>
			<name>Font72</name>
			<filename>Montserrat-Light.ttf</filename>
			<size>72</size>
		</font>
		<font>
			<name>Font48</name>
			<filename>Montserrat-Light.ttf</filename>
			<size>48</size>
		</font>
		<font>
			<name>Font42</name>
			<filename>Montserrat-Light.ttf</filename>
			<size>42</size>
		</font>
		<font>
			<name>Font36</name>
			<filename>Montserrat-Light.ttf</filename>
			<size>36</size>
			<linespacing>1.3</linespacing>
		</font>
		<font>
			<name>Font33</name>
			<filename>Montserrat-Light.ttf</filename>
			<size>33</size>
		</font>
		<font>
			<name>Font30</name>
			<filename>Montserrat-Light.ttf</filename>
			<size>30</size>
		</font>
		<font>
			<name>Font27</name>
			<filename>Montserrat-Light.ttf</filename>
			<size>27</size>
			<linespacing>1.3</linespacing>
		</font>
		<font>
			<name>Font25</name>
			<filename>Montserrat-Light.ttf</filename>
			<size>25</size>
			<linespacing>1.3</linespacing>
		</font>
		<!-- Required for system -->
		<font>
			<name>font13</name>
			<filename>Arial.ttf</filename>
			<size>21</size>
		</font>

	</fontset>

</fonts>