<shortcuts>
	<shortcut>
		<action>ActivateWindow(Videos,special://skin/extras/playlists/recent_movies.xsp,return)</action>
		<label>$SKIN[31031|skin.conq|Recent movies]</label>
		<label2>32014</label2>
		<defaultID>31031</defaultID>
		<icon>DefaultRecentlyAddedMovies.png</icon>
		<thumb />
	</shortcut>
	<shortcut>
		<action>ActivateWindow(Videos,special://skin/extras/playlists/inprogress_movies.xsp,return)</action>
		<label>$SKIN[31032|skin.conq|Recommended movies]</label>
		<label2>32014</label2>
		<defaultID>31032</defaultID>
		<icon>DefaultMovies.png</icon>
		<thumb />
	</shortcut>
	<shortcut>
		<action>ActivateWindow(Videos,special://skin/extras/playlists/random_movies.xsp,return)</action>
		<label>$SKIN[31054|skin.conq|Random movies]</label>
		<label2>32014</label2>
		<defaultID>31054</defaultID>
		<icon>DefaultMovies.png</icon>
		<thumb />
	</shortcut>
	<shortcut>
		<action>ActivateWindow(Videos,MovieSets,return)</action>
		<label>20434</label>
		<label2>342</label2>
		<defaultID>20434</defaultID>
		<icon>DefaultSets.png</icon>
		<thumb />
	</shortcut>
	<shortcut>
		<action>ActivateWindow(Videos,MovieGenres,return)</action>
		<label>135</label>
		<label2>342</label2>
		<defaultID>135</defaultID>
		<icon>DefaultGenre.png</icon>
		<thumb />
	</shortcut>
	<shortcut>
		<action>ActivateWindow(Videos,MovieYears,return)</action>
		<label>562</label>
		<label2>342</label2>
		<defaultID>562</defaultID>
		<icon>DefaultYear.png</icon>
		<thumb />
	</shortcut>
	<shortcut>
		<action>ActivateWindow(Videos,MovieActors,return)</action>
		<label>344</label>
		<label2>342</label2>
		<defaultID>344</defaultID>
		<icon>DefaultActor.png</icon>
		<thumb />
	</shortcut>
</shortcuts>
