<?xml version="1.0" encoding="UTF-8"?>
<includes>
    <!--video submenu items-->
    <include name="videoSideMenu">
        <control type="button" id="3">
            <description>Sort by</description>
            <texturefocus colordiffuse="highlight">colors/white.png</texturefocus>
            <focusedcolor>textActive</focusedcolor>
            <width>6-col</width>
            <label>103</label>
        </control>
        <control type="togglebutton" id="4">
            <description>Sort direction</description>
            <texturefocus colordiffuse="highlight">colors/white.png</texturefocus>
            <alttexturefocus colordiffuse="highlight">colors/white.png</alttexturefocus>
            <focusedcolor>textActive</focusedcolor>
            <label>31109</label>
            <altlabel>31110</altlabel>
            <width>6-col</width>
        </control>
        <control type="button" id="505">
            <description>Menu shortcuts (video)</description>
            <texturefocus colordiffuse="highlight">colors/white.png</texturefocus>
            <focusedcolor>textActive</focusedcolor>
            <width>6-col</width>
            <label>31041</label>
            <onclick>Skin.SetString(menuItemTypeFilter,video)</onclick>
            <onclick>ActivateWindow(1100)</onclick>
        </control>
        <control type="button" id="507">
            <texturefocus colordiffuse="highlight">colors/white.png</texturefocus>
            <focusedcolor>textActive</focusedcolor>
            <width>6-col</width>
            <label>653</label>
            <onclick>UpdateLibrary(video)</onclick>
            <onclick>right</onclick>
        </control>
        <control type="radiobutton" id="14">
            <description>Watched Toggle</description>
            <label>31195</label>
            <width>6-col</width>
            <texturefocus colordiffuse="highlight">colors/white.png</texturefocus>
            <focusedcolor>textActive</focusedcolor>
            <textureradiofocus>-</textureradiofocus>
            <textureradionofocus>-</textureradionofocus>
            <radiowidth/>
            <radioheight/>
        </control>
        <control type="radiobutton" id="11">
            <description>Unlock Shares</description>
            <label>20336</label>
            <width>6-col</width>
            <texturefocus colordiffuse="highlight">colors/white.png</texturefocus>
            <focusedcolor>textActive</focusedcolor>
            <texturenofocus>-</texturenofocus>
            <textureradiofocus>-</textureradiofocus>
            <textureradionofocus>-</textureradionofocus>
            <onclick>right</onclick>
            <onclick>xbmc.mastermode</onclick>
            <selected>system.ismaster</selected>
            <visible>system.haslocks</visible>
        </control>
    </include>
    <!--music submenu items-->
    <include name="musicSideMenu">
        <control type="button" id="3">
            <description>Sort by</description>
            <width>6-col</width>
            <focusedcolor>textActive</focusedcolor>
            <texturefocus colordiffuse="highlight">colors/white.png</texturefocus>
            <label>103</label>
        </control>
        <control type="togglebutton" id="4">
            <description>Sort direction</description>
            <label>31109</label>
            <altlabel>31110</altlabel>
            <width>6-col</width>
            <focusedcolor>textActive</focusedcolor>
            <texturefocus colordiffuse="highlight">colors/white.png</texturefocus>
            <alttexturefocus colordiffuse="highlight">colors/white.png</alttexturefocus>
        </control>
        <control type="button" id="503">
            <width>6-col</width>
            <focusedcolor>textActive</focusedcolor>
            <texturefocus colordiffuse="highlight">colors/white.png</texturefocus>
            <label>31041</label>
            <onclick>Skin.SetString(menuItemTypeFilter,audio)</onclick>
            <onclick>ActivateWindow(1100)</onclick>
        </control>
        <control type="button" id="504">
            <width>6-col</width>
            <focusedcolor>textActive</focusedcolor>
            <texturefocus colordiffuse="highlight">colors/white.png</texturefocus>
            <label>653</label>
            <onclick>UpdateLibrary(music)</onclick>
            <onclick>right</onclick>
        </control>
    </include>
    <!--pictures submenu items-->
    <include name="picturesSideMenu">
        <!--sorting-->
        <control type="button" id="3">
            <description>Sort by</description>
            <width>6-col</width>
            <focusedcolor>textActive</focusedcolor>
            <texturefocus colordiffuse="highlight">colors/white.png</texturefocus>
            <label>103</label>
        </control>
        <control type="togglebutton" id="4">
            <description>Sort direction</description>
            <label>31109</label>
            <altlabel>31110</altlabel>
            <width>6-col</width>
            <focusedcolor>textActive</focusedcolor>
            <texturefocus colordiffuse="highlight">colors/white.png</texturefocus>
            <alttexturefocus colordiffuse="highlight">colors/white.png</alttexturefocus>
        </control>
    </include>
</includes>