<?xml version="1.0" encoding="UTF-8"?>
<includes>
    <!--Photo browser-->
    <include name="photos">
        <control type="panel" id="52">
            <posx>col-1-begin</posx>
            <posy>row-5-begin</posy>
            <width>1800</width>
            <height>25-row</height>
            <onleft>9000</onleft>
            <onright>60</onright>
            <ondown>50</ondown>
            <onup>50</onup>
            <scrolltime tween="cubic" easing="out">600</scrolltime>
            <pagecontrol>60</pagecontrol>
            <itemlayout width="444" height="336">
                <control type="image">
                    <posx>0</posx>
                    <posy>0</posy>
                    <width>6-col-gutter</width>
                    <height>4-col-gutter</height>
                    <aspectratio>scale</aspectratio>
                    <texture fallback="DefaultPoster.png" border="6">$INFO[Listitem.thumb]</texture>
                    <bordertexture border="3" colordiffuse="07FFFFFF">colors/white.png</bordertexture>
                    <bordersize>3</bordersize>
                    <colordiffuse>ffffffff</colordiffuse>
                </control>
                <control type="label">
                    <posx>12</posx>
                    <posy>268</posy>
                    <width>384</width>
                    <height>1-row</height>
                    <align>center</align>
                    <aligny>center</aligny>
                    <font>thumbTitle</font>
                    <textcolor>textDisabled</textcolor>
                    <label>$INFO[ListItem.label]</label>
                    <shadowcolor>ff333333</shadowcolor>
                </control>
            </itemlayout>
            <focusedlayout width="444" height="336">
                <control type="group">
                    <include>focusThumb</include>
                    <control type="image">
                        <posx>0</posx>
                        <posy>0</posy>
                        <width>6-col-gutter</width>
                        <height>4-col-gutter</height>
                        <aspectratio>scale</aspectratio>
                        <texture fallback="DefaultPoster.png">$INFO[Listitem.thumb]</texture>
                        <bordertexture border="6">colors/white.png</bordertexture>
                        <bordersize>6</bordersize>
                        <colordiffuse>ffffffff</colordiffuse>
                    </control>
                    <control type="label">
                        <posx>12</posx>
                        <posy>268</posy>
                        <width>384</width>
                        <height>1-row</height>
                        <align>center</align>
                        <aligny>center</aligny>
                        <font>thumbTitle</font>
                        <textcolor>textActive</textcolor>
                        <label>$INFO[ListItem.label]</label>
                        <shadowcolor>ff333333</shadowcolor>
                    </control>
                </control>
            </focusedlayout>
        </control>
    </include>
</includes>
