<?xml version="1.0" encoding="UTF-8"?>
<window>
	<!-- movieinformation -->
	<defaultcontrol always="true">97</defaultcontrol>
	<onload condition="System.HasAddon(script.tvtunes)">RunScript(script.tvtunes,backend=True)</onload>
	<controls>
		<control type="image" id="7975">
			<top>2161</top>
			<texture background="true" colordiffuse="$VAR[DiffuseColor]">$VAR[Fanart]</texture>
		</control>
		<!-- Cast Button -->
		<control type="button" id="5">
			<include>HiddenControl</include>
		</control>
		<!-- Browse/Play Button -->
		<control type="togglebutton" id="8">
			<include>HiddenControl</include>
			<label>208</label>
			<altlabel>1024</altlabel>
			<usealttexture>Listitem.DBType(tvshow) | Listitem.DBType(season)</usealttexture>
		</control>
		<!-- Get Thumb Button -->
		<control type="button" id="10">
			<include>HiddenControl</include>
		</control>
		<!-- Artwork Downloader Button -->
		<control type="button" id="20">
			<include>HiddenControl</include>
			<onclick condition="Listitem.DBType(tvshow)">RunScript(script.artwork.beef, mode=gui, mediatype=tvshow, dbid=$INFO[ListItem.DBID])</onclick>
			<onclick condition="Listitem.DBType(movie)">RunScript(script.artwork.beef, mode=gui, mediatype=movie, dbid=$INFO[ListItem.DBID])</onclick>
		</control>
		<control type="group">
			<include>InfoDialogFadeAnimation</include>
			<control type="group">
				<visible>!Container.Content(episodes)</visible>
				<visible>Skin.HasSetting(Logo.Art.Enable) + [Skin.HasSetting(LogosInfo) | Skin.HasSetting(LogosBoth)]</visible>
				<animation effect="fade" start="0" end="100" time="200">Visible</animation>
				<visible>!String.Contains(Control.GetLabel(5),$LOCALIZE[207])</visible>
				<control type="image">
					<visible>Container.Content(tvshows)</visible>
					<right>0</right>
					<bottom>0</bottom>
					<width>50%</width>
					<height>50%</height>
					<aspectratio align="right" aligny="top">keep</aspectratio>
					<texture background="true">$VAR[TVLogosArt]</texture>
					<fadetime>400</fadetime>
				</control>
				<control type="image">
					<visible>Skin.HasSetting(Text.Shadow.Enable)</visible>
					<right>-5</right>
					<bottom>-5</bottom>
					<width>50%</width>
					<height>50%</height>
					<aspectratio align="right" aligny="bottom">keep</aspectratio>
					<texture background="true" diffuse="special://skin/extras/misc/shadowmask.png">$VAR[LogosArt]</texture>
					<colordiffuse>$VAR[TextShadowColour]</colordiffuse>
					<fadetime>400</fadetime>
				</control>
				<control type="image">
					<right>0</right>
					<bottom>0</bottom>
					<width>50%</width>
					<height>50%</height>
					<aspectratio align="right" aligny="bottom">keep</aspectratio>
					<texture background="true">$VAR[LogosArt]</texture>
					<fadetime>400</fadetime>
				</control>
			</control>
			<control type="group">
				<left>50</left>
				<left>1132</left>
				<include condition="String.Contains(Container.Viewmode,$LOCALIZE[31511]) | String.Contains(Container.Viewmode,$LOCALIZE[31522]) | String.Contains(Container.Viewmode,$LOCALIZE[31523]) | String.Contains(Container.Viewmode,$LOCALIZE[31530]) | String.Contains(Container.Viewmode,$LOCALIZE[31531]) | String.Contains(Container.Viewmode,$LOCALIZE[31534])">MediaInfoWidth738</include>
				<include condition="![String.Contains(Container.Viewmode,$LOCALIZE[31511]) + String.Contains(Container.Viewmode,$LOCALIZE[31522]) + String.Contains(Container.Viewmode,$LOCALIZE[31523]) + String.Contains(Container.Viewmode,$LOCALIZE[31530]) + String.Contains(Container.Viewmode,$LOCALIZE[31531]) + String.Contains(Container.Viewmode,$LOCALIZE[31534])]">MediaInfoWidth860</include>
				<animation effect="slide" end="960,0" condition="String.Contains(Container.Viewmode,$LOCALIZE[31510]) | String.Contains(Container.Viewmode,$LOCALIZE[31520]) | String.Contains(Container.Viewmode,$LOCALIZE[31521]) | [String.Contains(Container.Viewmode,$LOCALIZE[31532]) + [String.Contains(Window(home).Property(CurrentColumn),0) | String.Contains(Window(home).Property(CurrentColumn),1)]] | [String.Contains(Container.Viewmode,$LOCALIZE[31141]) + [String.Contains(Window(home).Property(CurrentColumn),0) | String.Contains(Window(home).Property(CurrentColumn),1)]]">Conditional</animation>
				<animation effect="slide" end="1082,0" condition="String.Contains(Container.Viewmode,$LOCALIZE[31522]) | String.Contains(Container.Viewmode,$LOCALIZE[31523]) | [String.Contains(Container.Viewmode,$LOCALIZE[31530]) + [String.Contains(Window(home).Property(CurrentColumn),0) | String.Contains(Window(home).Property(CurrentColumn),1) | String.Contains(Window(home).Property(CurrentColumn),2)]] | [String.Contains(Container.Viewmode,$LOCALIZE[31531]) + [String.Contains(Window(home).Property(CurrentColumn),0) | String.Contains(Window(home).Property(CurrentColumn),1) | String.Contains(Window(home).Property(CurrentColumn),2)]] | [String.Contains(Container.Viewmode,$LOCALIZE[31534]) + [String.Contains(Window(home).Property(CurrentColumn),0) | String.Contains(Window(home).Property(CurrentColumn),1)]] | String.Contains(Container.Viewmode,$LOCALIZE[31511])">Conditional</animation>
				<control type="group">
					<animation effect="slide" end="0,220" time="0" condition="Skin.HasSetting(Logo.Art.Enable) + [Skin.HasSetting(LogosInfo) | Skin.HasSetting(LogosBoth)]">Conditional</animation>
					<animation effect="fade" start="0" end="100" time="200">Visible</animation>
					<visible>!String.Contains(Control.GetLabel(5),$LOCALIZE[207])</visible>
					<!-- Heading -->
					<control type="grouplist">
						<top>50</top>
						<height>210</height>
						<align>right</align>
						<orientation>vertical</orientation>
						<visible>String.IsEmpty(ListItem.Art(clearlogo)) | [!String.IsEmpty(ListItem.Art(clearlogo)) + !Skin.HasSetting(LogosInfo) + !Skin.HasSetting(LogosBoth)]</visible>
						<control type="textbox">
							<height max="210">auto</height>
							<font>Med60</font>
							<textcolor>$VAR[TextColor]</textcolor>
							<label>$VAR[InfoTitle]</label>
						</control>
					</control>
					<control type="image">
						<top>50</top>
						<width>640</width>
						<height>248</height>
						<aspectratio scalediffuse="false">keep</aspectratio>
						<texture background="true">$INFO[ListItem.Art(clearlogo)]</texture>
						<visible>!Skin.HasSetting(Logo.Art.Enable) + [Skin.HasSetting(LogosInfo) | Skin.HasSetting(LogosBoth)]</visible>
					</control>
					<!-- Details Line 1 -->
					<control type="group">
						<animation type="Conditional" condition="Skin.HasSetting(Logo.Art.Enable) + [Skin.HasSetting(LogosInfo) | Skin.HasSetting(LogosBoth)]" reversible="true">
							<effect type="slide" end="0,0" time="0"/>
						</animation>
						<control type="label">
							<top>345</top>
							<width>78%</width>
							<height>36</height>
							<font>Med36</font>
							<textcolor>$VAR[TextColor]</textcolor>
							<label>$VAR[DialogVideoInfoLine1]</label>
						</control>
						<!-- Star Rating -->
						<control type="image">
							<right>0</right>
							<top>351</top>
							<width>147</width>
							<height>24</height>
							<aspectratio>keep</aspectratio>
							<texture colordiffuse="$VAR[TextColor]">$VAR[StarRating]</texture>
							<visible>!Listitem.DBType(season)</visible>
						</control>
						<!-- Details Line 2 -->
						<control type="label">
							<top>388</top>
							<height>66</height>
							<aligny>top</aligny>
							<font>Light33</font>
							<textcolor>$VAR[TextColor]</textcolor>
							<wrapmultiline>false</wrapmultiline>
							<label>$VAR[DialogVideoInfoLine2]</label>
						</control>
						<!-- Star Rating -->
						<control type="grouplist">
							<top>438</top>
							<width>1920</width>
							<height>40</height>
							<orientation>horizontal</orientation>
							<itemgap>6</itemgap>
							<align>left</align>
							<control type="image">
								<visible>!ListItem.IsParentFolder</visible>
								<visible>!String.IsEmpty(ListItem.DBTYPE)</visible>
								<width>40</width>
								<height>40</height>
								<aspectratio align="center" aligny="center">keep</aspectratio>
								<texture colordiffuse="$VAR[CommunityRatingColour]">special://skin/extras/misc/metacritic.png</texture>
								<visible>![String.IsEqual(Listitem.Label, ..) | String.IsEqual(ListItem(1).Label, $LOCALIZE[20366])]</visible>
								<visible>!String.IsEmpty(Window(Home).Property(SkinHelper.ListItem.MetaCritic.Rating))</visible>
								<visible>!String.IsEqual(Window(Home).Property(SkinHelper.ListItem.MetaCritic.Rating),n/a)</visible>
							</control>
							<control type="button">
								<visible>!ListItem.IsParentFolder</visible>
								<visible>!String.IsEmpty(ListItem.DBTYPE)</visible>
								<width>auto</width>
								<height>40</height>
								<textoffsetx>0</textoffsetx>
								<label>$INFO[Window(Home).Property(SkinHelper.ListItem.MetaCritic.Rating),,% ]</label>
								<font>Light27</font>
								<textcolor>$VAR[TextColor]</textcolor>
								<align>center</align>
								<texturefocus colordiffuse="$VAR[CommunityRatingColour]"></texturefocus>
								<texturenofocus colordiffuse="$VAR[CommunityRatingColour]"></texturenofocus>
								<visible>![String.IsEqual(Listitem.Label, ..) | String.IsEqual(ListItem(1).Label, $LOCALIZE[20366])]</visible>
								<visible>!String.IsEmpty(Window(Home).Property(SkinHelper.ListItem.MetaCritic.Rating))</visible>
								<visible>!String.IsEqual(Window(Home).Property(SkinHelper.ListItem.MetaCritic.Rating),n/a)</visible>
							</control>
							<control type="image">
								<visible>!ListItem.IsParentFolder</visible>
								<visible>!String.IsEmpty(ListItem.DBTYPE)</visible>
								<texture>$VAR[RottenTomatoesIcon]</texture>
								<textcolor>$VAR[RottenTomatoesIconColour]</textcolor>
								<width>40</width>
								<height>40</height>
								<visible>![String.IsEqual(Listitem.Label, ..) | String.IsEqual(ListItem(1).Label, $LOCALIZE[20366])]</visible>
								<aspectratio align="center" aligny="center">keep</aspectratio>
								<visible>!String.IsEmpty(Window(Home).Property(SkinHelper.ListItem.RottenTomatoes.Meter))</visible>
								<visible>!String.IsEqual(Window(Home).Property(SkinHelper.ListItem.RottenTomatoes.Meter),n/a)</visible>
							</control>
							<control type="label">
								<visible>!ListItem.IsParentFolder</visible>
								<visible>!String.IsEmpty(ListItem.DBTYPE)</visible>
								<font>Light27</font>
								<textcolor>$VAR[TextColor]</textcolor>
								<height>40</height>
								<width>auto</width>
								<label>$INFO[Window(Home).Property(SkinHelper.ListItem.RottenTomatoes.Meter),,% ]</label>
								<visible>![String.IsEqual(Listitem.Label, ..) | String.IsEqual(ListItem(1).Label, $LOCALIZE[20366])]</visible>
								<visible>!String.IsEmpty(Window(Home).Property(SkinHelper.ListItem.RottenTomatoes.Meter))</visible>
								<visible>!String.IsEqual(Window(Home).Property(SkinHelper.ListItem.RottenTomatoes.Meter),n/a)</visible>
							</control>
							<control type="image">
								<visible>!ListItem.IsParentFolder</visible>
								<visible>!String.IsEmpty(ListItem.DBTYPE)</visible>
								<width>40</width>
								<height>40</height>
								<aspectratio align="center" aligny="center">keep</aspectratio>
								<texture>special://skin/extras/misc/imdb.png</texture>
								<visible>![String.IsEqual(Listitem.Label, ..) | String.IsEqual(ListItem(1).Label, $LOCALIZE[20366])]</visible>
								<visible>!String.IsEmpty(Window(Home).Property(SkinHelper.ListItem.Rating.IMDB))</visible>
							</control>
							<control type="label">
								<visible>!ListItem.IsParentFolder</visible>
								<visible>!String.IsEmpty(ListItem.DBTYPE)</visible>
								<font>Light27</font>
								<textcolor>$VAR[TextColor]</textcolor>
								<height>40</height>
								<width>auto</width>
								<label>$INFO[Window(Home).Property(SkinHelper.ListItem.Rating.IMDB),, ]</label>
								<visible>![String.IsEqual(Listitem.Label, ..) | String.IsEqual(ListItem(1).Label, $LOCALIZE[20366])]</visible>
								<visible>!String.IsEmpty(Window(Home).Property(SkinHelper.ListItem.Rating.IMDB))</visible>
							</control>
						</control>
						<!-- Plot -->
						<control type="textbox">
							<top>479</top>
							<height>200</height>
							<font>Light27</font>
							<label>$VAR[Plot]</label>
							<textcolor>$VAR[TextColor]</textcolor>
							<autoscroll delay="10000" time="2000" repeat="12000">True</autoscroll>
						</control>
						<control type="grouplist">
							<top>730</top>
							<height>109</height>
							<itemgap>100</itemgap>
							<orientation>horizontal</orientation>
							<usecontrolcoords>true</usecontrolcoords>
							<!-- Studio Flag -->
							<control type="image">
								<width>120</width>
								<height>80</height>
								<aspectratio>keep</aspectratio>
								<texture colordiffuse="$VAR[TextColor]" fallback="flags/default_studio.png">$INFO[ListItem.Studio,flags/studios/,.png]</texture>
								<visible>!String.IsEmpty(ListItem.Studio)</visible>
							</control>
							<!-- MPAA Rating Flag -->
							<control type="image">
								<width>120</width>
								<height>80</height>
								<aspectratio>keep</aspectratio>
								<texture colordiffuse="$VAR[TextColor]" fallback="flags/default_rating.png">$VAR[Info_Certificate]</texture>
								<visible>!String.IsEmpty(ListItem.MPAA)</visible>
							</control>
							<!-- Source Flag -->
							<control type="image">
								<width>120</width>
								<height>80</height>
								<aspectratio>keep</aspectratio>
								<texture colordiffuse="$VAR[TextColor]">$VAR[Video_Source]</texture>
							</control>
						</control>
					</control>
				</control>
				<!-- Button grouplist -->
				<control type="grouplist">
					<animation effect="slide" end="0,-900" time="0" condition="Skin.HasSetting(Logo.Art.Enable) + [Skin.HasSetting(LogosInfo) | Skin.HasSetting(LogosBoth)]">Conditional</animation>
					<visible>!Control.HasFocus(50)</visible>
					<bottom>50</bottom>
					<height>75</height>
					<itemgap>0</itemgap>
					<orientation>horizontal</orientation>
					<onup condition="String.Contains(Control.GetLabel(5),$LOCALIZE[207])">50</onup>
					<onup condition="!String.Contains(Control.GetLabel(5),$LOCALIZE[207])">Close</onup>
					<ondown>Close</ondown>
					<orientation>horizontal</orientation>
					<!-- Play/Browse Button -->
					<control type="button" id="97">
						<include>DialogButton</include>
						<label>$INFO[Control.GetLabel(8)]</label>
						<onclick>SendClick(movieinformation,8)</onclick>
						<visible>Control.IsVisible(8)</visible>
					</control>
					<!-- Trailer Button -->
					<control type="button" id="11">
						<include>DialogButton</include>
						<label>20410</label>
						<visible>!String.IsEmpty(ListItem.Trailer)</visible>
					</control>
					<!-- Refresh Button -->
					<control type="button" id="6">
						<include>DialogButton</include>
						<label>184</label>
					</control>
					<!-- Art Button -->
					<control type="button" id="99">
						<include>DialogButton</include>
						<label>31142</label>
						<onclick>SendClick(10)</onclick>
					</control>
					<!-- Cast Button -->
					<control type="button" id="98">
						<include>DialogButton</include>
						<label>206</label>
						<onclick>SendClick(5)</onclick>
						<onclick>SetFocus(50)</onclick>
					</control>
				</control>
			</control>
			<!-- Cast -->
			<control type="fixedlist" id="50">
				<left>-120</left>
				<top>270</top>
				<width>2180</width>
				<height>540</height>
				<onup>noop</onup>
				<ondown>98</ondown>
				<ondown>SendClick(5)</ondown>
				<onleft>noop</onleft>
				<onright>noop</onright>
				<onback>9000</onback>
				<onup>SendClick(5)</onup>
				<preloaditems>2</preloaditems>
				<focusposition>1</focusposition>
				<orientation>horizontal</orientation>
				<viewtype label="31520">list</viewtype>
				<scrolltime tween="sine" easing="inout">360</scrolltime>
				<animation effect="fade" start="0" end="100" time="200">Visible</animation>
				<itemlayout height="540" width="360">
					<control type="image">
						<width>360</width>
						<height>540</height>
						<aspectratio>scale</aspectratio>
						<texture background="true">$INFO[ListItem.Icon]</texture>
					</control>
					<control type="image">
						<width>360</width>
						<height>540</height>
						<texture colordiffuse="$VAR[DiffuseColor]">views/white_50.png</texture>
					</control>
				</itemlayout>
				<focusedlayout height="540" width="360">
					<control type="image">
						<width>360</width>
						<height>540</height>
						<aspectratio>scale</aspectratio>
						<texture background="true">$INFO[ListItem.Icon]</texture>
					</control>
					<control type="image">
						<width>360</width>
						<height>540</height>
						<texture colordiffuse="$VAR[DiffuseColor]">views/white_50.png</texture>
						<animation center="auto" condition="Control.HasFocus(50)" easing="inout" effect="fade" end="0" start="100" time="300" tween="sine">Focus</animation>
						<animation center="auto" condition="Control.HasFocus(50)" easing="inout" effect="fade" end="100" start="0" time="300" tween="sine">UnFocus</animation>
					</control>
					<control type="image">
						<width>360</width>
						<height>540</height>
						<texture colordiffuse="$VAR[TextColor]" border="11">views/border.png</texture>
						<animation center="auto" condition="Control.HasFocus(50)" easing="inout" effect="fade" end="100" start="0" time="300" tween="sine">Focus</animation>
						<animation center="auto" condition="Control.HasFocus(50)" easing="inout" effect="fade" end="0" start="100" time="300" tween="sine">UnFocus</animation>
					</control>
				</focusedlayout>
			</control>
			<control type="label">
				<left>240</left>
				<top>838</top>
				<width>100%</width>
				<height>56</height>
				<font>Med60</font>
				<align>left</align>
				<textcolor>$VAR[TextColor]</textcolor>
				<label>$VAR[ActorRoleLabel]</label>
				<visible>String.Contains(Control.GetLabel(5),$LOCALIZE[207])</visible>
			</control>
		</control>
		<!-- Image -->
		<control type="group">
			<visible>!String.Contains(Control.GetLabel(5),$LOCALIZE[207])</visible>
			<animation effect="fade" start="0" end="100" time="200">Visible</animation>
			<animation effect="fade" start="100" end="100" time="200">WindowClose</animation>
			<!-- Viewtype_50_List -->
			<control type="group">
				<left>1130</left>
				<top>360</top>
				<width>640</width>
				<visible>String.Contains(Container.Viewmode,$LOCALIZE[535]) + Listitem.DBType(episode)</visible>
				<control type="image">
					<left>10</left>
					<top>10</top>
					<width>620</width>
					<height>340</height>
					<fadetime>80</fadetime>
					<aspectratio align="right">scale</aspectratio>
					<texture>$INFO[ListItem.Icon]</texture>
				</control>
				<control type="image">
					<width>640</width>
					<height>360</height>
					<texture colordiffuse="$VAR[TextColor]" border="11,43,43,11">$VAR[BorderImage]</texture>
				</control>
			</control>
			<!-- Viewtype_510_FilmstripPoster -->
			<control type="group">
				<left>240</left>
				<top>0</top>
				<width>720</width>
				<visible>String.Contains(Container.Viewmode,$LOCALIZE[31510])</visible>
				<control type="image">
					<width>720</width>
					<height>1080</height>
					<aspectratio>scale</aspectratio>
					<texture background="true">$INFO[ListItem.Icon]</texture>
				</control>
				<include>WatchedIndicator</include>
				<control type="image">
					<width>720</width>
					<height>1080</height>
					<texture colordiffuse="$VAR[TextColor]" border="11,43,43,11">$VAR[BorderImage]</texture>
				</control>
			</control>
			<!-- Viewtype_511_FilmstripSquare -->
			<control type="group">
				<left>0</left>
				<top>0</top>
				<width>1080</width>
				<visible>String.Contains(Container.Viewmode,$LOCALIZE[31511])</visible>
				<control type="image">
					<width>1080</width>
					<height>1080</height>
					<aspectratio>scale</aspectratio>
					<texture background="true">$INFO[ListItem.Icon]</texture>
				</control>
				<include>WatchedIndicator</include>
				<control type="image">
					<width>1080</width>
					<height>1080</height>
					<texture colordiffuse="$VAR[TextColor]" border="11,43,43,11">$VAR[BorderImage]</texture>
				</control>
			</control>
			<!-- Viewtype_520_RowPoster -->
			<control type="group">
				<left>100</left>
				<top>270</top>
				<width>360</width>
				<control type="image">
					<width>360</width>
					<height>540</height>
					<aspectratio>scale</aspectratio>
					<texture background="true">$INFO[ListItem.Icon]</texture>
				</control>
				<include>WatchedIndicator</include>
				<control type="image">
					<width>360</width>
					<height>540</height>
					<texture colordiffuse="$VAR[TextColor]" border="11,43,43,11">$VAR[BorderImage]</texture>
				</control>
				<visible>String.Contains(Container.Viewmode,$LOCALIZE[31520])</visible>
			</control>
			<!-- Viewtype_521_RowSquare -->
			<control type="group">
				<left>100</left>
				<top>270</top>
				<width>540</width>
				<control type="image">
					<width>540</width>
					<height>540</height>
					<aspectratio>scale</aspectratio>
					<texture background="true">$INFO[ListItem.Icon]</texture>
				</control>
				<include>WatchedIndicator</include>
				<control type="image">
					<width>540</width>
					<height>540</height>
					<texture colordiffuse="$VAR[TextColor]" border="11,43,43,11">$VAR[BorderImage]</texture>
				</control>
				<visible>String.Contains(Container.Viewmode,$LOCALIZE[31521])</visible>
			</control>
			<!-- Viewtype_522_RowLandscape -->
			<control type="group">
				<left>0</left>
				<top>270</top>
				<width>960</width>
				<visible>String.Contains(Container.Viewmode,$LOCALIZE[31522])</visible>
				<control type="image">
					<width>960</width>
					<height>540</height>
					<aspectratio>scale</aspectratio>
					<texture background="true">$VAR[LandscapeIcon]</texture>
				</control>
				<include>WatchedIndicator</include>
				<control type="image">
					<width>960</width>
					<height>540</height>
					<texture colordiffuse="$VAR[TextColor]" border="11,43,43,11">$VAR[BorderImage]</texture>
				</control>
			</control>
			<!-- Viewtype_523_RowThumb -->
			<control type="group">
				<left>100</left>
				<top>270</top>
				<width>960</width>
				<visible>String.Contains(Container.Viewmode,$LOCALIZE[31523])</visible>
				<control type="image">
					<width>960</width>
					<height>540</height>
					<aspectratio>scale</aspectratio>
					<texture background="true">$VAR[ThumbIcon]</texture>
				</control>
				<control type="image">
					<centerleft>480</centerleft>
					<top>260</top>
					<width>480</width>
					<height>270</height>
					<aspectratio scalediffuse="false">keep</aspectratio>
					<texture background="true">$INFO[ListItem.Art(clearlogo)]</texture>
					<visible>String.IsEmpty(ListItem.Art(landscape))</visible>
				</control>
				<include>WatchedIndicator</include>
				<control type="image">
					<width>960</width>
					<height>540</height>
					<texture colordiffuse="$VAR[TextColor]" border="11,43,43,11">$VAR[BorderImage]</texture>
				</control>
			</control>
			<!-- Viewtype_530_WallPoster -->
			<control type="group">
				<left>0</left>
				<top>0</top>
				<width>360</width>
				<animation effect="slide" end="360,0" condition="String.Contains(Window(home).Property(CurrentColumn),1)">Conditional</animation>
				<animation effect="slide" end="720,0" condition="String.Contains(Window(home).Property(CurrentColumn),2)">Conditional</animation>
				<animation effect="slide" end="1080,0" condition="String.Contains(Window(home).Property(CurrentColumn),3)">Conditional</animation>
				<animation effect="slide" end="1440,0" condition="String.Contains(Window(home).Property(CurrentColumn),4)">Conditional</animation>
				<animation effect="slide" end="0,540" condition="String.Contains(Window(home).Property(CurrentRow),1)">Conditional</animation>
				<visible>String.Contains(Container.Viewmode,$LOCALIZE[31530])</visible>
				<control type="image">
					<width>360</width>
					<height>540</height>
					<aspectratio>scale</aspectratio>
					<texture background="true">$INFO[ListItem.Icon]</texture>
				</control>
				<include>WatchedIndicator</include>
				<control type="image">
					<width>360</width>
					<height>540</height>
					<texture colordiffuse="$VAR[TextColor]" border="11,43,43,11">$VAR[BorderImage]</texture>
				</control>
			</control>
			<!-- Viewtype_531_WallSquare -->
			<control type="group">
				<left>0</left>
				<top>0</top>
				<width>360</width>
				<animation effect="slide" end="360,0" condition="String.Contains(Window(home).Property(CurrentColumn),1)">Conditional</animation>
				<animation effect="slide" end="720,0" condition="String.Contains(Window(home).Property(CurrentColumn),2)">Conditional</animation>
				<animation effect="slide" end="1080,0" condition="String.Contains(Window(home).Property(CurrentColumn),3)">Conditional</animation>
				<animation effect="slide" end="1440,0" condition="String.Contains(Window(home).Property(CurrentColumn),4)">Conditional</animation>
				<animation effect="slide" end="0,360" condition="String.Contains(Window(home).Property(CurrentRow),1)">Conditional</animation>
				<animation effect="slide" end="0,720" condition="String.Contains(Window(home).Property(CurrentRow),2)">Conditional</animation>
				<visible>String.Contains(Container.Viewmode,$LOCALIZE[31531])</visible>
				<control type="image">
					<width>360</width>
					<height>360</height>
					<aspectratio>scale</aspectratio>
					<texture background="true">$INFO[ListItem.Icon]</texture>
				</control>
				<include>WatchedIndicator</include>
				<control type="image">
					<width>360</width>
					<height>360</height>
					<texture colordiffuse="$VAR[TextColor]" border="11,43,43,11">$VAR[BorderImage]</texture>
				</control>
			</control>
			<!-- Viewtype_532_WallLandscape -->
			<control type="group">
				<left>0</left>
				<top>0</top>
				<width>480</width>
				<animation effect="slide" end="480,0" condition="String.Contains(Window(home).Property(CurrentColumn),1)">Conditional</animation>
				<animation effect="slide" end="960,0" condition="String.Contains(Window(home).Property(CurrentColumn),2)">Conditional</animation>
				<animation effect="slide" end="1440,0" condition="String.Contains(Window(home).Property(CurrentColumn),3)">Conditional</animation>
				<animation effect="slide" end="0,270" condition="String.Contains(Window(home).Property(CurrentRow),1)">Conditional</animation>
				<animation effect="slide" end="0,540" condition="String.Contains(Window(home).Property(CurrentRow),2)">Conditional</animation>
				<animation effect="slide" end="0,810" condition="String.Contains(Window(home).Property(CurrentRow),3)">Conditional</animation>
				<visible>String.Contains(Container.Viewmode,$LOCALIZE[31532])</visible>
				<control type="image">
					<width>480</width>
					<height>270</height>
					<aspectratio>scale</aspectratio>
					<texture background="true">$VAR[WallIcon]</texture>
				</control>
				<include>WatchedIndicator</include>
				<control type="image">
					<width>480</width>
					<height>270</height>
					<texture colordiffuse="$VAR[TextColor]" border="11,43,43,11">$VAR[BorderImage]</texture>
				</control>
			</control>
			<!-- Viewtype_533_WallThumb -->
			<control type="group">
				<left>0</left>
				<top>0</top>
				<width>480</width>
				<animation effect="slide" end="480,0" condition="String.Contains(Window(home).Property(CurrentColumn),1)">Conditional</animation>
				<animation effect="slide" end="960,0" condition="String.Contains(Window(home).Property(CurrentColumn),2)">Conditional</animation>
				<animation effect="slide" end="1440,0" condition="String.Contains(Window(home).Property(CurrentColumn),3)">Conditional</animation>
				<animation effect="slide" end="0,270" condition="String.Contains(Window(home).Property(CurrentRow),1)">Conditional</animation>
				<animation effect="slide" end="0,540" condition="String.Contains(Window(home).Property(CurrentRow),2)">Conditional</animation>
				<animation effect="slide" end="0,810" condition="String.Contains(Window(home).Property(CurrentRow),3)">Conditional</animation>
				<visible>String.Contains(Container.Viewmode,$LOCALIZE[31141])</visible>
				<control type="image">
					<width>480</width>
					<height>270</height>
					<aspectratio>scale</aspectratio>
					<texture background="true">$VAR[ThumbIcon]</texture>
				</control>
				<control type="image">
					<centerleft>240</centerleft>
					<top>130</top>
					<width>240</width>
					<height>135</height>
					<aspectratio scalediffuse="false">keep</aspectratio>
					<texture background="true">$INFO[ListItem.Art(clearlogo)]</texture>
					<visible>String.IsEmpty(ListItem.Art(landscape))</visible>
				</control>
				<include>WatchedIndicator</include>
				<control type="image">
					<width>480</width>
					<height>270</height>
					<texture colordiffuse="$VAR[TextColor]" border="11,43,43,11">$VAR[BorderImage]</texture>
				</control>
			</control>
			<!-- Viewtype_534_WallDiscart -->
			<control type="group">
				<left>0</left>
				<top>0</top>
				<width>540</width>
				<height>540</height>
				<animation effect="slide" end="540,0" condition="String.Contains(Window(home).Property(CurrentColumn),1)">Conditional</animation>
				<animation effect="slide" end="1080,0" condition="String.Contains(Window(home).Property(CurrentColumn),2)">Conditional</animation>
				<animation effect="slide" end="1620,0" condition="String.Contains(Window(home).Property(CurrentColumn),3)">Conditional</animation>
				<animation effect="slide" end="0,540" condition="String.Contains(Window(home).Property(CurrentRow),1)">Conditional</animation>
				<visible>String.Contains(Container.Viewmode,$LOCALIZE[31534])</visible>
				<control type="image">
					<width>540</width>
					<height>540</height>
					<texture background="true">$INFO[ListItem.Art(discart)]</texture>
					<visible>!String.IsEmpty(ListItem.Art(discart))</visible>
				</control>
				<control type="group">
					<visible>String.IsEmpty(ListItem.Art(discart))</visible>
					<control type="image">
						<width>540</width>
						<height>540</height>
						<aspectratio scalediffuse="false">scale</aspectratio>
						<texture background="true" diffuse="views/discart_overlay_diffuse.png">$VAR[DiscArtImage]</texture>
					</control>
					<control type="image">
						<left>141</left>
						<top>390</top>
						<width>258</width>
						<height>100</height>
						<aspectratio scalediffuse="false">keep</aspectratio>
						<texture background="true">$INFO[ListItem.Art(clearlogo)]</texture>
					</control>
					<control type="image">
						<width>540</width>
						<height>540</height>
						<texture>views/discart_overlay.png</texture>
					</control>
				</control>
				<include>DiscWatchedIndicator</include>
				<control type="image">
					<width>540</width>
					<height>540</height>
					<texture colordiffuse="$VAR[TextColor]">$VAR[DiscArtBorderFO]</texture>
				</control>
			</control>
		</control>
	</controls>
</window>