<?xml version="1.0" encoding="UTF-8"?>
<window>
	<!-- startup -->
	<defaultcontrol always="true">10</defaultcontrol>
	<onload>SetProperty(copacetix_loaded,True,home)</onload>
	<onload>SetProperty(FIVE_daemon_set,delaunay,home)</onload>
	<onload>Skin.Reset(HideSettings)</onload>
	<onload>ReplaceWindow($INFO[System.StartupWindow])</onload>
	<controls>
		<control type="button" id="10">
			<description>trigger</description>
			<onfocus>ReplaceWindow($INFO[System.StartupWindow])</onfocus>
			<onfocus condition="System.HasAddon(script.colorbox)">RunScript(script.colorbox,daemon=True)</onfocus>
			<onfocus condition="System.HasAddon(script.colorbox)">AlarmClock(nms1,SetProperty(NINE_manual_set,"var=main,set=main:|var=comp,set=main:hls*0.33;0;0@hsv*0;-0.1;0.3|var=blursize,set=2|var=quality,set=1",home),00:05,true)</onfocus>
			
			<texturefocus></texturefocus>
			<visible>!Skin.HasSetting(Use_Startup_Playlist)</visible>
		</control>
		<control type="button" id="10">
			<description>trigger with startup Playlist</description>
			<onfocus>XBMC.PlayMedia($INFO[Skin.String(Startup_Playlist_Path)])</onfocus>
			<onfocus>ReplaceWindow($INFO[System.StartupWindow])</onfocus>
			<onfocus condition="System.HasAddon(script.colorbox)">RunScript(script.colorbox,daemon=True)</onfocus>
			<onfocus condition="System.HasAddon(script.colorbox)">AlarmClock(nms1,SetProperty(NINE_manual_set,"var=main,set=main:|var=comp,set=main:hls*0.33;0;0@hsv*0;-0.1;0.3|var=blursize,set=2|var=quality,set=1",home),00:05,true)</onfocus>
			
			<texturefocus></texturefocus>
			<visible>Skin.HasSetting(Use_Startup_Playlist)</visible>
		</control>
		<include>CommonBackground</include>
	</controls>
</window>