<?xml version="1.0" encoding="UTF-8"?>
<includes>
	<include name="Viewtype_521_RowSquare">
		<control type="group">
			<visible>Control.IsVisible(521)</visible>
			<!-- List -->
			<control type="fixedlist" id="521">
				<left>-440</left>
				<top>270</top>
				<width>2360</width>
				<height>540</height>
				<onleft>521</onleft>
				<onright>521</onright>
				<onup>3000</onup>
				<ondown>60</ondown>
				<pagecontrol>60</pagecontrol>
				<preloaditems>2</preloaditems>
				<focusposition>1</focusposition>
				<orientation>horizontal</orientation>
				<viewtype label="31521">list</viewtype>
				<scrolltime tween="sine" easing="inout">360</scrolltime>
				<visible>String.Contains(Container.FolderPath,videodb://) | String.Contains(Container.FolderPath,special://) | String.Contains(Container.FolderPath,addons://) | String.Contains(Container.FolderPath,musicdb://) | String.Contains(Container.FolderPath,androidapp://)</visible>
				<include>MediaInfoHideAnimation</include>
				<itemlayout height="540" width="540">
					<control type="group">
						<visible>!Window.IsVisible(contextmenu)</visible>
						<control type="image">
							<width>540</width>
							<height>540</height>
							<aspectratio>scale</aspectratio>
							<texture background="true">$VAR[PosterVar]</texture>
						</control>
						<control type="image">
							<width>540</width>
							<height>540</height>
							<texture colordiffuse="$VAR[DiffuseColor]">views/white_50.png</texture>
						</control>
						<include>WatchedIndicator</include>
						<animation effect="fade" start="0" end="100" time="200" delay="0">Visible</animation>
					</control>
				</itemlayout>
				<focusedlayout height="540" width="540">
					<control type="image">
						<width>540</width>
						<height>540</height>
						<aspectratio>scale</aspectratio>
						<texture background="true">$VAR[PosterVar]</texture>
					</control>
					<control type="image">
						<width>540</width>
						<height>540</height>
						<texture colordiffuse="$VAR[DiffuseColor]">views/white_50.png</texture>
						<animation center="auto" condition="Control.HasFocus(521)" easing="inout" effect="fade" end="0" start="100" time="300" tween="sine">Focus</animation>
						<animation center="auto" condition="Control.HasFocus(521)" easing="inout" effect="fade" end="100" start="0" time="300" tween="sine">UnFocus</animation>
					</control>
					<include>WatchedIndicator</include>
					<control type="image">
						<width>540</width>
						<height>540</height>
						<texture colordiffuse="$VAR[TextColor]" border="11,43,43,11">$VAR[BorderImage]</texture>
						<animation center="auto" condition="Control.HasFocus(521)" easing="inout" effect="fade" end="100" start="0" time="300" tween="sine">Focus</animation>
						<animation center="auto" condition="Control.HasFocus(521)" easing="inout" effect="fade" end="0" start="100" time="300" tween="sine">UnFocus</animation>
						<visible>!Control.HasFocus(60) + !Control.HasFocus(3000) + !String.Contains(ListItem.Icon,default)</visible>
					</control>
				</focusedlayout>
			</control>
		</control>
	</include>
</includes>