<?xml version="1.0" encoding="UTF-8"?>
<window>
	<!-- confirmdialog -->
	<controls>
		<!-- Hidden label -->
		<control type="label" id="1">
			<include>HiddenControl</include>
		</control>
		<include>MenuFadeBackgroundImage</include>
		<!-- Main group -->
		<control type="group">
			<centertop>50%</centertop>
			<width>1920</width>
			<height>400</height>
			<!-- Background -->
			<control type="image">
				<width>1920</width>
				<height>400</height>
				<include>DialogAnimation</include>
				<texture colordiffuse="$VAR[DiffuseColor]">views/white_50.png</texture>
			</control>
			<control type="group">
				<include content="DialogHeading">
					<param name="DialogHeaderId" value="1" />
					<param name="DialogHeaderLabel" value="$INFO[Control.GetLabel(1)] $INFO[System.Progressbar,- ,%]" />
				</include>
				<!-- Details -->
				<control type="textbox" id="9">
					<top>-40</top>
					<width>1280</width>
					<height>224</height>
					<font>Thin48</font>
					<textcolor>$VAR[TextColor]</textcolor>
				</control>
			</control>
			<control type="grouplist" id="9000">
				<right>50</right>
				<bottom>50</bottom>
				<width>1200</width>
				<height>75</height>
				<itemgap>0</itemgap>
				<onleft>1000</onleft>
				<onright>noop</onright>
				<onup>1000</onup>
				<ondown>noop</ondown>
				<align>right</align>
				<orientation>horizontal</orientation>
				<include>DialogAnimation</include>
				<control type="button" id="12">
					<width>auto</width>
					<align>center</align>
					<textoffsetx>40</textoffsetx>
					<label>$PARAM[Button3Label]</label>
					
				</control>
				<control type="button" id="10">
					<width>auto</width>
					<align>center</align>
					<textoffsetx>40</textoffsetx>
					<label>X</label>
					
				</control>
				<control type="button" id="11">
					<width>auto</width>
					<align>center</align>
					<textoffsetx>40</textoffsetx>
					<label>$LOCALIZE[186]</label>
					
					<onclick condition="String.IsEmpty(Window(home).Property(copacetix_loaded))">ReplaceWindow(StartUp.xml)</onclick>
				</control>
			</control>
		</control>
	</controls>
</window>