<?xml version="1.0" encoding="UTF-8"?>
<window>
	<!-- profiles -->
	<defaultcontrol always="true">4</defaultcontrol>

	<controls>
		<!-- Fanart -->
		<control type="multiimage" id="7975">
			<include>FullscreenDimensions</include>
			<timeperimage>10000</timeperimage>
			<randomize>true</randomize>
			<colordiffuse>$VAR[FanartColor]</colordiffuse>
			<imagepath background="true">$VAR[HomeBackgroundImage]</imagepath>
			<animation effect="fade" start="100" end="80" condition="[Player.HasVideo + Skin.HasSetting(BackgroundVideo)] | [Player.HasAudio + Skin.HasSetting(BackgroundVisualisation) + !String.Contains(Window(Videos).Property(TvTunesIsAlive),True)]">Conditional</animation>
		</control>

		<!-- Curve -->
		<control type="image">
			<right>20</right>
			<top>20</top>
			<width>1520</width>
			<height>1040</height>
			<texture border="40,0,0,0">common/Curve.png</texture>
			<visible>Skin.HasSetting(ShowCurve)</visible>
		</control>

		<!-- Curve -->
		<control type="image">
			<right>20</right>
			<top>20</top>
			<width>1172</width>
			<height>1040</height>
			<texture border="40,0,0,0">common/Curve.png</texture>
			<visible>Skin.HasSetting(ShowCurve)</visible>
		</control>

			<!-- Clock -->
			<include>Clock</include>

		<!-- Dummy list -->
		<control type="grouplist" id="9000">
			<animation effect="fade" start="100" end="50" time="200" condition="Window.IsVisible(SettingsProfile.xml)">Conditional</animation>
			<left>120</left>
			<top>120</top>
			<width>300</width>
			<height>870</height>
			<itemgap>34</itemgap>
			<orientation>vertical</orientation>

			<!-- Appearance -->
			<control type="button">
				<width>300</width>
				
				<label>480</label>
				<font>Font42</font>
				<textcolor>$VAR[UnFocusedColor]</textcolor>
			</control>
			<!-- Videos -->
			<control type="button">
				<width>300</width>
				
				<label>3</label>
				<font>Font42</font>
				<textcolor>$VAR[UnFocusedColor]</textcolor>
			</control>
			<!-- Music -->
			<control type="button">
				<width>300</width>
				
				<label>2</label>
				<font>Font42</font>
				<textcolor>$VAR[UnFocusedColor]</textcolor>
			</control>
			<!-- Pictures -->
			<control type="button">
				<width>300</width>
				
				<label>1</label>
				<font>Font42</font>
				<textcolor>$VAR[UnFocusedColor]</textcolor>
			</control>
			<!-- Weather -->
			<control type="button">
				<width>300</width>
				
				<label>8</label>
				<font>Font42</font>
				<textcolor>$VAR[UnFocusedColor]</textcolor>
			</control>
			<!-- System -->
			<control type="button">
				<width>300</width>
				
				<label>13000</label>
				<font>Font42</font>
				<textcolor>$VAR[UnFocusedColor]</textcolor>
			</control>
			<!-- Service -->
			<control type="button">
				<width>300</width>
				
				<label>14036</label>
				<font>Font42</font>
				<textcolor>$VAR[UnFocusedColor]</textcolor>
			</control>
			<!-- PVR -->
			<control type="button">
				<width>300</width>
				
				<label>31015</label>
				<font>Font42</font>
				<textcolor>$VAR[UnFocusedColor]</textcolor>
			</control>
			<!-- System info -->
			<control type="button">
				<width>300</width>
				
				<label>130</label>
				<font>Font42</font>
				<textcolor>$VAR[UnFocusedColor]</textcolor>
			</control>
			<!-- More -->
			<control type="button">
				<width>300</width>
				
				<label>22082</label>
				<font>Font42</font>
				<textcolor>$VAR[FocusedColor]</textcolor>
			</control>

		</control>

		<!-- Main list -->
		<control type="grouplist" id="50">
			<left>420</left>
			<top>120</top>
			<width>1680</width>
			<height>726</height>
			<itemgap>34</itemgap>
			<onleft>ReplaceWindow(settings)</onleft>
			<onright>noop</onright>
			<onup>noop</onup>
			<ondown>noop</ondown>
			<orientation>vertical</orientation>

			<!-- Addons -->
			<control type="button">
				<width>970</width>
				
				<font>Font33</font>
				<label>24001</label>
				<textcolor>$VAR[UnFocusedColor]</textcolor>
			</control>
			<!-- Profiles -->
			<control type="button">
				<width>970</width>
				
				<font>Font33</font>
				<label>13200</label>
				<textcolor>$VAR[FocusedColor]</textcolor>
			</control>
			<!-- File manager -->
			<control type="button">
				<width>970</width>
				
				<font>Font33</font>
				<label>7</label>
				<textcolor>$VAR[UnFocusedColor]</textcolor>
			</control>
			<!-- Settings level -->
			<control type="button">
				<width>300</width>
				
				<label>31016</label>
				<font>Font33</font>
				<textcolor>$VAR[UnFocusedColor]</textcolor>
			</control>

		</control>

		<!-- Main list indicator -->
		<control type="image">
			<left>410</left>
			<top>120</top>
			<width>20</width>
			<height>75</height>
			<colordiffuse>$VAR[UnFocusedColor]</colordiffuse>
			<texture border="6,1,8,1">common/ScrollBackground.png</texture>
			<animation effect="fade" start="100" end="50" time="0" condition="true">Conditional</animation>
		</control>

		<!-- Default list -->
		<control type="grouplist" id="500">
			<left>720</left>
			<top>120</top>
			<width>970</width>
			<height>304</height>
			<itemgap>34</itemgap>
			<onleft>ReplaceWindow(settings)</onleft>
			<onright>noop</onright>
			<onup>noop</onup>
			<ondown>2</ondown>
			<orientation>vertical</orientation>
			<usecontrolcoords>true</usecontrolcoords>
			<defaultcontrol always="true">4</defaultcontrol>
			<animation effect="fade" start="100" end="0" time="0" condition="!ControlGroup(500).HasFocus + !Control.HasFocus(2)">Conditional</animation>

			<!-- Enable login screen -->
			<control type="radiobutton" id="4">
				<width>970</width>
				
				<font>Font33</font>
				<textcolor>$VAR[UnFocusedColor]</textcolor>
				<focusedcolor>$VAR[FocusedColor]</focusedcolor>
				<disabledcolor>$VAR[DisabledColor]</disabledcolor>
				<label>20096</label>
			</control>

			<!-- Auto login -->
			<control type="button" id="5">
				<width>970</width>
				
				<font>Font33</font>
				<textcolor>$VAR[UnFocusedColor]</textcolor>
				<focusedcolor>$VAR[FocusedColor]</focusedcolor>
				<invalidcolor>$VAR[DisabledColor]</invalidcolor>
				<disabledcolor>$VAR[DisabledColor]</disabledcolor>
				<label>33084</label>
				<enable>!System.HasLoginScreen</enable>
			</control>

			<!-- Separator -->
			<control type="image" id="6">
				<top>11</top>
				<width>970</width>
				<height>20</height>
				<texture border="1,12,1,1" colordiffuse="DialogOverlayColorNF">common/ScrollBackgroundHorizontal.png</texture>
			</control>

		</control>

		<control type="list" id="2">
			<left>720</left>
			<top>338</top>
			<width>970</width>
			<height>456</height>
			<onleft>ReplaceWindow(settings)</onleft>
			<onright>noop</onright>
			<onup>500</onup>
			<ondown>noop</ondown>
			<orientation>vertical</orientation>
			<animation effect="fade" start="100" end="0" time="0" condition="!ControlGroup(500).HasFocus + !Control.HasFocus(2)">Conditional</animation>

			<itemlayout height="109" width="970">
				<control type="label">
					<width>900</width>
					<font>Font33</font>
					<label>$INFO[ListItem.Label]</label>
					<textcolor>$VAR[UnFocusedColor]</textcolor>
				</control>
				<control type="image">
					<width>109</width>
					<right>10</right>
					<colordiffuse>$VAR[FocusedColor]</colordiffuse>
					<texture fallback="DefaultUser.png">$INFO[ListItem.Icon]</texture>
				</control>
			</itemlayout>

			<focusedlayout height="109" width="970">
				<control type="label">
					<width>900</width>
					<font>Font33</font>
					<label>$INFO[ListItem.Label]</label>
					<textcolor>$VAR[FocusedColor]</textcolor>
					<animation effect="fade" start="100" end="50" time="0" condition="!Control.HasFocus(2)">Conditional</animation>
				</control>
				<control type="image">
					<width>109</width>
					<right>10</right>
					<texture fallback="DefaultUser.png">$INFO[ListItem.Icon]</texture>
				</control>
			</focusedlayout>

		</control>

		<!-- Sub list indicator -->
		<control type="image">
			<left>710</left>
			<top>120</top>
			<width>20</width>
			<height>75</height>
			<colordiffuse>$VAR[UnFocusedColor]</colordiffuse>
			<texture border="6,1,8,1">common/ScrollBackground.png</texture>
		</control>

	</controls>

</window>
