<?xml version="1.0" encoding="UTF-8"?>
<window>
	<defaultcontrol always="true">20</defaultcontrol>
	<controls>
		<include>DefaultBackground</include>
		<include>Time</include>
		<control type="image" description="Left panel">
			<include>OpenClose</include>
			<posx>0</posx>
			<posy>48</posy>
			<width>968</width>
			<height>1024</height>
			<texture border="30">dialogs/TinyDialog.png</texture>
			<colordiffuse>$VAR[DialogBGColor]</colordiffuse>
		</control>
		<control type="image" description="Right panel">
			<include>OpenClose</include>
			<posx>970r</posx>
			<posy>48</posy>
			<width>968</width>
			<height>1024</height>
			<texture border="30">dialogs/TinyDialog.png</texture>
			<colordiffuse>$VAR[DialogBGColor]</colordiffuse>
		</control>
		<control type="group" description="Content">
			<include>OpenClose</include>
			<control type="group" description="Left panel">
				<posx>20</posx>
				<posy>48</posy>
				<control type="label" id="101" description="Header Label">
					<posx>0</posx>
					<posy>24</posy>
					<width>918</width>
					<align>center</align>
					<haspath>true</haspath>
					<font>font12</font>
					<textcolor>$VAR[HighlightColor]</textcolor>
					<shadowcolor>$VAR[DiffuseColor]</shadowcolor>
				</control>
				<control type="panel" id="20" description="Left File List">
					<posy>100</posy>
					<width>928</width>
					<height>840</height>
					<onleft>60</onleft>
					<onright>21</onright>
					<onup>20</onup>
					<ondown>20</ondown>
					<pagecontrol>60</pagecontrol>
					<itemlayout height="60" width="928">
						<control type="image">
							<width>928</width>
							<height>60</height>
							<texture border="3">list/ListNF.png</texture>
						</control>
						<control type="label">
							<height>60</height>
							<width>918</width>
							<align>right</align>
							<font>font10</font>
							<info>ListItem.Label2</info>
						</control>
						<control type="label">
							<posx>10</posx>
							<width>908</width>
							<height>60</height>
							<font>font12</font>
							<scroll>false</scroll>
							<info>ListItem.Label</info>
						</control>
					</itemlayout>
					<focusedlayout height="90" width="928">
						<control type="image">
							<width>928</width>
							<height>60</height>
							<texture border="4" colordiffuse="$VAR[HighlightColor]">WhiteRoundedcbxST2.png</texture>
						</control>
						<control type="label">
							<height>60</height>
							<width>918</width>
							<align>right</align>
							<font>font10</font>
							<textcolor>$VAR[FocusedTextColor]</textcolor>
							<shadowcolor>$VAR[DiffuseColor]</shadowcolor>
							<info>ListItem.Label2</info>
						</control>
						<control type="label">
							<posx>10</posx>
							<width>908</width>
							<height>60</height>
							<font>font12</font>
							<textcolor>$VAR[FocusedTextColor]</textcolor>
							<shadowcolor>$VAR[DiffuseColor]</shadowcolor>
							<info>ListItem.Label</info>
						</control>
					</focusedlayout>
				</control>
				<control type="label" id="12" description="Footer Label">
					<posx>6</posx>
					<posy>950</posy>
					<width>928</width>
					<font>font10</font>
					<align>left</align>
				</control>
				<control type="scrollbar" id="60">
					<posx>-21</posx>
					<posy>60</posy>
					<width>36</width>
					<height>918</height>
					<texturesliderbackground></texturesliderbackground>
					<texturesliderbar></texturesliderbar>
					<texturesliderbarfocus></texturesliderbarfocus>
					<textureslidernib border="18">OSD/ScrollbarNibNF.png</textureslidernib>
					<textureslidernibfocus border="18" colordiffuse="$VAR[HighlightColor]">OSD/ScrollbarNibFO.png</textureslidernibfocus>
					<showonepage>true</showonepage>
					<orientation>vertical</orientation>
					<onright>20</onright>
				</control>
			</control>
			<control type="group" description="Right panel">
				<posx>950r</posx>
				<posy>48</posy>
				<control type="label" id="102" description="Header Label">
					<posx>0</posx>
					<posy>24</posy>
					<width>918</width>
					<align>center</align>
					<haspath>true</haspath>
					<font>font12</font>
					<textcolor>$VAR[HighlightColor]</textcolor>
					<shadowcolor>$VAR[DiffuseColor]</shadowcolor>
				</control>
				<control type="panel" id="21" description="Right File List">
					<posy>100</posy>
					<width>928</width>
					<height>840</height>
					<onleft>20</onleft>
					<onright>61</onright>
					<onup>21</onup>
					<ondown>21</ondown>
					<pagecontrol>61</pagecontrol>
					<itemlayout height="60" width="928">
						<control type="image">
							<width>928</width>
							<height>60</height>
							<texture border="3">list/ListNF.png</texture>
						</control>
						<control type="label">
							<height>60</height>
							<width>918</width>
							<align>right</align>
							<font>font10</font>
							<info>ListItem.Label2</info>
						</control>
						<control type="label">
							<posx>10</posx>
							<width>908</width>
							<height>60</height>
							<font>font12</font>
							<scroll>false</scroll>
							<info>ListItem.Label</info>
						</control>
					</itemlayout>
					<focusedlayout height="90" width="928">
						<control type="image">
							<width>928</width>
							<height>60</height>
							<texture border="4" colordiffuse="$VAR[HighlightColor]">WhiteRoundedcbxST2.png</texture>
						</control>
						<control type="label">
							<height>60</height>
							<width>918</width>
							<align>right</align>
							<font>font10</font>
							<textcolor>$VAR[FocusedTextColor]</textcolor>
							<shadowcolor>$VAR[DiffuseColor]</shadowcolor>
							<info>ListItem.Label2</info>
						</control>
						<control type="label">
							<posx>10</posx>
							<width>908</width>
							<height>60</height>
							<font>font12</font>
							<textcolor>$VAR[FocusedTextColor]</textcolor>
							<shadowcolor>$VAR[DiffuseColor]</shadowcolor>
							<info>ListItem.Label</info>
						</control>
					</focusedlayout>
				</control>
				<control type="label" id="13" description="Footer Label">
					<posx>6</posx>
					<posy>950</posy>
					<width>928</width>
					<font>font10</font>
					<align>left</align>
				</control>
				<control type="scrollbar" id="61">
					<posx>910</posx>
					<posy>60</posy>
					<width>36</width>
					<height>918</height>
					<texturesliderbackground></texturesliderbackground>
					<texturesliderbar></texturesliderbar>
					<texturesliderbarfocus></texturesliderbarfocus>
					<textureslidernib border="18">OSD/ScrollbarNibNF.png</textureslidernib>
					<textureslidernibfocus border="18" colordiffuse="$VAR[HighlightColor]">OSD/ScrollbarNibFO.png</textureslidernibfocus>
					<showonepage>true</showonepage>
					<orientation>vertical</orientation>
					<onleft>21</onleft>
				</control>
			</control>
		</control>
	</controls>
</window>
