<?xml version="1.0" encoding="UTF-8"?>
<window>
	<defaultcontrol always="true">52</defaultcontrol>
	<include>OpenClose</include>
	<controls>
		<include>DefaultBackground</include>
		<include>Time</include>
		<control type="group" description="Content">
			<include>OpenClose</include>
			<posx>315</posx>
			<posy>120</posy>
			<width>1300</width>
			<height>480</height>
			<control type="image" description="Background">
				<posx>-21</posx>
				<posy>-20</posy>
				<width>1271</width>
				<height>832</height>
				<texture border="45">dialogs/DialogBG.png</texture>
				<colordiffuse>$VAR[DialogBGColor]</colordiffuse>
			</control>
			<control type="label" description="Title">
				<posx>252</posx>
				<posy>15</posy>
				<width>950</width>
				<height>40</height>
				<align>center</align>
				<textcolor>$VAR[HighlightColor]</textcolor>
				<label>$LOCALIZE[13200]</label>
			</control>
			<control type="panel" id="52">
				<posx>252</posx>
				<posy>80</posy>
				<width>950</width>
				<height>240</height>
				<onleft>11</onleft>
				<onright>noop</onright>
				<onup>52</onup>
				<ondown>52</ondown>
				<pagecontrol></pagecontrol>
				<scrolltime>240</scrolltime>
				<itemlayout width="950" height="90">
					<control type="image">
						<texture border="3" flipy="true">list/ListNF.png</texture>
					</control>
					<include content="ShadowedImage">
						<param name="top">8</param>
						<param name="left">8</param>
						<param name="width">70</param>
						<param name="height">70</param>
						<param name="shadowoffset">4</param>
						<param name="texture">$INFO[ListItem.Icon]</param>
					</include>
					<control type="label">
						<height>60</height>
						<textoffsetx>96</textoffsetx>
						<label>$INFO[ListItem.Label]</label>
					</control>
					<control type="label">
						<top>50</top>
						<height>30</height>
						<textoffsetx>96</textoffsetx>
						<font>font22</font>
						<label>$INFO[ListItem.Label2]</label>
					</control>
				</itemlayout>
				<focusedlayout width="950" height="90">
					<control type="image">
						<texture border="4" colordiffuse="$VAR[HighlightColor]">WhiteRoundedcbxST2.png</texture>
					</control>
					<include content="ShadowedImage">
						<param name="top">8</param>
						<param name="left">8</param>
						<param name="width">70</param>
						<param name="height">70</param>
						<param name="shadowoffset">4</param>
						<param name="texture">$INFO[ListItem.Icon]</param>
					</include>
					<control type="label">
						<height>60</height>
						<textoffsetx>96</textoffsetx>
						<textcolor>$VAR[FocusedTextColor]</textcolor>
						<shadowcolor>$VAR[DiffuseColor]</shadowcolor>
						<label>$INFO[ListItem.Label]</label>
					</control>
					<control type="label">
						<top>50</top>
						<height>30</height>
						<textoffsetx>96</textoffsetx>
						<textcolor>$VAR[FocusedTextColor]</textcolor>
						<shadowcolor>$VAR[DiffuseColor]</shadowcolor>
						<font>font22</font>
						<label>$INFO[ListItem.Label2]</label>
					</control>
				</focusedlayout>
			</control>
			<include content="ShadowedImage">
				<param name="top">88</param>
				<param name="left">60</param>
				<param name="width">128</param>
				<param name="height">64</param>
				<param name="shadowoffset">8</param>
				<param name="texture">icons/logo.png</param>
			</include>
			<include content="ShadowedImage">
				<param name="top">140</param>
				<param name="left">60</param>
				<param name="width">128</param>
				<param name="height">128</param>
				<param name="shadowoffset">8</param>
				<param name="texture">icons/logo-text.png</param>
			</include>
			<control type="label">
				<left>32</left>
				<top>298</top>
				<width>188</width>
				<height>120</height>
				<align>center</align>
				<aligny>center</aligny>
				<font>font22</font>
				<label>$LOCALIZE[31047]</label>
				<wrapmultiline>true</wrapmultiline>
			</control>
			<control type="radiobutton" id="11" description="Quit xbmc">
				<posx>62</posx>
				<posy>488</posy>
				<height>64</height>
				<width>128</width>
				<onright>52</onright>
				<radiowidth>80</radiowidth>
				<radioheight>80</radioheight>
				<textoffsetx>0</textoffsetx>
				<texturenofocus></texturenofocus>
				<textureradioonfocus colordiffuse="$VAR[FocusedTextColor]">ShutdownNF.png</textureradioonfocus>
				<textureradioonnofocus>ShutdownNF.png</textureradioonnofocus>
				<textureradioofffocus colordiffuse="$VAR[FocusedTextColor]">ShutdownNF.png</textureradioofffocus>
				<textureradiooffnofocus>ShutdownNF.png</textureradiooffnofocus>
				<onclick>ActivateWindow(shutdownmenu)</onclick>
				<radioposx>24</radioposx>4
				<label></label>
			</control>
		</control>
	</controls>
</window>