<?xml version="1.0" encoding="UTF-8"?>
<window>
	<include>OpenClose</include>
	<controls>
		<control type="group">
			<control type="label" description="Header">
				<posx>30</posx>
				<posy>150</posy>
				<width>1860</width>
				<height>30</height>
				<font>InfoTitle</font>
				<label>$ADDON[script.cu.lrclyrics 32199]</label>
				<align>center</align>
				<aligny>center</aligny>
				<textcolor>$VAR[HighlightColor]</textcolor>
			</control>
			<!-- ** Required ** Do not change <id> or <type> (Smooth scrolling list for lyrics) -->
			<control type="list" id="110">
				<posx>30</posx>
				<posy>210</posy>
				<width>1860</width>
				<height>600</height>
				<onleft>dialog.close(all,true)</onleft>
				<onright>dialog.close(all,true)</onright>
				<onup>110</onup>
				<ondown>110</ondown>
				<scrolltime>200</scrolltime>
				<itemlayout height="40">
					<control type="label">
						<width>1860</width>
						<height>40</height>
						<aligny>center</aligny>
						<align>center</align>
						<textcolor>$VAR[LabelTextColor]</textcolor>
						<shadowcolor>$VAR[DiffuseColor]</shadowcolor>
						<label fallback="--">[B]$INFO[ListItem.Label][/B]</label>
					</control>
				</itemlayout>
				<focusedlayout height="40">
					<control type="label">
						<width>1860</width>
						<height>40</height>
						<aligny>center</aligny>
						<align>center</align>
						<textcolor>$VAR[HighlightColor]</textcolor>
						<shadowcolor>$VAR[DiffuseColor]</shadowcolor>
						<label fallback="- -">[B]$INFO[ListItem.Label][/B]</label>
					</control>
				</focusedlayout>
			</control>
			<control type="spincontrol" id="111">
				<visible>false</visible>
				<description>Next page button</description>
				<posx>520</posx>
				<posy>650</posy>
				<subtype>page</subtype>
				<onleft>110</onleft>
				<onright>110</onright>
				<ondown>110</ondown>
				<onup>110</onup>
				<showonepage>true</showonepage>
				<visible>Control.IsVisible(110)</visible>
			</control>
			<control type="label" id="2">
				<description>Pick label</description>
				<posx>30</posx>
				<posy>130</posy>
				<width>550</width>
				<height>30</height>
				<align>center</align>
				<aligny>center</aligny>
				<label>$ADDON[script.cu.lrclyrics 32005]</label>
				<textcolor>$VAR[LabelTextColor]</textcolor>
				<visible>!Control.IsVisible(110)</visible>
			</control>
<!--			<control type="spincontrol" id="121">
				<visible>false</visible>
				<description>Next page button</description>
				<posx>520</posx>
				<posy>650</posy>
				<subtype>page</subtype>
				<onleft>120</onleft>
				<onright>120</onright>
				<ondown>120</ondown>
				<onup>120</onup>
				<showonepage>true</showonepage>
				<visible>Control.IsVisible(120)</visible>
			</control> -->
			<control type="label" id="200">
				<description>Scraper label</description>
				<visible>false</visible>
			</control>
		</control>
	</controls>
</window>