<?xml version="1.0" encoding="UTF-8"?>
<window type="dialog" id="1105">
	<defaultcontrol always="true">1</defaultcontrol>
	<controls>
		<control type="label" id="7979">
			<right>0</right>
			<align>right</align>
			<textcolor></textcolor>
			<label>var=npoints,set=$INFO[Skin.String(colorbox_npoints)]|var=main,set=main:|var=comp,set=main:hls*0.33;0;0@hsv*0;-0.1;0.3|var=blursize,set=8|var=quality,set=3</label>
		</control>
		<!-- Fanart -->
		<control type="multiimage" id="7975">
			<include>FullscreenDimensions</include>
			<fadetime>400</fadetime>
			<imagepath background="true">special://skin/resources/fanart.jpg</imagepath>
		</control>
		<control type="button" id="1">
			<include>HiddenControl</include>
			<onfocus>AlarmClock(nms2,Action(close),00:05,true)</onfocus>
			<onup>noop</onup>
			<ondown>noop</ondown>
			<onleft>noop</onleft>
			<onright>noop</onright>
	  </control>
		<control type="label">
			<left>59</left>
			<width>auto</width>
			<height>118</height>
			<font>Thin48</font>
			<align>left</align>
			<textcolor>$VAR[TextColor]</textcolor>
			<label>Setting colorbox values...</label>
		</control>
	</controls>
</window>