<?xml version="1.0" encoding="UTF-8"?>
<window>
	<!-- addonsettings -->
	<defaultcontrol always="true">9</defaultcontrol>
	<controls>
		<!-- Background -->
		<include>DialogBackgroundImage</include>
		<!-- Main group -->
		<control type="group" id="1000">
			<include content="DialogHeading">
				<param name="DialogHeaderId" value="2" />
				<param name="DialogHeaderLabel" value="-" />
			</include>
			<!-- Left grouplist -->
			<control type="grouplist" id="3">
				<width>370</width>
				<height>775</height>
				<onright>5</onright>
				<onleft>noop</onleft>
				<ondown>9000</ondown>
				<onup>noop</onup>
				<itemgap>25</itemgap>
				<scrolltime>0</scrolltime>
			</control>
			<!-- Default button -->
			<control type="button" id="10"/>
			<!-- Right grouplist -->
			<control type="grouplist" id="5">
				<left>430</left>
				<width>1390</width>
				<height>775</height>
				<onleft>3</onleft>
				<onright>noop</onright>
				<onup>noop</onup>
				<ondown>9000</ondown>
				<itemgap>25</itemgap>
				<scrolltime>0</scrolltime>
			</control>
			<!-- Default button -->
			<control type="button" id="7"/>
			<!-- Default radiobutton -->
			<control type="radiobutton" id="8"/>
			<!-- Default spincontrolex -->
			<control type="spincontrolex" id="9"/>
			<!-- Default label -->
			<control type="label" id="14">
				<textcolor>$VAR[SelectedColor]</textcolor>
			</control>
			<!-- Default seperator -->
			<control type="image" id="11">
				<height>-25</height>
				<texture></texture>
			</control>
			<!-- Default slider -->
			<control type="sliderex" id="13"/>
		</control>
		<include content="DialogButtons">
			<param name="Button4Visible" value="false" />
			<!-- Defaults Button -->
			<param name="Button3ID" value="30" />
			<param name="Button3Label" value="$LOCALIZE[409]" />
			<param name="Button3Visible" value="true" />
			<!-- Cancel Button -->
			<param name="Button2ID" value="29" />
			<param name="Button2Label" value="X" />
			<param name="Button2Visible" value="true" />
			<!-- OK Button -->
			<param name="Button1ID" value="28" />
			<param name="Button1Label" value="$LOCALIZE[186]" />
			<param name="Button1Visible" value="true" />
		</include>
	</controls>
</window>