<?xml version="1.0" encoding="utf-8"?>
<window type="dialog" id="1129">
    <defaultcontrol always="true">9013</defaultcontrol>
    <coordinates>
        <left>0</left>
        <top>0</top>
        <system>1</system>
    </coordinates>
    <controls>
		<include content="SideBladeCloseIcon">
            <param name="CloseIconDialogClose" value="Dialog.Close(1129)" />
            <param name="CloseIconDialogClose2" value="Dialog.Close(1118)" />
            <param name="ClearMediaMenu" value="ClearProperty(MediaMenu,Home)" />
            <param name="CloseIconSetFocus" value="SetFocus(50)" />
            <param name="CloseIconVisibility" value="system.getbool(input.enablemouse) + Window.IsActive(1129)" />
        </include>
		<control type="group">
			<control type="label">
				<top>10</top>
				<width>400</width>
				<height>52</height>
				<textoffsetx>15</textoffsetx>
				<font>font13_title</font>
				<label>31007</label>
				<textcolor>$VAR[ColorHighlightVar]</textcolor>
			</control>
			<control type="grouplist" id="9013">
				<!-- viewtype selection-->
				<top>62</top>
				<width>400</width>
				<height>840</height>
				<orientation>vertical</orientation>
				<onup>9014</onup>
				<ondown>9014</ondown>
				<control type="radiobutton" id="1290">
					<description>List</description>
					<label>535</label>
					<enable>False</enable>
					<textcolor>$VAR[ColorDisabledVar]</textcolor>
					<selected>true</selected>
					<include>ButtonCommonValues</include>
					<visible>!Window.IsActive(tvguide)</visible>
				</control>
				<control type="radiobutton" id="1311">
					<description>Thumbnail</description>
					<label>21371</label>
					<include>ButtonCommonValues</include>
					<onclick>Skin.ToggleSetting(Disable.ThumbnailView)</onclick>
					<selected>!Skin.HasSetting(Disable.ThumbnailView)</selected>
					<visible>![Window.IsActive(tvguide) | Window.IsActive(tvtimers) | Window.IsActive(tvsearch) | Window.IsActive(tvrecordings) | Window.IsActive(tvchannels) | Window.IsActive(eventlog)]</visible>
				</control>
				<control type="radiobutton" id="1291">
					<description>EPG Timeline</description>
					<label>31414</label>
					<include>ButtonCommonValues</include>
					<onclick>Skin.ToggleSetting(Disable.TimelineView)</onclick>
					<selected>!Skin.HasSetting(Disable.TimelineView)</selected>
					<visible>Window.IsActive(tvguide)</visible>
				</control>
				<control type="radiobutton" id="1292">
					<description>EPG Now</description>
					<label>31415</label>
					<include>ButtonCommonValues</include>
					<onclick>Skin.ToggleSetting(Disable.NowView)</onclick>
					<selected>!Skin.HasSetting(Disable.NowView)</selected>
					<visible>Window.IsActive(tvguide)</visible>
				</control>
				<control type="radiobutton" id="1293">
					<description>EPG Next</description>
					<label>31416</label>
					<include>ButtonCommonValues</include>
					<onclick>Skin.ToggleSetting(Disable.NextView)</onclick>
					<selected>!Skin.HasSetting(Disable.NextView)</selected>
					<visible>Window.IsActive(tvguide)</visible>
				</control>
				<control type="radiobutton" id="1294">
					<description>Wall</description>
					<label>31086</label>
					<include>ButtonCommonValues</include>
					<onclick>Skin.ToggleSetting(Disable.IconView)</onclick>
					<selected>!Skin.HasSetting(Disable.IconView)</selected>
					<visible>Container.Content(movies) | Container.Content(tvshows) | Container.Content(episodes) | Container.Content(seasons) | Container.Content(sets) | Container.Content(musicvideos) | [Container.Content(artists) + !Window.IsActive(videos)] | [Container.Content(albums) + !Window.IsActive(videos)] | [Container.Content(files) + Container(500).HasFiles]</visible>
					<visible>!$EXP[PluginSuperFavourites] + !String.Contains(Container.FolderPath,plugin://plugin.library.node.editor/)</visible>
				</control>
				<control type="radiobutton" id="1295">
					<description>Wall</description>
					<label>31086</label>
					<include>ButtonCommonValues</include>
					<onclick>Skin.ToggleSetting(Disable.IconView)</onclick>
					<selected>!Skin.HasSetting(Disable.IconView)</selected>
					<visible>Container.Content(images)</visible>
					<visible>!$EXP[PluginSuperFavourites]</visible>
				</control>
				<control type="radiobutton" id="1296">
					<description>Wall</description>
					<label>31086</label>
					<include>ButtonCommonValues</include>
					<onclick>Skin.ToggleSetting(Disable.IconView)</onclick>
					<selected>!Skin.HasSetting(Disable.IconView)</selected>
					<visible>Container.Content(addons)</visible>
					<visible>!$EXP[PluginSuperFavourites]</visible>
				</control>
				<control type="radiobutton" id="1297">
					<description>InfoWall</description>
					<label>31021</label>
					<include>ButtonCommonValues</include>
					<onclick>Skin.ToggleSetting(Disable.InfoWallView)</onclick>
					<selected>!Skin.HasSetting(Disable.InfoWallView)</selected>
					<visible>Container.Content(movies) | Container.Content(tvshows) | Container.Content(seasons) | Container.Content(sets) | [Container.Content(artists) + !Window.IsActive(videos)] | [Container.Content(albums) + !Window.IsActive(videos)]</visible>
					<visible>!$EXP[PluginSuperFavourites]</visible>
				</control>
				<control type="radiobutton" id="1298">
					<description>Shift</description>
					<label>31079</label>
					<include>ButtonCommonValues</include>
					<onclick>Skin.ToggleSetting(Disable.ShiftView)</onclick>
					<selected>!Skin.HasSetting(Disable.ShiftView)</selected>
					<visible>Container.Content(movies) | Container.Content(tvshows) | Container.Content(seasons) | Container.Content(episodes) | Container.Content(sets) | Container.Content(musicvideos) | [Container.Content(addons) + !Window.IsActive(videos)] | [Container.Content(artists) + !Window.IsActive(videos)] | [Container.Content(albums) + !Window.IsActive(videos)]</visible>
					<visible>!$EXP[PluginSuperFavourites]</visible>
				</control>
				<control type="radiobutton" id="1299">
					<description>LowList</description>
					<label>31003</label>
					<include>ButtonCommonValues</include>
					<onclick>Skin.ToggleSetting(Disable.LowListView)</onclick>
					<selected>!Skin.HasSetting(Disable.LowListView)</selected>
					<visible>Container.Content(movies) | Container.Content(sets) | Container.Content(tvshows) | Container.Content(seasons) | Container.Content(episodes) | [[Container.Content(artists) | Container.Content(albums) | Container.Content(songs)] + !Window.IsActive(videos)] | [Container.Content(addons) + !Window.IsActive(videos)]</visible>
					<visible>!$EXP[PluginSuperFavourites]</visible>
				</control>
				<control type="radiobutton" id="1312">
					<description>LowPanel</description>
					<label>31245</label>
					<include>ButtonCommonValues</include>
					<onclick>Skin.ToggleSetting(Disable.LowPanelView)</onclick>
					<selected>!Skin.HasSetting(Disable.LowPanelView)</selected>
					<visible>Container.Content(movies) | Container.Content(tvshows) | Container.Content(seasons) | Container.Content(sets) | Container.Content(artists) | Container.Content(albums)</visible>
					<visible>!$EXP[PluginSuperFavourites]</visible>
				</control>
				<control type="radiobutton" id="1300">
					<description>BigList</description>
					<label>31052</label>
					<include>ButtonCommonValues</include>
					<onclick>Skin.ToggleSetting(Disable.BigListView)</onclick>
					<selected>!Skin.HasSetting(Disable.BigListView)</selected>
					<visible>Container.Content(movies) | Container.Content(tvshows) | Container.Content(episodes) | [[Container.Content(artists) | Container.Content(albums)] + !Window.IsActive(videos)]</visible>
					<visible>!$EXP[PluginSuperFavourites]</visible>
				</control>
				<control type="radiobutton" id="1301">
					<description>BigWall</description>
					<label>31078</label>
					<include>ButtonCommonValues</include>
					<onclick>Skin.ToggleSetting(Disable.WallView)</onclick>
					<selected>!Skin.HasSetting(Disable.WallView)</selected>
					<visible>Container.Content(movies) | Container.Content(tvshows) | Container.Content(sets) | Container.Content(seasons) | [Container.Content(artists) + !Window.IsActive(videos)] | [Container.Content(albums) + !Window.IsActive(videos)]  | [Container.Content(images) + Container(509).HasFiles]</visible>
					<visible>!$EXP[PluginSuperFavourites]</visible>
				</control>
				<control type="radiobutton" id="1302">
					<description>Panel</description>
					<label>31059</label>
					<include>ButtonCommonValues</include>
					<onclick>Skin.ToggleSetting(Disable.PanelView)</onclick>
					<selected>!Skin.HasSetting(Disable.PanelView)</selected>
					<visible>Container.Content(movies) | Container.Content(tvshows) | Container.Content(episodes) | [Container.Content(artists) + !Window.IsActive(videos)]</visible>
					<visible>!$EXP[PluginSuperFavourites]</visible>
				</control>
				<control type="radiobutton" id="1303">
					<description>Fanart</description>
					<label>20445</label>
					<include>ButtonCommonValues</include>
					<onclick>Skin.ToggleSetting(Disable.FanartView)</onclick>
					<selected>!Skin.HasSetting(Disable.FanartView)</selected>
					<visible>Container.Content(movies) | Container.Content(tvshows) | [Container.Content(artists) + !Window.IsActive(videos)]</visible>
					<visible>!$EXP[PluginSuperFavourites]</visible>
				</control>
				<control type="radiobutton" id="1304">
					<description>Gallery</description>
					<label>31054</label>
					<include>ButtonCommonValues</include>
					<onclick>Skin.ToggleSetting(Disable.GalleryView)</onclick>
					<selected>!Skin.HasSetting(Disable.GalleryView)</selected>
					<visible>[Container.Content(movies) | Container.Content(tvshows) | [Container.Content(images) + Container(504).HasFiles] | [Container.Content(artists) + !Window.IsActive(videos)]] + !Container.Content(addons)</visible>
					<visible>!$EXP[PluginSuperFavourites]</visible>
				</control>
				<control type="radiobutton" id="1309">
					<description>Episode</description>
					<label>31093</label>
					<include>ButtonCommonValues</include>
					<onclick>Skin.ToggleSetting(Disable.EpisodeView)</onclick>
					<selected>!Skin.HasSetting(Disable.EpisodeView)</selected>
					<visible>Container.Content(episodes) + !$EXP[PluginSuperFavourites]</visible>
				</control>
				<control type="radiobutton" id="1310">
					<description>Song</description>
					<label>31076</label>
					<include>ButtonCommonValues</include>
					<onclick>Skin.ToggleSetting(Disable.SongView)</onclick>
					<selected>!Skin.HasSetting(Disable.SongView)</selected>
					<visible>Container.Content(songs) + !$EXP[PluginSuperFavourites]</visible>
				</control>
			</control>
		</control>
		<control type="button" id="9014">
			<top>1020</top>
			<width>400</width>
			<align>center</align>
			<textoffsetx>30</textoffsetx>
			<font>IconMedium</font>
			<label>✓</label>
			<focusedcolor>$VAR[ColorHighlightVar]</focusedcolor>
			<texturefocus>-</texturefocus>
			<onup>1310</onup>
			<ondown>1290</ondown>
			<onclick>Dialog.Close(1129)</onclick>
		</control>
    </controls>
</window>
