<?xml version="1.0" encoding="UTF-8"?>
<window>
	<coordinates>
		<left>1090</left>
		<top>32</top>
	</coordinates>
	<include>dialogeffect</include>
	<controls>
		<control type="group">
			<animation effect="slide" time="300" tween="cubic" easing="out" start="0,0" end="0,120" condition="String.IsEqual(Skin.String(HomeLayout),2) + Window.IsActive(Home)">Conditional</animation>
			<control type="image">
				<description>background image</description>
				<width>800</width>
				<height>140</height>
				<texture border="12">dialog_context.png</texture>
				<colordiffuse>$VAR[ColorDialogVar]</colordiffuse>
			</control>
			<control type="image" id="400">
				<left>30</left>
				<top>30</top>
				<width>80</width>
				<height>80</height>
				<aspectratio>keep</aspectratio>
			</control>
			<control type="fadelabel" id="401">
				<description>Line 1 Label</description>
				<left>130</left>
				<top>27</top>
				<width>640</width>
				<height>45</height>
				<font>font28_title</font>
				<scrollout>false</scrollout>
				<pauseatend>2000</pauseatend>
			</control>
			<control type="fadelabel" id="402">
				<description>Line 2 Label</description>
				<left>130</left>
				<top>69</top>
				<width>640</width>
				<height>45</height>
				<font>topbar</font>
				<textcolor>$VAR[ColorHighlightVar]</textcolor>
				<scrollout>false</scrollout>
				<pauseatend>2000</pauseatend>
			</control>
		</control>
	</controls>
</window>