<?xml version="1.0" encoding="UTF-8"?>
<window>
	<defaultcontrol always="true">9000</defaultcontrol>
	<controls>
		<control type="group">
			<animation type="WindowOpen" reversible="false">
	            <effect type="fade" start="0" end="100" time="300" tween="sine" easing="in" />
	            <effect type="zoom" start="50" end="100" time="300" center="auto" tween="quadratic" easing="out" />
	        </animation>
	        <animation type="WindowClose" reversible="false">
	            <effect type="fade" end="0" start="100" time="200" tween="sine" easing="out" />
	            <effect type="zoom" end="75" start="100" time="200" center="auto" tween="quadratic" easing="in" />
	        </animation>
			<top>180</top>
			<control type="group">
				<control type="image">
					<left>82</left>
					<width>356</width>
					<height>356</height>
					<aspectratio>keep</aspectratio>
					<texture>$INFO[ListItem.Icon]</texture>
				</control>
				<control type="grouplist" id="9000">
					<left>82</left>
					<top>420</top>
					<width>356</width>
					<height>480</height>
					<onleft condition="Container(400).HasNext | Container(400).HasPrevious">60</onleft>
					<onright condition="Container(400).HasNext | Container(400).HasPrevious">60</onright>
					<onup>9000</onup>
					<ondown>9000</ondown>
					<itemgap>0</itemgap>
					<animation effect="fade" start="100" end="50" time="300" tween="sine" easing="inout" condition="Window.IsActive(textviewer)">Conditional</animation>
					<control type="button" id="9">
						<description>Configure Addon</description>
						<width>356</width>
						<height>70</height>
						<label>24020</label>
						<align>left</align>
						<font>font15</font>
					</control>
					<control type="button" id="8">
						<description>Update Addon button</description>
						<width>356</width>
						<height>70</height>
						<label>24069</label>
						<align>left</align>
						<font>font15</font>
					</control>
					<control type="radiobutton" id="13">
						<description>Auto update button</description>
						<width>356</width>
						<height>70</height>
						<label>21340</label>
						<align>left</align>
						<font>font15</font>
					</control>
					<control type="button" id="12">
						<description>Launch Addon button</description>
						<width>356</width>
						<height>70</height>
						<label>518</label>
						<align>left</align>
						<font>font15</font>
					</control>
					<control type="button" id="6">
						<description>Install/UnInstall Addon button</description>
						<width>356</width>
						<height>70</height>
						<label>24022</label>
						<align>left</align>
						<font>font15</font>
					</control>
					<control type="button" id="7">
						<description>Enable/Disable Addon button</description>
						<width>356</width>
						<height>70</height>
						<label>24021</label>
						<align>left</align>
						<font>font15</font>
					</control>
				</control>
			</control>
			<control type="group">
				<top>-15</top>
				<left>540</left>
				<width>1256</width>
				<height>880</height>
				<control type="panel">
					<width>1256</width>
					<height>300</height>
					<orientation>horizontal</orientation>
					<pagecontrol>61</pagecontrol>
					<scrolltime tween="quadratic" easing="out">200</scrolltime>
					<itemlayout height="50" width="1256">
						<control type="label">
							<width>180</width>
							<height>50</height>
							<font>font15</font>
							<textcolor>$VAR[ColorHighlightVar]</textcolor>
							<label>$INFO[ListItem.Label2]</label>
						</control>
						<control type="label">
							<left>180</left>
							<width>970</width>
							<height>50</height>
							<font>font15</font>
							<label>$INFO[ListItem.Label]</label>
						</control>
					</itemlayout>
					<focusedlayout height="50" width="1256">
						<control type="label">
							<width>180</width>
							<height>50</height>
							<font>font15</font>
							<textcolor>$VAR[ColorHighlightVar]</textcolor>
							<label>$INFO[ListItem.Label2]</label>
						</control>
						<control type="label">
							<left>180</left>
							<width>970</width>
							<height>50</height>
							<font>font15</font>
							<label>$INFO[ListItem.Label]</label>
						</control>
					</focusedlayout>
					<content>
						<item>
							<label>$INFO[ListItem.AddonCreator]</label>
							<label2>$LOCALIZE[21863]:</label2>
							<onclick>noop</onclick>
						</item>
						<item>
							<label>$INFO[ListItem.AddonVersion]</label>
							<label2>$LOCALIZE[24051]</label2>
							<onclick>noop</onclick>
						</item>
						<item>
							<label>$INFO[ListItem.AddonSize]</label>
							<label2>$LOCALIZE[289]:</label2>
							<onclick>noop</onclick>
							<visible>!String.IsEmpty(ListItem.AddonSize)</visible>
						</item>
						<item>
							<label>$INFO[ListItem.Property(Addon.ID)]</label>
							<label2>$LOCALIZE[560]:</label2>
							<onclick>noop</onclick>
						</item>
					</content>
				</control>
				<control type="grouplist">
					<left>0</left>
					<top>220</top>
					<usecontrolcoords>true</usecontrolcoords>
					<control type="textbox" id="400">
						<description>Description</description>
						<width>1256</width>
						<height>640</height>
						<font>font15_textbox</font>
						<textcolor>$VAR[ColorTextVar]</textcolor>
						<label>[COLOR $VAR[ColorHighlightVar]]$LOCALIZE[21821]: [/COLOR][CR]$INFO[ListItem.AddonDescription][CR]$VAR[AddonNews]$VAR[AddonDisclaimer]</label>
						<pagecontrol>60</pagecontrol>
					</control>
				</control>
			</control>
			<control type="group">
				<left>522</left>
				<top>770</top>
				<include>SettingsFadeEffect</include>
				<visible>!Window.isVisible(AddonSettings) + !Window.IsActive(TextViewer)</visible>
				<visible>!String.IsEmpty(ListItem.AddonBroken)</visible>
				<control type="image">
					<width>120</width>
					<height>120</height>
					<aspectratio align="left">keep</aspectratio>
					<texture>DefaultIconError.png</texture>
				</control>
				<control type="fadelabel">
					<left>125</left>
					<top>10</top>
					<width>1210</width>
					<height>115</height>
					<aligny>top</aligny>
					<textcolor>$VAR[ColorHighlightVar]</textcolor>
					<wrapmultiline>true</wrapmultiline>
					<font>font15_title</font>
					<label>24096</label>
				</control>
				<control type="fadelabel">
					<left>125</left>
					<top>55</top>
					<width>1210</width>
					<height>50</height>
					<font>font15</font>
					<label>$INFO[ListItem.AddonBroken]</label>
				</control>
			</control>
		</control>
		<include>Scrollbar_Vertical</include>
	</controls>
</window>