<?xml version="1.0" encoding="UTF-8"?>
<window>
	<zorder>0</zorder>
	<defaultcontrol>1</defaultcontrol>
	<visible>[Window.IsActive(videoosd) | Player.Paused | Player.Seeking | Player.DisplayAfterSeek | Player.Forwarding | Player.Rewinding] + VideoPlayer.IsFullscreen + ![Window.IsVisible(fullscreeninfo) | Window.IsVisible(musicosd) | Window.IsVisible(OSDVideoSettings) | Window.IsVisible(OSDAudioSettings) | Window.IsVisible(PVROSDGuide) | Window.IsVisible(PVROSDTeletext) | Window.IsVisible(PVROSDChannels) | Window.IsVisible(subtitlesearch) | Window.IsVisible(videobookmarks) | Window.IsActive(script.pseudotv.TVOverlay.xml) | Window.IsActive(script.pseudotv.live.TVOverlay.xml)]</visible>
	<controls>
		<control type="group">
			<animation type="WindowOpen" reversible="false">
				<effect type="fade" start="0" end="100" time="240" tween="quadratic" />
			</animation>
			<animation type="WindowClose" reversible="false">
				<effect type="fade" end="0" start="100" time="240" tween="quadratic" />
			</animation>
			<animation effect="fade" start="0" end="100" time="200">WindowOpen</animation>
			<animation effect="fade" start="0" end="100" time="200">VisibleChange</animation>
			<include>FullscreenDimensions</include>
			<control type="image">
				<top>492</top>
				<width>FullScreenWidth</width>
				<height>96</height>
				<texture>background.png</texture>
				<colordiffuse>$VAR[ColorBackgroundVar]</colordiffuse>
			</control>
			<control type="progress" id="399">
				<left>30</left>
				<top>3333</top>
				<info>Player.ProgressCache</info>
			</control>
			<control type="progress" id="400">
				<left>300</left>
				<top>-233</top>
				<width>1</width>
				<height>1</height>
				<info>Player.Progress</info>
			</control>
			<control type="slider" id="401">
				<left>300</left>
				<top>-234</top>
				<orientation>horizontal</orientation>
			</control>
			<control type="image">
				<top>390</top>
				<left>10</left>
				<height>300</height>
				<width>300</width>
				<texture>progress/images/$INFO[Control.GetLabel(399),inner,%.png]</texture>
			</control>
			<control type="image">
				<top>390</top>
				<left>10</left>
				<height>300</height>
				<width>300</width>
				<texture>progress/images/$INFO[Control.GetLabel(401),middle,.png]</texture>
			</control>
			<control type="image">
				<top>390</top>
				<left>10</left>
				<height>300</height>
				<width>300</width>
				<texture>progress/images/$INFO[Control.GetLabel(400),outer,%.png]</texture>
			</control>
			<control type="grouplist">
				<top>508</top>
				<left>110</left>
				<height>144</height>
				<width>FullScreenWidth</width>
				<align>left</align>
				<itemgap>0</itemgap>
				<scrolltime tween="sine">200</scrolltime>
				<orientation>horizontal</orientation>
				<animation type="Conditional" condition="Window.IsVisible(VideoOSD.xml)" reversible="false">
					<effect type="fade" start="100" end="0" delay="0" time="240" />
				</animation>
				<control type="button">
					<texturefocus colordiffuse="$VAR[ColorHighlightVar]">osd/button_bg.png</texturefocus>
					<texturenofocus colordiffuse="22ffffff">osd/button_bg.png</texturenofocus>
					<label>$VAR[OSDStatus]</label>
					<align>center</align>
					<width>100</width>
					<height>64</height>
					<font>IconMedium</font>
				</control>
			</control>
			<control type="grouplist">
				<top>494</top>
				<height>40</height>
				<width>1920</width>
				<align>right</align>
				<orientation>horizontal</orientation>
				<itemgap>6</itemgap>
				<control type="label">
					<width>auto</width>
					<font>IconTiny</font>
					<align>right</align>
					<label>$INFO[Player.Time]</label>
				</control>
				<control type="label">
					<width>auto</width>
					<font>IconMedium</font>
					<align>right</align>
					<label>  </label>
				</control>
				<control type="label">
					<width>auto</width>
					<font>IconTiny</font>
					<align>right</align>
					<label>$INFO[Player.Duration,, ]</label>
				</control>
			</control>
			<control type="grouplist">
				<top>544</top>
				<height>40</height>
				<width>1920</width>
					<align>right</align>
				<orientation>horizontal</orientation>
				<itemgap>6</itemgap>
				<control type="label">
					<width>auto</width>
					<font>IconTiny</font>
					<align>right</align>
					<label>$INFO[Player.TimeRemaining]</label>
				</control>
				<control type="label">
					<width>auto</width>
					<font>IconMedium</font>
					<align>right</align>
					<label>  </label>
				</control>
				<control type="label">
					<width>auto</width>
					<font>IconTiny</font>
					<align>right</align>
					<label>$INFO[Player.Duration,, ]</label>
				</control>
			</control>
		</control>
	</controls>
</window>