<?xml version="1.0" encoding="UTF-8"?>
<window type="dialog">
	<defaultcontrol always="true">9000</defaultcontrol>
	<coordinates>
		<system>1</system>
		<left>457</left>
		<top>198</top>
	</coordinates>
	<include>dialogeffect</include>
	<controls>
		<control type="group">
			<include content="DialogBackgroundCommons">
				<param name="DialogBackgroundWidth" value="1006" />
				<param name="DialogBackgroundHeight" value="684" />
				<param name="DialogHeaderLabel" value="" />
				<param name="DialogHeaderId" value="1" />
			</include>
			<control type="group" id="9000">
				<control type="list" id="3">
					<left>32</left>
					<top>88</top>
					<width>942</width>
					<height>480</height>
					<onup>3</onup>
					<ondown>3</ondown>
					<onleft>5</onleft>
					<onright>60</onright>
					<pagecontrol>60</pagecontrol>
					<scrolltime tween="quadratic" easing="out">200</scrolltime>
					<itemlayout height="60" width="942">
						<control type="label">
							<width>942</width>
							<height>60</height>
							<textoffsetx>15</textoffsetx>
							<font>font14</font>
							<selectedcolor>$VAR[ColorHighlightVar]</selectedcolor>
							<label>$INFO[ListItem.Label]</label>
						</control>
						<control type="label">
							<width>942</width>
							<height>60</height>
							<textoffsetx>15</textoffsetx>
							<font>font14</font>
							<selectedcolor>$VAR[ColorHighlightVar]</selectedcolor>
							<align>right</align>
							<label>$INFO[ListItem.Label2]</label>
						</control>
					</itemlayout>
					<focusedlayout height="60" width="942">
						<control type="image">
							<width>942</width>
							<height>60</height>
							<texture>listselect_fo.png</texture>
							<colordiffuse>$VAR[ColorHighlightVar]</colordiffuse>
							<visible>Control.HasFocus(3)</visible>
							<include>VisibleFadeEffect</include>
						</control>
						<control type="label">
							<width>942</width>
							<height>60</height>
							<textoffsetx>15</textoffsetx>
							<font>font14</font>
							<scroll>true</scroll>
							<label>$INFO[ListItem.Label]</label>
						</control>
						<control type="label">
							<width>942</width>
							<height>60</height>
							<textoffsetx>15</textoffsetx>
							<font>font14</font>
							<align>right</align>
							<label>$INFO[ListItem.Label2]</label>
						</control>
					</focusedlayout>
				</control>
				<control type="list" id="6">
					<left>32</left>
					<top>88</top>
					<width>942</width>
					<height>480</height>
					<onup>6</onup>
					<ondown>6</ondown>
					<onleft>9001</onleft>
					<onright>60</onright>
					<pagecontrol>60</pagecontrol>
					<scrolltime tween="quadratic" easing="out">200</scrolltime>
					<itemlayout height="120" width="942">
						<control type="image">
							<left>10</left>
							<top>10</top>
							<width>100</width>
							<height>100</height>
							<aspectratio aligny="center" align="center">keep</aspectratio>
							<texture>$INFO[ListItem.Icon]</texture>
						</control>
						<control type="label">
							<left>120</left>
							<top>3</top>
							<width>822</width>
							<height>70</height>
							<font>font30</font>
							<textoffsetx>15</textoffsetx>
							<selectedcolor>$VAR[ColorHighlightVar]</selectedcolor>
							<label>$INFO[ListItem.Label]</label>
						</control>
						<control type="label">
							<left>120</left>
							<top>52</top>
							<width>822</width>
							<height>60</height>
							<textoffsetx>15</textoffsetx>
							<selectedcolor>$VAR[ColorHighlightVar]</selectedcolor>
							<label>$INFO[ListItem.Label2]</label>
							<visible>String.IsEmpty(ListItem.AddonVersion)</visible>
						</control>
						<control type="label">
							<left>120</left>
							<top>52</top>
							<width>822</width>
							<height>60</height>
							<textoffsetx>15</textoffsetx>
							<selectedcolor>$VAR[ColorHighlightVar]</selectedcolor>
							<label>$INFO[ListItem.AddonVersion]</label>
							<visible>!String.IsEmpty(ListItem.AddonVersion)</visible>
						</control>
					</itemlayout>
					<focusedlayout height="120" width="942">
						<control type="image">
							<width>942</width>
							<height>120</height>
							<texture>listselect_fo.png</texture>
							<colordiffuse>$VAR[ColorHighlightVar]</colordiffuse>
							<visible>Control.HasFocus(6)</visible>
							<include>VisibleFadeEffect</include>
						</control>
						<control type="image">
							<left>10</left>
							<top>10</top>
							<width>100</width>
							<height>100</height>
							<aspectratio aligny="center" align="center">keep</aspectratio>
							<texture>$INFO[ListItem.Icon]</texture>
						</control>
						<control type="label">
							<left>120</left>
							<top>3</top>
							<width>822</width>
							<height>70</height>
							<font>font30</font>
							<textoffsetx>15</textoffsetx>
							<label>$INFO[ListItem.Label]</label>
						</control>
						<control type="label">
							<left>120</left>
							<top>52</top>
							<width>822</width>
							<height>60</height>
							<font>font13</font>
							<textoffsetx>15</textoffsetx>
							<label>$INFO[ListItem.Label2]</label>
							<visible>String.IsEmpty(ListItem.AddonVersion)</visible>
						</control>
						<control type="label">
							<left>120</left>
							<top>52</top>
							<width>822</width>
							<height>60</height>
							<font>font13</font>
							<textoffsetx>15</textoffsetx>
							<label>$INFO[ListItem.AddonVersion]</label>
							<visible>!String.IsEmpty(ListItem.AddonVersion)</visible>
						</control>
					</focusedlayout>
				</control>
			</control>
			<control type="grouplist" id="9001">
				<left>32</left>
				<top>592</top>
				<height>60</height>
				<width>942</width>
				<ondown condition="Control.IsVisible(3)">3</ondown>
				<ondown condition="Control.IsVisible(6)">6</ondown>
				<onup condition="Control.IsVisible(3)">3</onup>
				<onup condition="Control.IsVisible(6)">6</onup>
				<align>center</align>
				<itemgap>0</itemgap>
				<orientation>horizontal</orientation>
				<control type="button" id="5">
					<description>Manual button</description>
					<font>font15_title</font>
					<align>center</align>
					<width>471</width>
					<label>-</label>
				</control>
				<control type="button" id="7">
					<description>Cancel button</description>
					<font>font15_title</font>
					<align>center</align>
					<width>471</width>
					<label>222</label>
				</control>
			</control>
			<control type="scrollbar" id="60">
				<left>980</left>
				<top>88</top>
				<height>480</height>
				<width>10</width>
				<onleft condition="Control.IsVisible(6)">6</onleft>
				<onleft condition="Control.IsVisible(3)">3</onleft>
				<onright>9001</onright>
				<ondown>60</ondown>
				<onup>60</onup>
			</control>
		</control>
	</controls>
</window>