<?xml version="1.0" encoding="utf-8"?>
<window>
	<defaultcontrol always="true">9000</defaultcontrol>
	<allowoverlay>no</allowoverlay>
	<onload condition="!Skin.HasSetting(startup.init)">Skin.SetBool(SkinHelper.EnableExtraFanart)</onload>
	<onload>RunScript(script.skinshortcuts,type=buildxml&amp;mode=single&amp;options=clonewidgets&amp;mainmenuID=9000&amp;group=mainmenu|quicknav)</onload>
	<onunload condition="String.IsEqual(Skin.String(HomeLayout),3)">RunScript(script.skinshortcuts,type=hidesubmenu&amp;mainmenuID=9000)</onunload>
	<onload>ClearProperty(MediaMenu,Home)</onload>
	<onload condition="!Skin.HasSetting(startup.init)">Skin.SetBool(startup.init)</onload>
	<controls>
 		<control type="multiimage">
            <fadetime>300</fadetime>
            <animation effect="fade" time="200" tween="cubic">Visible</animation>
            <include>FullscreenDimensions</include>
            <imagepath background="true">$VAR[HomeBackgroundVar]</imagepath>
        </control>
        <include>skinshortcuts-template-WidgetFanart</include>
        <control type="visualisation">
        	<visible>Player.HasAudio + !Skin.HasSetting(Disable.ShowBackgroundVis)</visible>
            <include>FullscreenDimensions</include>
        </control>
        <control type="image">
			<include>FullscreenDimensions</include>
			<texture>black.png</texture>
			<visible>Player.HasVideo + !Skin.HasSetting(Disable.ShowBackgroundVideo)</visible>
		</control>
 		<control type="videowindow">
            <include>FullscreenDimensions</include>
            <visible>Player.HasVideo + !Skin.HasSetting(Disable.ShowBackgroundVideo)</visible>
        </control>
        <control type="image">
            <visible>Skin.HasSetting(Enable.HomeFanartOverlay) + !String.IsEqual(Skin.String(HomeLayout),3)</visible>
            <include>FullscreenDimensions</include>
            <texture>background.png</texture>
            <colordiffuse>$VAR[ColorBackgroundVar]</colordiffuse>
        </control>
		<include condition="Skin.HasSetting(Enable.HomeTopbar) + !String.IsEqual(Skin.String(HomeLayout),2)">Topbar</include>
		<include condition="!String.IsEqual(Skin.String(HomeLayout),2) + !String.IsEqual(Skin.String(HomeLayout),3)">HomeDefault</include>
		<include condition="String.IsEqual(Skin.String(HomeLayout),2)">HomeTopMenu</include>
		<include condition="String.IsEqual(Skin.String(HomeLayout),3)">HomeVerticalMenu</include>
	</controls>
</window>