<?xml version="1.0" encoding="UTF-8"?>
<includes>
	<include name="FixedWrapWidgetContent">
        <animation effect="slide" time="0" start="0,0" end="0,190" condition="String.IsEqual(Skin.String(HomeLayout),2)">Conditional</animation>
        <animation effect="fade" start="100" end="0" time="0" reversible="false" condition="Container($PARAM[id]).IsUpdating | Window.IsVisible(favourites) | Window.IsVisible(script-globalsearch-main.xml) | Window.IsVisible(script-lazytv-main.xml) | Window.IsVisible(script-lazytv-BigScreenList.xml)">Conditional</animation>
        <animation effect="fade" start="0" end="100" time="200" reversible="false" condition="![Container($PARAM[id]).IsUpdating | Window.IsVisible(favourites) | Window.IsVisible(script-globalsearch-main.xml) | Window.IsVisible(script-lazytv-main.xml) | Window.IsVisible(script-lazytv-BigScreenList.xml)]">Conditional</animation>
        <animation effect="slide" time="200" tween="sine" easing="inout" end="0,700" start="0">WindowClose</animation>
        <left>0</left>
        <top>554</top>
        <width>FullScreenWidth</width>
        <height>360</height>
        <onup>9000</onup>
        <ondown>9000</ondown>
        <onback>9000</onback>
        <viewtype label="535">list</viewtype>
        <focusposition>0</focusposition>
        <pagecontrol>-</pagecontrol>
        <preloaditems>2</preloaditems>
        <scrolltime tween="sine" easing="out">240</scrolltime>
        <orientation>horizontal</orientation>
        <visible>!String.IsEmpty(Container(9000).ListItem.Property(widgetPath))</visible>
        <autoscroll time="10000" delay="10000" repeat="10000">Control.IsVisible(9003) + !Control.HasFocus($PARAM[id]) + !Skin.HasSetting(Disable.WidgetAutoScroll)</autoscroll>
        
        <!-- Poster -->
        <itemlayout height="320" width="220" condition="!String.IsEqual(Container(9000).ListItem.Property(widgetIcon),$LOCALIZE[31313]) + !String.IsEqual(Container(9000).ListItem.Property(widgetIcon),$LOCALIZE[31100])">
            <control type="image">
                <visible>String.IsEmpty(ListItem.Art(tvshow.poster))</visible>
                <top>30</top>
                <left>90</left>
                <width>200</width>
                <height>300</height>
                <aspectratio aligny="center" align="center">scale</aspectratio>
                <texture background="true" fallback="DefaultFallback.png">$INFO[ListItem.Art(thumb)]</texture>
            </control>
            <control type="image">
                <visible>!String.IsEmpty(ListItem.Art(tvshow.poster))</visible>
                <top>30</top>
                <left>90</left>
                <width>200</width>
                <height>300</height>
                <aspectratio aligny="center" align="center">scale</aspectratio>
                <texture background="true" fallback="DefaultFallback.png">$INFO[ListItem.Art(tvshow.poster)]</texture>
            </control>
            <control type="image">
                <top>30</top>
                <left>90</left>
                <width>200</width>
                <height>300</height>
                <texture>thumbs/diffuse.png</texture>
            </control>
        </itemlayout>
        <focusedlayout height="320" width="220" condition="!String.IsEqual(Container(9000).ListItem.Property(widgetIcon),$LOCALIZE[31313]) + !String.IsEqual(Container(9000).ListItem.Property(widgetIcon),$LOCALIZE[31100])">
            <control type="group">
                <animation center="190,180" easing="inout" effect="zoom" end="136" start="100" time="300" tween="sine">Focus</animation>
                <animation center="190,180" easing="inout" effect="zoom" end="100" start="136" time="300" tween="sine">UnFocus</animation>
				<control type="button">
					<texturefocus>-</texturefocus>
					<texturenofocus>-</texturenofocus>
					<onfocus condition="!String.IsEmpty(Container($PARAM[id]).ListItem.Art(tvshow.poster))">SetProperty(cpa_daemon_fallback,$INFO[Container($PARAM[id]).ListItem.Art(tvshow.poster)],home)</onfocus>
					<onfocus condition="String.IsEmpty(Container($PARAM[id]).ListItem.Art(tvshow.poster))">SetProperty(cpa_daemon_fallback,$INFO[Container($PARAM[id]).ListItem.Art(thumb)],home)</onfocus>
				</control>
                <control type="image">
                    <visible>String.IsEmpty(ListItem.Art(tvshow.poster))</visible>
                    <top>30</top>
                    <left>90</left>
                    <width>200</width>
                    <height>300</height>
                    <aspectratio aligny="center" align="center">scale</aspectratio>
                    <texture background="true" fallback="DefaultFallback.png">$INFO[ListItem.Art(thumb)]</texture>
                </control>
                <control type="image">
                    <visible>!String.IsEmpty(ListItem.Art(tvshow.poster))</visible>
                    <top>30</top>
                    <left>90</left>
                    <width>200</width>
                    <height>300</height>
                    <aspectratio aligny="center" align="center">scale</aspectratio>
                    <texture background="true" fallback="DefaultFallback.png">$INFO[ListItem.Art(tvshow.poster)]</texture>
                </control>
                <control type="image">
                    <top>30</top>
                    <left>90</left>
                    <width>200</width>
                    <height>300</height>
                    <texture>thumbs/diffuse.png</texture>
                    <animation center="auto" condition="Control.HasFocus($PARAM[id])" easing="inout" effect="fade" end="0" start="100" time="300" tween="sine">Focus</animation>
                    <animation center="auto" condition="Control.HasFocus($PARAM[id])" easing="inout" effect="fade" end="100" start="0" time="300" tween="sine">UnFocus</animation>
                </control>
            </control>
        </focusedlayout>

        <!-- Square -->
        <itemlayout height="300" width="330" condition="String.IsEqual(Container(9000).ListItem.Property(widgetIcon),$LOCALIZE[31313])">
            <control type="image">
                <top>30</top>
                <left>148</left>
                <width>300</width>
                <height>300</height>
                <aspectratio aligny="center" align="center">scale</aspectratio>
                <texture background="true" fallback="DefaultFolder.png">$INFO[ListItem.Icon]</texture>
            </control>
            <control type="image">
                <top>30</top>
                <left>148</left>
                <width>300</width>
                <height>300</height>
                <texture>thumbs/diffuse.png</texture>
            </control>
        </itemlayout>
        <focusedlayout height="300" width="330" condition="String.IsEqual(Container(9000).ListItem.Property(widgetIcon),$LOCALIZE[31313])">
            <control type="group">
                <animation center="298,180" easing="inout" effect="zoom" end="136" start="100" time="300" tween="sine">Focus</animation>
                <animation center="298,180" easing="inout" effect="zoom" end="100" start="136" time="300" tween="sine">UnFocus</animation>
				<control type="button">
					<texturefocus>-</texturefocus>
					<texturenofocus>-</texturenofocus>
					<onfocus>SetProperty(cpa_daemon_fallback,$INFO[Container($PARAM[id]).ListItem.Icon],home)</onfocus>
				</control>
                <control type="image">
                    <top>30</top>
                    <left>148</left>
                    <width>300</width>
                    <height>300</height>
                    <aspectratio aligny="center" align="center">scale</aspectratio>
                    <texture background="true" fallback="DefaultFolder.png">$INFO[ListItem.Icon]</texture>
                </control>
                <control type="image">
                    <top>30</top>
                    <left>148</left>
                    <width>300</width>
                    <height>300</height>
                    <texture>thumbs/diffuse.png</texture>
                    <animation center="auto" condition="Control.HasFocus($PARAM[id])" easing="inout" effect="fade" end="0" start="100" time="300" tween="sine">Focus</animation>
                    <animation center="auto" condition="Control.HasFocus($PARAM[id])" easing="inout" effect="fade" end="100" start="0" time="300" tween="sine">UnFocus</animation>
                </control>
            </control>
        </focusedlayout>

        <!-- Landscape -->
        <itemlayout height="300" width="563" condition="String.IsEqual(Container(9000).ListItem.Property(widgetIcon),$LOCALIZE[31100])">
            <control type="image">
                <top>30</top>
                <left>130</left>
                <width>533</width>
                <height>300</height>
                <aspectratio aligny="center" align="center">scale</aspectratio>
                <texture background="true">$VAR[LandscapeWidgetArt]</texture>
            </control>
            <control type="image">
                <top>30</top>
                <left>130</left>
                <width>533</width>
                <height>300</height>
                <texture>thumbs/diffuse.png</texture>
            </control>
        </itemlayout>
        <focusedlayout height="300" width="563" condition="String.IsEqual(Container(9000).ListItem.Property(widgetIcon),$LOCALIZE[31100])">
            <control type="group">
                <animation center="396,180" easing="inout" effect="zoom" end="136" start="100" time="300" tween="sine">Focus</animation>
                <animation center="396,180" easing="inout" effect="zoom" end="100" start="136" time="300" tween="sine">UnFocus</animation>
				<control type="button">
					<texturefocus>-</texturefocus>
					<texturenofocus>-</texturenofocus>
					<onfocus condition="!String.IsEmpty(Container($PARAM[id]).ListItem.Art(tvshow.poster))">SetProperty(cpa_daemon_fallback,$INFO[Container($PARAM[id]).ListItem.Art(tvshow.poster)],home)</onfocus>
					<onfocus condition="String.IsEmpty(Container($PARAM[id]).ListItem.Art(tvshow.poster))">SetProperty(cpa_daemon_fallback,$INFO[Container($PARAM[id]).ListItem.Art(thumb)],home)</onfocus>
				</control>
                <control type="image">
                    <top>30</top>
                    <left>130</left>
                    <width>533</width>
                    <height>300</height>
                    <aspectratio aligny="center" align="center">scale</aspectratio>
                    <texture background="true">$VAR[LandscapeWidgetArt]</texture>
                </control>
                <control type="image">
                    <top>30</top>
                    <left>130</left>
                    <width>533</width>
                    <height>300</height>
                    <texture>thumbs/diffuse.png</texture>
                    <animation center="auto" condition="Control.HasFocus($PARAM[id])" easing="inout" effect="fade" end="0" start="100" time="300" tween="sine">Focus</animation>
                    <animation center="auto" condition="Control.HasFocus($PARAM[id])" easing="inout" effect="fade" end="100" start="0" time="300" tween="sine">UnFocus</animation>
                </control>
            </control>
        </focusedlayout>
	</include>
	<include name="FixedWrapWidgetLabels">
		<control type="group">
            <visible>Integer.IsGreater(Container($PARAM[id]).NumItems,0)</visible>
            <animation effect="slide" time="0" start="0,0" end="0,190" condition="String.IsEqual(Skin.String(HomeLayout),2)">Conditional</animation>
            <control type="label">
                <animation effect="fade" time="300" tween="cubic" condition="[Control.IsVisible($PARAM[id]) + Skin.HasSetting(Enable.PersistentWidgets)] | [Control.HasFocus($PARAM[id]) + !Skin.HasSetting(Enable.PersistentWidgets)]" start="0" end="100">Visible</animation>
                <animation effect="fade" time="0" condition="[Control.IsVisible($PARAM[id]) + Skin.HasSetting(Enable.PersistentWidgets)] | [Control.HasFocus($PARAM[id]) + !Skin.HasSetting(Enable.PersistentWidgets)]" start="100" end="0">Hidden</animation>
                <animation effect="slide" time="200" tween="sine" easing="inout" end="0,700" start="0">WindowClose</animation>
                <animation effect="slide" time="0" start="0" end="15" condition="true">Conditional</animation>
                <left>950</left>
                <top>524</top>
                <width>920</width>
                <height>40</height>
                <font>font15_title</font>
                <align>right</align>
                <textcolor>$VAR[ColorTextVar]</textcolor>
                <label>$VAR[WidgetNameLabelVar]</label>
                <visible>!Container($PARAM[id]).IsUpdating</visible>
            </control>
            <control type="group">
                <visible>Control.HasFocus($PARAM[id]) + !String.IsEqual(Container(9000).ListItem.Property(widget),weather)</visible>
                <animation effect="fade" time="300" tween="cubic" condition="[Control.IsVisible($PARAM[id]) + Skin.HasSetting(Enable.PersistentWidgets)] | [Control.HasFocus($PARAM[id]) + !Skin.HasSetting(Enable.PersistentWidgets)]" start="0" end="100">Visible</animation>
                <animation effect="fade" time="0" condition="[Control.IsVisible($PARAM[id]) + Skin.HasSetting(Enable.PersistentWidgets)] | [Control.HasFocus($PARAM[id]) + !Skin.HasSetting(Enable.PersistentWidgets)]" start="100" end="0">Hidden</animation>
                <animation effect="slide" time="200" tween="sine" easing="inout" end="0,700" start="0">WindowClose</animation>
                <control type="group">
                    <top>895</top>
                    <left>35</left>
                    <control type="label">
                        <width>1850</width>
                        <height>50</height>
                        <font>font16_title</font>
                        <label>$VAR[$PARAM[widgetLine1]] $VAR[$PARAM[widgetLine2]]</label>
                    </control>
                </control>
            </control>
        </control>
	</include>
	<include name="WeatherWidgetCommons">
		<control type="panel" id="8011">
			<animation effect="fade" start="0" end="100" time="300" delay="0" reversible="false" condition="[[ControlGroup(9003).IsVisible + Skin.HasSetting(Enable.PersistentWidgets)] | [ControlGroup(9003).HasFocus + !Skin.HasSetting(Enable.PersistentWidgets)]] + !String.IsEqual(Skin.String(HomeLayout),3)">Conditional</animation>
			<animation effect="fade" time="1000" tween="" easing="" start="100" end="0" condition="!Weather.IsFetched">Conditional</animation>
			<description>weather widget</description>
			<visible>String.IsEqual(Container(9000).ListItem.Property(widget),weather)</visible>
			<left>$PARAM[WeatherPositionLeft]</left>
			<top>$PARAM[WeatherPositionTop]</top>
			<width>$PARAM[WeatherPanelWidth]</width>
			<height>$PARAM[WeatherPanelHeight]</height>
			<onup>$PARAM[WeatherOnUp]</onup>
			<ondown>$PARAM[WeatherOnDown]</ondown>
			<onleft>$PARAM[WeatherOnLeft]</onleft>
			<onright>$PARAM[WeatherOnRight]</onright>
			<onback>9000</onback>
			<orientation>$PARAM[WeatherOrientation]</orientation>
			<scrolltime tween="quadratic" easing="out">200</scrolltime>
			<itemlayout height="370" width="$PARAM[WeatherItemWidth]">
				<control type="group">
					<top>35</top>
					<control type="image">
						<description>current weather icon</description>
						<top>60</top>
						<width>$PARAM[WeatherItemWidth]</width>
						<height>100</height>
						<texture>$INFO[ListItem.Icon]</texture>
						<aspectratio aligny="top">keep</aspectratio>
					</control>
					<control type="label">
						<width>$PARAM[WeatherItemWidth]</width>
						<height>60</height>
						<font>font15_title</font>
						<align>center</align>
						<selectedcolor>$VAR[ColorHighlightVar]</selectedcolor>
						<label>$INFO[ListItem.Label]</label>
						<textoffsetx>15</textoffsetx>
					</control>
					<control type="label">
						<top>160</top>
						<width>$PARAM[WeatherItemWidth]</width>
						<height>60</height>
						<font>font15</font>
						<align>center</align>
						<selectedcolor>$VAR[ColorHighlightVar]</selectedcolor>
						<label>$INFO[ListItem.Label2]</label>
						<textoffsetx>15</textoffsetx>
					</control>
					<control type="label">
						<top>240</top>
						<width>$PARAM[WeatherItemWidth]</width>
						<height>60</height>
						<font>font15</font>
						<align>center</align>
						<selectedcolor>$VAR[ColorHighlightVar]</selectedcolor>
						<label>$INFO[ListItem.Property(HighTemp),[COLOR invalid],[/COLOR]]$INFO[ListItem.Property(LowTemp), | [COLOR ff8de0ff],[/COLOR]]</label>
						<textoffsetx>15</textoffsetx>
					</control>
				</control>
			</itemlayout>
			<focusedlayout height="370" width="$PARAM[WeatherItemWidth]">
				<control type="group">
					<top>35</top>
					<control type="image">
						<description>current weather icon</description>
						<top>60</top>
						<width>$PARAM[WeatherItemWidth]</width>
						<height>100</height>
						<texture>$INFO[ListItem.Icon]</texture>
						<aspectratio aligny="top">keep</aspectratio>
					</control>
					<control type="label">
						<width>$PARAM[WeatherItemWidth]</width>
						<height>60</height>
						<font>font15_title</font>
						<align>center</align>
						<label>$INFO[ListItem.Label]</label>
						<textoffsetx>15</textoffsetx>
					</control>
					<control type="label">
						<top>160</top>
						<width>$PARAM[WeatherItemWidth]</width>
						<height>60</height>
						<font>font15</font>
						<align>center</align>
						<label>$INFO[ListItem.Label2]</label>
						<textoffsetx>15</textoffsetx>
					</control>
					<control type="label">
						<top>240</top>
						<width>$PARAM[WeatherItemWidth]</width>
						<height>60</height>
						<font>font15</font>
						<align>center</align>
						<label>$INFO[ListItem.Property(HighTemp),[COLOR invalid],[/COLOR]]$INFO[ListItem.Property(LowTemp), | [COLOR ff8de0ff],[/COLOR]]</label>
						<textoffsetx>15</textoffsetx>
					</control>
				</control>
			</focusedlayout>
			<content>
				<item>
					<label>$LOCALIZE[33006]</label>
					<label2>$INFO[Window(weather).Property(Day0.Outlook)]</label2>
					<icon>$VAR[WeatherIconVar]$INFO[Window(weather).Property(Day0.FanartCode),,.png]</icon>
					<property name="HighTemp">$INFO[Window(weather).Property(Day0.HighTemp)]$INFO[System.TemperatureUnits]</property>
					<property name="LowTemp">$INFO[Window(weather).Property(Day0.LowTemp)]$INFO[System.TemperatureUnits]</property>
					<onclick>noop</onclick>
				</item>
				<item>
					<label>$LOCALIZE[33007]</label>
					<label2>$INFO[Window(weather).Property(Day1.Outlook)]</label2>
					<icon>$VAR[WeatherIconVar]$INFO[Window(weather).Property(Day1.FanartCode),,.png]</icon>
					<property name="HighTemp">$INFO[Window(weather).Property(Day1.HighTemp)]$INFO[System.TemperatureUnits]</property>
					<property name="LowTemp">$INFO[Window(weather).Property(Day1.LowTemp)]$INFO[System.TemperatureUnits]</property>
					<onclick>noop</onclick>
				</item>
				<item>
					<label>$INFO[Window(weather).Property(Day2.Title)]</label>
					<label2>$INFO[Window(weather).Property(Day2.Outlook)]</label2>
					<icon>$VAR[WeatherIconVar]$INFO[Window(weather).Property(Day2.FanartCode),,.png]</icon>
					<property name="HighTemp">$INFO[Window(weather).Property(Day2.HighTemp)]$INFO[System.TemperatureUnits]</property>
					<property name="LowTemp">$INFO[Window(weather).Property(Day2.LowTemp)]$INFO[System.TemperatureUnits]</property>
					<onclick>noop</onclick>
				</item>
				<item>
					<label>$INFO[Window(weather).Property(Day3.Title)]</label>
					<label2>$INFO[Window(weather).Property(Day3.Outlook)]</label2>
					<icon>$VAR[WeatherIconVar]$INFO[Window(weather).Property(Day3.FanartCode),,.png]</icon>
					<property name="HighTemp">$INFO[Window(weather).Property(Day3.HighTemp)]$INFO[System.TemperatureUnits]</property>
					<property name="LowTemp">$INFO[Window(weather).Property(Day3.LowTemp)]$INFO[System.TemperatureUnits]</property>
					<onclick>noop</onclick>
				</item>
				<item>
					<visible>![Window.IsActive(home) + String.IsEqual(Skin.String(HomeLayout),3)]</visible>
					<label>$INFO[Window(weather).Property(Day4.Title)]</label>
					<label2>$INFO[Window(weather).Property(Day4.Outlook)]</label2>
					<icon>$VAR[WeatherIconVar]$INFO[Window(weather).Property(Day4.FanartCode),,.png]</icon>
					<property name="HighTemp">$INFO[Window(weather).Property(Day4.HighTemp)]$INFO[System.TemperatureUnits]</property>
					<property name="LowTemp">$INFO[Window(weather).Property(Day4.LowTemp)]$INFO[System.TemperatureUnits]</property>
					<onclick>noop</onclick>
				</item>
				<item>
					<visible>!Skin.HasSetting(Enable.BasicWeatherView)</visible>
					<label>$INFO[Window(weather).Property(Day5.Title)]</label>
					<label2>$INFO[Window(weather).Property(Day5.Outlook)]</label2>
					<icon>$VAR[WeatherIconVar]$INFO[Window(weather).Property(Day5.FanartCode),,.png]</icon>
					<property name="HighTemp">$INFO[Window(weather).Property(Day5.HighTemp)]$INFO[System.TemperatureUnits]</property>
					<property name="LowTemp">$INFO[Window(weather).Property(Day5.LowTemp)]$INFO[System.TemperatureUnits]</property>
					<onclick>noop</onclick>
				</item>
				<item>
					<visible>!Skin.HasSetting(Enable.BasicWeatherView)</visible>
					<label>$INFO[Window(weather).Property(Day6.Title)]</label>
					<label2>$INFO[Window(weather).Property(Day6.Outlook)]</label2>
					<icon>$VAR[WeatherIconVar]$INFO[Window(weather).Property(Day6.FanartCode),,.png]</icon>
					<property name="HighTemp">$INFO[Window(weather).Property(Day6.HighTemp)]$INFO[System.TemperatureUnits]</property>
					<property name="LowTemp">$INFO[Window(weather).Property(Day6.LowTemp)]$INFO[System.TemperatureUnits]</property>
					<onclick>noop</onclick>
				</item>
			</content>
		</control>
	</include>
    <include name="WidgetBusyAnimation">
        <control type="image" id="12345">
            <visible>Control.IsVisible($PARAM[id]) + Container($PARAM[id]).IsUpdating</visible>
            <animation effect="slide" time="0" start="0,0" end="-901,-680" condition="Skin.HasSetting(Enable.HomeTopbar) + !String.IsEqual(Skin.String(HomeLayout),3) + !String.IsEqual(Skin.String(HomeLayout),2)">Conditional</animation>
            <animation effect="slide" time="0" start="0,0" end="-901,-915" condition="Skin.HasSetting(Enable.HomeTopbar) + String.IsEqual(Skin.String(HomeLayout),3) + !String.IsEqual(Skin.String(HomeLayout),2)">Conditional</animation>
            <animation effect="slide" time="0" start="0,0" end="0,190" condition="String.IsEqual(Skin.String(HomeLayout),2)">Conditional</animation>
            <animation effect="slide" time="0" start="0,0" end="241,-382" condition="String.IsEqual(Skin.String(HomeLayout),3) + !Skin.HasSetting(Enable.HomeTopbar)">Conditional</animation>
            <description>Busy animation</description>
            <top>710</top>
            <left>930</left>
            <width>60</width>
            <height>60</height>
            <texture colordiffuse="$VAR[ColorTextVar]" fallback="special://skin/extras/spinners/Sun.png">$INFO[Skin.String(busyloader)]</texture>
            <aspectratio>keep</aspectratio>
            <animation effect="rotate" start="360" end="0" center="auto" time="3000" loop="true" condition="true">conditional</animation>
        </control>
    </include>
    <include name="VerticalWidgetThumbnail">
        <top>-20</top>
        <left>498</left>
        <width>1400</width>
        <height>780</height>
        <onleft>9000</onleft>
        <onright>$PARAM[id]</onright>
        <onback>9000</onback>
        <preloaditems>2</preloaditems>
        <pagecontrol>60</pagecontrol>
        <viewtype label="21371">list</viewtype>
        <scrolltime tween="quadratic" easing="out">300</scrolltime>
        <orientation>vertical</orientation>
        <visible>!IsEmpty(Container(9000).ListItem.Property(widgetPath)) + !String.IsEqual(Container(9000).ListItem.Property(widget),weather) + ![Control.HasFocus(9010) + !Skin.HasSetting(Enable.PersistentWidgets)]</visible>
        <itemlayout height="390" width="350">
            <control type="image">
                <left>20</left>
                <top>20</top>
                <right>20</right>
                <height>310</height>
                <texture colordiffuse="$VAR[ColorBackgroundVar]">background.png</texture>
            </control>
            <control type="image">
                <left>10</left>
                <top>10</top>
                <right>10</right>
                <bottom>10</bottom>
                <texture colordiffuse="33ffffff">background.png</texture>
            </control>
            <control type="label">
                <left>20</left>
                <right>20</right>
                <top>327</top>
                <height>50</height>
                <label>$VAR[VerticalWidgetThumbnailLabel]</label>
            </control>
            <control type="image">
                <left>20</left>
                <top>20</top>
                <right>20</right>
                <height>310</height>
                <aspectratio scalediffuse="false" align="center" aligny="center">keep</aspectratio>
                <texture background="true" fallback="DefaultFolder.png">$VAR[VerticalWidgetArt]</texture>
            </control>
            <control type="image">
                <top>20</top>
                <left>20</left>
                <right>20</right>
                <height>310</height>
                <texture>thumbs/diffuse.png</texture>
            </control>
        </itemlayout>

        <focusedlayout height="390" width="350">
            <control type="image">
                <left>20</left>
                <top>20</top>
                <right>20</right>
                <height>310</height>
                <texture colordiffuse="$VAR[ColorBackgroundVar]">background.png</texture>
            </control>
            <control type="image">
                <left>10</left>
                <top>10</top>
                <right>10</right>
                <bottom>10</bottom>
                <texture colordiffuse="33ffffff">background.png</texture>
            </control>
            <control type="label">
                <left>20</left>
                <right>20</right>
                <top>327</top>
                <height>50</height>
                <label>$VAR[VerticalWidgetThumbnailLabel]</label>
            </control>
            <control type="image">
                <left>20</left>
                <top>20</top>
                <right>20</right>
                <height>310</height>
                <aspectratio scalediffuse="false" align="center" aligny="center">keep</aspectratio>
                <texture background="true" fallback="DefaultFolder.png">$VAR[VerticalWidgetArt]</texture>
            </control>
            <control type="image">
                <animation center="auto" condition="Control.HasFocus($PARAM[id])" easing="inout" effect="fade" end="0" start="100" time="300" tween="sine">Focus</animation>
                <animation center="auto" condition="Control.HasFocus($PARAM[id])" easing="inout" effect="fade" end="100" start="0" time="300" tween="sine">UnFocus</animation>
                <top>20</top>
                <left>20</left>
                <right>20</right>
                <height>310</height>
                <texture>thumbs/diffuse.png</texture>
            </control>
        </focusedlayout>
        <content limit="$VAR[WidgetLimit]" target="$PARAM[target]">$PARAM[path]</content>
    </include>
    <include name="VerticalWidgetThumbnailWeather">
        <visible>String.IsEqual(Container(9000).ListItem.Property(widget),weather)</visible>
        <top>370</top>
        <left>498</left>
        <width>1400</width>
        <height>390</height>
        <onleft>9000</onleft>
        <onright>$PARAM[id]</onright>
        <onback>9000</onback>
        <onup>9000</onup>
        <ondown>9000</ondown>
        <preloaditems>2</preloaditems>
        <viewtype label="21371">list</viewtype>
        <scrolltime tween="quadratic" easing="out">300</scrolltime>
        <orientation>horizontal</orientation>
        <itemlayout height="390" width="350">
            <control type="image">
                <left>20</left>
                <top>20</top>
                <right>20</right>
                <height>310</height>
                <texture colordiffuse="$VAR[ColorBackgroundVar]">background.png</texture>
            </control>
            <control type="image">
                <left>10</left>
                <top>10</top>
                <right>10</right>
                <bottom>10</bottom>
                <texture colordiffuse="33ffffff">background.png</texture>
            </control>
            <control type="label">
                <left>20</left>
                <right>20</right>
                <top>327</top>
                <height>50</height>
                <label>$INFO[ListItem.Label]</label>
            </control>
            <control type="image">
                <left>75</left>
                <top>72</top>
                <right>75</right>
                <height>200</height>
                <aspectratio scalediffuse="false" align="center" aligny="center">keep</aspectratio>
                <texture background="true" fallback="DefaultFolder.png">$INFO[ListItem.Icon]</texture>
            </control>
            <control type="label">
                <top>30</top>
                <left>20</left>
                <width>310</width>
                <height>60</height>
                <font>font15</font>
                <align>center</align>
                <selectedcolor>$VAR[ColorHighlightVar]</selectedcolor>
                <label>$INFO[ListItem.Label2]</label>
            </control>
            <control type="label">
                <top>250</top>
                <left>20</left>
                <width>310</width>
                <height>60</height>
                <font>font15</font>
                <align>center</align>
                <selectedcolor>$VAR[ColorHighlightVar]</selectedcolor>
                <label>$INFO[ListItem.Property(HighTemp),[COLOR invalid],[/COLOR]]$INFO[ListItem.Property(LowTemp), | [COLOR ff8de0ff],[/COLOR]]</label>
            </control>
            <control type="image">
                <top>20</top>
                <left>20</left>
                <right>20</right>
                <height>310</height>
                <texture>thumbs/diffuse.png</texture>
            </control>
        </itemlayout>

        <focusedlayout height="390" width="350">
            <control type="image">
                <left>20</left>
                <top>20</top>
                <right>20</right>
                <height>310</height>
                <texture colordiffuse="$VAR[ColorBackgroundVar]">background.png</texture>
            </control>
            <control type="image">
                <left>10</left>
                <top>10</top>
                <right>10</right>
                <bottom>10</bottom>
                <texture colordiffuse="33ffffff">background.png</texture>
            </control>
            <control type="label">
                <left>20</left>
                <right>20</right>
                <top>327</top>
                <height>50</height>
                <label>$INFO[ListItem.Label]</label>
            </control>
            <control type="image">
                <left>75</left>
                <top>72</top>
                <right>75</right>
                <height>200</height>
                <aspectratio scalediffuse="false" align="center" aligny="center">keep</aspectratio>
                <texture background="true" fallback="DefaultFolder.png">$INFO[ListItem.Icon]</texture>
            </control>
            <control type="label">
                <top>30</top>
                <left>20</left>
                <width>310</width>
                <height>60</height>
                <font>font15</font>
                <align>center</align>
                <label>$INFO[ListItem.Label2]</label>
            </control>
            <control type="label">
                <top>250</top>
                <left>20</left>
                <width>310</width>
                <height>60</height>
                <font>font15</font>
                <align>center</align>
                <label>$INFO[ListItem.Property(HighTemp),[COLOR invalid],[/COLOR]]$INFO[ListItem.Property(LowTemp), | [COLOR ff8de0ff],[/COLOR]]</label>
            </control>
            <control type="image">
                <animation center="auto" condition="Control.HasFocus($PARAM[id])" easing="inout" effect="fade" end="0" start="100" time="300" tween="sine">Focus</animation>
                <animation center="auto" condition="Control.HasFocus($PARAM[id])" easing="inout" effect="fade" end="100" start="0" time="300" tween="sine">UnFocus</animation>
                <top>20</top>
                <left>20</left>
                <right>20</right>
                <height>310</height>
                <texture>thumbs/diffuse.png</texture>
            </control>
        </focusedlayout>
        <content>
            <item>
                <label>$LOCALIZE[33006]</label>
                <label2>$INFO[Window(weather).Property(Day0.Outlook)]</label2>
                <icon>$VAR[WeatherIconVar]$INFO[Window(weather).Property(Day0.FanartCode),,.png]</icon>
                <property name="HighTemp">$INFO[Window(weather).Property(Day0.HighTemp)]$INFO[System.TemperatureUnits]</property>
                <property name="LowTemp">$INFO[Window(weather).Property(Day0.LowTemp)]$INFO[System.TemperatureUnits]</property>
                <onclick>noop</onclick>
            </item>
            <item>
                <label>$LOCALIZE[33007]</label>
                <label2>$INFO[Window(weather).Property(Day1.Outlook)]</label2>
                <icon>$VAR[WeatherIconVar]$INFO[Window(weather).Property(Day1.FanartCode),,.png]</icon>
                <property name="HighTemp">$INFO[Window(weather).Property(Day1.HighTemp)]$INFO[System.TemperatureUnits]</property>
                <property name="LowTemp">$INFO[Window(weather).Property(Day1.LowTemp)]$INFO[System.TemperatureUnits]</property>
                <onclick>noop</onclick>
            </item>
            <item>
                <label>$INFO[Window(weather).Property(Day2.Title)]</label>
                <label2>$INFO[Window(weather).Property(Day2.Outlook)]</label2>
                <icon>$VAR[WeatherIconVar]$INFO[Window(weather).Property(Day2.FanartCode),,.png]</icon>
                <property name="HighTemp">$INFO[Window(weather).Property(Day2.HighTemp)]$INFO[System.TemperatureUnits]</property>
                <property name="LowTemp">$INFO[Window(weather).Property(Day2.LowTemp)]$INFO[System.TemperatureUnits]</property>
                <onclick>noop</onclick>
            </item>
            <item>
                <label>$INFO[Window(weather).Property(Day3.Title)]</label>
                <label2>$INFO[Window(weather).Property(Day3.Outlook)]</label2>
                <icon>$VAR[WeatherIconVar]$INFO[Window(weather).Property(Day3.FanartCode),,.png]</icon>
                <property name="HighTemp">$INFO[Window(weather).Property(Day3.HighTemp)]$INFO[System.TemperatureUnits]</property>
                <property name="LowTemp">$INFO[Window(weather).Property(Day3.LowTemp)]$INFO[System.TemperatureUnits]</property>
                <onclick>noop</onclick>
            </item>
            <item>
                <label>$INFO[Window(weather).Property(Day4.Title)]</label>
                <label2>$INFO[Window(weather).Property(Day4.Outlook)]</label2>
                <icon>$VAR[WeatherIconVar]$INFO[Window(weather).Property(Day4.FanartCode),,.png]</icon>
                <property name="HighTemp">$INFO[Window(weather).Property(Day4.HighTemp)]$INFO[System.TemperatureUnits]</property>
                <property name="LowTemp">$INFO[Window(weather).Property(Day4.LowTemp)]$INFO[System.TemperatureUnits]</property>
                <onclick>noop</onclick>
            </item>
            <item>
                <visible>!String.IsEmpty(Window(weather).Property(Day5.FanartCode))</visible>
                <label>$INFO[Window(weather).Property(Day5.Title)]</label>
                <label2>$INFO[Window(weather).Property(Day5.Outlook)]</label2>
                <icon>$VAR[WeatherIconVar]$INFO[Window(weather).Property(Day5.FanartCode),,.png]</icon>
                <property name="HighTemp">$INFO[Window(weather).Property(Day5.HighTemp)]$INFO[System.TemperatureUnits]</property>
                <property name="LowTemp">$INFO[Window(weather).Property(Day5.LowTemp)]$INFO[System.TemperatureUnits]</property>
                <onclick>noop</onclick>
            </item>
            <item>
                <visible>!String.IsEmpty(Window(weather).Property(Day6.FanartCode))</visible>
                <label>$INFO[Window(weather).Property(Day6.Title)]</label>
                <label2>$INFO[Window(weather).Property(Day6.Outlook)]</label2>
                <icon>$VAR[WeatherIconVar]$INFO[Window(weather).Property(Day6.FanartCode),,.png]</icon>
                <property name="HighTemp">$INFO[Window(weather).Property(Day6.HighTemp)]$INFO[System.TemperatureUnits]</property>
                <property name="LowTemp">$INFO[Window(weather).Property(Day6.LowTemp)]$INFO[System.TemperatureUnits]</property>
                <onclick>noop</onclick>
            </item>
        </content>
    </include>
    <include name="VerticalWidgetDefault">
        <animation effect="fade" start="100" end="0" time="0" reversible="false" condition="Container($PARAM[id]).IsUpdating | Window.IsVisible(favourites) | Window.IsVisible(script-globalsearch-main.xml)">Conditional</animation>
        <left>580</left>
        <top>54</top>
        <width>1242</width>
        <height>609</height>
        <onleft>9000</onleft>
        <onright>$PARAM[id]</onright>
        <onback>9000</onback>
        <viewtype label="535">list</viewtype>
        <focusposition>0</focusposition>
        <pagecontrol>-</pagecontrol>
        <preloaditems>2</preloaditems>
        <scrolltime tween="quadratic">400</scrolltime>
        <orientation>Vertical</orientation>
        <visible>!IsEmpty(Container(9000).ListItem.Property(widgetPath)) + ![Control.HasFocus(9010) + !Skin.HasSetting(Enable.PersistentWidgets)]</visible>
        <autoscroll time="10000" delay="10000" repeat="10000">[Control.IsVisible(9003) + !ControlGroup(9003).HasFocus] + !Skin.HasSetting(Disable.WidgetAutoScroll)</autoscroll>

        <!-- Poster -->
        <itemlayout height="304" width="207" condition="!StringCompare(Container(9000).ListItem.Property(widgetIcon),$LOCALIZE[31313]) + !StringCompare(Container(9000).ListItem.Property(widgetIcon),$LOCALIZE[31100])">
            <control type="image">
                <visible>IsEmpty(ListItem.Art(tvshow.poster))</visible>
                <top>6</top>
                <left>6</left>
                <width>195</width>
                <height>292</height>
                <aspectratio aligny="center" align="center">scale</aspectratio>
                <texture fallback="DefaultFallback.png" background="true">$INFO[ListItem.Art(thumb)]</texture>
            </control>
            <control type="image">
                <visible>!IsEmpty(ListItem.Art(tvshow.poster))</visible>
                <top>6</top>
                <left>6</left>
                <width>195</width>
                <height>292</height>
                <aspectratio aligny="center" align="center">scale</aspectratio>
                <texture background="true" fallback="DefaultFallback.png">$INFO[ListItem.Art(tvshow.poster)]</texture>
            </control>
            <control type="image">
                <top>6</top>
                <left>6</left>
                <width>195</width>
                <height>292</height>
                <texture>thumbs/diffuse.png</texture>
                <fadetime>300</fadetime>
            </control>
        </itemlayout>
        <focusedlayout height="304" width="207" condition="!StringCompare(Container(9000).ListItem.Property(widgetIcon),$LOCALIZE[31313]) + !StringCompare(Container(9000).ListItem.Property(widgetIcon),$LOCALIZE[31100])">
            <control type="group">
                <include>PanelFocusedItemZoom</include>
				<control type="button">
					<texturefocus>-</texturefocus>
					<texturenofocus>-</texturenofocus>
					<onfocus condition="!String.IsEmpty(Container($PARAM[id]).ListItem.Art(tvshow.poster))">SetProperty(cpa_daemon_fallback,$INFO[Container($PARAM[id]).ListItem.Art(tvshow.poster)],home)</onfocus>
					<onfocus condition="String.IsEmpty(Container($PARAM[id]).ListItem.Art(tvshow.poster))">SetProperty(cpa_daemon_fallback,$INFO[Container($PARAM[id]).ListItem.Art(thumb)],home)</onfocus>
				</control>
                <control type="image">
                    <visible>IsEmpty(ListItem.Art(tvshow.poster))</visible>
                    <top>6</top>
                    <left>6</left>
                    <width>195</width>
                    <height>292</height>
                    <aspectratio aligny="center" align="center">scale</aspectratio>
                    <texture fallback="DefaultFallback.png" background="true">$INFO[ListItem.Art(thumb)]</texture>
                </control>
                <control type="image">
                    <visible>!IsEmpty(ListItem.Art(tvshow.poster))</visible>
                    <top>6</top>
                    <left>6</left>
                    <width>195</width>
                    <height>292</height>
                    <aspectratio aligny="center" align="center">scale</aspectratio>
                    <texture fallback="DefaultFallback.png" background="true">$INFO[ListItem.Art(tvshow.poster)]</texture>
                </control>
                <control type="image">
                    <animation center="auto" condition="Control.HasFocus($PARAM[id])" easing="inout" effect="fade" end="0" start="100" time="300" tween="sine">Focus</animation>
                    <animation center="auto" condition="Control.HasFocus($PARAM[id])" easing="inout" effect="fade" end="100" start="0" time="300" tween="sine">UnFocus</animation>
                    <top>6</top>
                    <left>6</left>
                    <width>195</width>
                    <height>292</height>
                    <texture>thumbs/diffuse.png</texture>
                </control>
            </control>
        </focusedlayout>

        <!-- Square -->
        <itemlayout height="304" width="304" condition="StringCompare(Container(9000).ListItem.Property(widgetIcon),$LOCALIZE[31313])">
            <control type="group">
                <left>14</left>
                <control type="image">
                    <top>6</top>
                    <left>6</left>
                    <width>292</width>
                    <height>292</height>
                    <aspectratio aligny="center" align="center">scale</aspectratio>
                    <texture background="true" fallback="DefaultFolder.png">$INFO[ListItem.Icon]</texture>
                </control>
                <control type="image">
                    <top>6</top>
                    <left>6</left>
                    <width>292</width>
                    <height>292</height>
                    <texture>thumbs/diffuse.png</texture>
                </control>
            </control>
        </itemlayout>
        <focusedlayout height="304" width="304" condition="StringCompare(Container(9000).ListItem.Property(widgetIcon),$LOCALIZE[31313])">
            <control type="group">
                <include>PanelFocusedItemZoom</include>
                <left>14</left>
				<control type="button">
					<texturefocus>-</texturefocus>
					<texturenofocus>-</texturenofocus>
					<onfocus>SetProperty(cpa_daemon_fallback,$INFO[Container($PARAM[id]).ListItem.Icon],home)</onfocus>
				</control>
                <control type="image">
                    <top>6</top>
                    <left>6</left>
                    <width>292</width>
                    <height>292</height>
                    <aspectratio aligny="center" align="center">scale</aspectratio>
                    <texture background="true" fallback="DefaultFolder.png">$INFO[ListItem.Icon]</texture>
                </control>
                <control type="image">
                    <animation center="auto" condition="Control.HasFocus($PARAM[id])" easing="inout" effect="fade" end="0" start="100" time="300" tween="sine">Focus</animation>
                    <animation center="auto" condition="Control.HasFocus($PARAM[id])" easing="inout" effect="fade" end="100" start="0" time="300" tween="sine">UnFocus</animation>
                    <top>6</top>
                    <left>6</left>
                    <width>292</width>
                    <height>292</height>
                    <texture>thumbs/diffuse.png</texture>
                </control>
            </control>
        </focusedlayout>

        <!-- Landscape -->
        <itemlayout height="203" width="310" condition="StringCompare(Container(9000).ListItem.Property(widgetIcon),$LOCALIZE[31100])">
            <control type="image">
                <top>6</top>
                <left>6</left>
                <width>298</width>
                <height>191</height>
                <aspectratio aligny="center" align="center">scale</aspectratio>
                <texture background="true">$VAR[LandscapeWidgetArt]</texture>
            </control>
            <control type="image">
                <top>6</top>
                <left>6</left>
                <width>298</width>
                <height>191</height>
                <texture>thumbs/diffuse.png</texture>
            </control>
        </itemlayout>
        <focusedlayout height="203" width="310" condition="StringCompare(Container(9000).ListItem.Property(widgetIcon),$LOCALIZE[31100])">
            <include>PanelFocusedItemZoom</include>
			<control type="button">
				<texturefocus>-</texturefocus>
				<texturenofocus>-</texturenofocus>
				<onfocus condition="!String.IsEmpty(Container($PARAM[id]).ListItem.Art(tvshow.poster))">SetProperty(cpa_daemon_fallback,$INFO[Container($PARAM[id]).ListItem.Art(tvshow.poster)],home)</onfocus>
				<onfocus condition="String.IsEmpty(Container($PARAM[id]).ListItem.Art(tvshow.poster))">SetProperty(cpa_daemon_fallback,$INFO[Container($PARAM[id]).ListItem.Art(thumb)],home)</onfocus>
			</control>
            <control type="image">
                <top>6</top>
                <left>6</left>
                <width>298</width>
                <height>191</height>
                <aspectratio aligny="center" align="center">scale</aspectratio>
                <texture background="true">$VAR[LandscapeWidgetArt]</texture>
            </control>
            <control type="image">
                <animation center="auto" condition="Control.HasFocus($PARAM[id])" easing="inout" effect="fade" end="0" start="100" time="300" tween="sine">Focus</animation>
                <animation center="auto" condition="Control.HasFocus($PARAM[id])" easing="inout" effect="fade" end="100" start="0" time="300" tween="sine">UnFocus</animation>
                <top>6</top>
                <left>6</left>
                <width>298</width>
                <height>191</height>
                <texture>thumbs/diffuse.png</texture>
            </control>
        </focusedlayout>
        <content limit="$VAR[WidgetLimit]" target="$PARAM[target]">$PARAM[path]</content>
    </include>
</includes>