<?xml version="1.0" encoding="UTF-8"?>
<includes>
	<include name="HomeDefaultWidgets">
		<control type="group" id="9003">
			<include>VisibleFadeEffect</include>
			<control type="group">
				<visible>!String.IsEmpty(Container(9000).ListItem.Property(widget)) + ![Window.IsVisible(favourites) | Window.IsVisible(script-globalsearch-main.xml) | Window.IsVisible(script-lazytv-main.xml) | Window.IsVisible(script-lazytv-BigScreenList.xml)]</visible>
				<animation effect="fade" start="0" end="100" delay="200" time="300" easing="out" condition="[ControlGroup(9003).IsVisible + Skin.HasSetting(Enable.PersistentWidgets)] | [ControlGroup(9003).HasFocus + !Skin.HasSetting(Enable.PersistentWidgets)]">Conditional</animation>
				<animation effect="fade" start="100" end="0" time="300" reversible="false" condition="[!ControlGroup(9003).HasFocus + !Skin.HasSetting(Enable.PersistentWidgets)] | [Control.HasFocus(9000) + !Skin.HasSetting(Enable.PersistentWidgets)]">Conditional</animation>
				<animation effect="fade" tween="cubic" time="600" delay="500" start="0" end="100" reversible="false">WindowOpen</animation>
				<animation effect="fade" tween="cubic" time="300" start="100" end="0" reversible="false">WindowClose</animation>
				<animation effect="fade" tween="cubic" time="600" delay="500" start="0" end="100" reversible="false">Visible</animation>
				<animation effect="fade" tween="cubic" time="300" start="100" end="0" reversible="false">Hidden</animation>
				<animation effect="slide" time="0" start="0,0" end="0,-70" condition="[system.getbool(lookandfeel.enablerssfeeds) | Skin.HasSetting(Disable.SubmenuSlide)] + !String.IsEqual(Skin.String(HomeLayout),2)">Conditional</animation>
				
				<include>skinshortcuts-template-widget-defaultpanel</include>
				<control type="group">
					<animation effect="slide" time="0" start="0,0" end="0,195" condition="String.IsEqual(Skin.String(HomeLayout),2)">Conditional</animation>
					<animation effect="slide" time="0" tween="" easing="" start="0" end="160" condition="Skin.HasSetting(Enable.BasicWeatherView)">Conditional</animation>
					<animation effect="fade" time="3000" tween="" easing="" start="100" end="0" condition="!Weather.IsFetched">Conditional</animation>
					<include content="WeatherWidgetCommons">
						<param name="WeatherPositionLeft" value="0" />
						<param name="WeatherPositionTop" value="550" />
						<param name="WeatherPanelWidth" value="1920" />
						<param name="WeatherPanelHeight" value="335" />
						<param name="WeatherItemWidth" value="320" />
						<param name="WeatherOrientation" value="Horizontal" />
						<param name="WeatherOnUp" value="9000" />
						<param name="WeatherOnDown" value="9000" />
						<param name="WeatherOnLeft" value="8000" />
						<param name="WeatherOnRight" value="8000" />
					</include>
				</control>
			</control>
		</control>
	</include>
	<include name="NowPlayingVideoWidget">
		<!-- Video Info -->
		<control type="group">
			<visible>Player.HasVideo + !Skin.HasSetting(Enable.HomeTopbar) + !Skin.HasSetting(Disable.Videoinfo)</visible>
			<include>dialogeffect</include>
			<animation effect="slide" time="0" start="0,0" end="0,120" condition="String.IsEqual(Skin.String(HomeLayout),2)">Conditional</animation>
			<animation effect="slide" time="300" tween="sine" easing="inout" start="0,0" end="0,140" condition="Window.IsActive(extendedprogressdialog) | Window.IsActive(busydialog)">Conditional</animation>
			<animation effect="slide" time="300" tween="sine" easing="inout" start="0,0" end="0,140" condition="!Skin.HasSetting(Disable.WeatherClockDate) + !Skin.HasSetting(Enable.WeatherInMenu) + !Skin.HasSetting(Enable.HomeTopbar)">Conditional</animation>
			<left>-12</left>
			<top>-12</top>
			<control type="image">
				<description>background image</description>
				<width>1944</width>
				<height>140</height>
				<texture border="12">dialog_context.png</texture>
				<colordiffuse>$VAR[ColorDialogVar]</colordiffuse>
			</control>
			<control type="image">
				<description>avatar</description>
				<left>1878</left>
				<top>30</top>
				<width>80</width>
				<height>80</height>
				<aspectratio align="center" aligny="center">keep</aspectratio>
				<texture fallback="DefaultVideoCover.png">$VAR[HomeNowPlayingThumbVar]</texture>
				<visible>VideoPlayer.Content(livetv)</visible>
			</control>
			<control type="image">
				<description>avatar</description>
				<left>1878</left>
				<top>30</top>
				<width>80</width>
				<height>80</height>
				<aspectratio align="center" aligny="center">scale</aspectratio>
				<texture fallback="DefaultVideoCover.png">$VAR[HomeNowPlayingThumbVar]</texture>
				<visible>VideoPlayer.Content(musicvideos)</visible>
			</control>
			<control type="image">
				<description>avatar</description>
				<left>1866</left>
				<top>30</top>
				<width>54</width>
				<height>80</height>
				<aspectratio align="center" aligny="center">scale</aspectratio>
				<texture fallback="DefaultVideoCover.png">$VAR[HomeNowPlayingThumbVar]</texture>
				<visible>VideoPlayer.Content(movies) | VideoPlayer.Content(episodes)</visible>
			</control>
			<control type="image">
				<description>avatar</description>
				<left>30</left>
				<top>30</top>
				<width>142</width>
				<height>80</height>
				<aspectratio align="center" aligny="center">scale</aspectratio>
				<texture fallback="DefaultVideoCover.png">$VAR[HomeNowPlayingThumbVar]</texture>
				<visible>![VideoPlayer.Content(movies) | VideoPlayer.Content(episodes) | VideoPlayer.Content(livetv) | VideoPlayer.Content(musicvideos)]</visible>
			</control>
			<include content="NowPlayingWidgetLabels" condition="VideoPlayer.Content(livetv) | VideoPlayer.Content(musicvideos)">
				<param name="NowPlayingLeft" value="130" />
				<param name="NowPlayingWidth" value="640" />
				<param name="NowPlayingAlign" value="left" />
			</include>
			<include content="NowPlayingWidgetLabels" condition="VideoPlayer.Content(movies) | VideoPlayer.Content(episodes)">
				<param name="NowPlayingLeft" value="105" />
				<param name="NowPlayingWidth" value="665" />
				<param name="NowPlayingAlign" value="left" />
			</include>
			<include content="NowPlayingWidgetLabels" condition="![VideoPlayer.Content(movies) | VideoPlayer.Content(episodes) | VideoPlayer.Content(livetv) | VideoPlayer.Content(musicvideos)]">
				<param name="NowPlayingLeft" value="192" />
				<param name="NowPlayingWidth" value="580" />
				<param name="NowPlayingAlign" value="left" />
			</include>
		</control>
	</include>
	<include name="NowPlayingMusicWidget">
		<!-- Music Info -->
		<control type="group">
			<visible>Player.HasAudio + !Skin.HasSetting(Enable.HomeTopbar) + !Skin.HasSetting(Disable.Musicinfo)</visible>
			<include>dialogeffect</include>
			<animation effect="slide" time="0" start="0,0" end="0,120" condition="String.IsEqual(Skin.String(HomeLayout),2)">Conditional</animation>
			<animation effect="slide" time="300" tween="sine" easing="inout" start="0,0" end="0,140" condition="[Window.IsActive(extendedprogressdialog) | Window.IsActive(busydialog)]">Conditional</animation>
			<animation effect="slide" time="300" tween="sine" easing="inout" start="0,0" end="0,140" condition="!Skin.HasSetting(Disable.WeatherClockDate) + !Skin.HasSetting(Enable.WeatherInMenu) + [!Skin.HasSetting(Enable.HomeTopbar) | String.IsEqual(Skin.String(HomeLayout),2)]">Conditional</animation>
			<left>1090</left>
			<top>32</top>
			<control type="image">
				<description>background image</description>
				<width>800</width>
				<height>140</height>
				<texture border="12">dialog_context.png</texture>
				<colordiffuse>$VAR[ColorDialogVar]</colordiffuse>
			</control>
			<control type="image">
				<description>avatar</description>
				<left>30</left>
				<top>30</top>
				<width>80</width>
				<height>80</height>
				<aspectratio align="center" aligny="center">scale</aspectratio>
				<texture fallback="DefaultAlbumCover.png">$INFO[Player.Art(thumb)]</texture>
			</control>
			<include content="NowPlayingWidgetLabels">
				<param name="NowPlayingLeft" value="130" />
				<param name="NowPlayingWidth" value="640" />
				<param name="NowPlayingAlign" value="left" />
			</include>
		</control>
	</include>
	<include name="WeatherHomeWidget">
		<control type="group">
			<include>dialogeffect</include>
			<visible>!Skin.HasSetting(Enable.HomeTopbar) | String.IsEqual(Skin.String(HomeLayout),2)</visible>
			<animation effect="slide" time="0" start="0,0" end="0,120" condition="String.IsEqual(Skin.String(HomeLayout),2)">Conditional</animation>
			<animation effect="slide" time="300" tween="sine" easing="inout" start="0,0" end="0,140" condition="Window.IsActive(extendedprogressdialog)">Conditional</animation>
			<left>1090</left>
			<top>32</top>
			<control type="image">
				<description>background image</description>
				<width>800</width>
				<height>140</height>
				<texture border="12">dialog_context.png</texture>
				<colordiffuse>$VAR[ColorDialogVar]</colordiffuse>
			</control>
			<control type="image">
				<description>avatar</description>
				<left>30</left>
				<top>30</top>
				<width>80</width>
				<height>80</height>
				<aspectratio align="center" aligny="center">scale</aspectratio>
				<texture fallback="DefaultAddonNone.png">$VAR[WeatherIconVar]$INFO[Window(weather).Property(Current.FanartCode),,.png]</texture>
			</control>
			<control type="grouplist">
				<top>26</top>
				<left>130</left>
				<width>640</width>
				<height>45</height>
				<align>left</align>
				<orientation>Horizontal</orientation>
				<control type="label" id="1702">
					<width>auto</width>
					<height>45</height>
					<label>$INFO[System.Time]</label>
					<font>font28_title</font>
				</control>
				<control type="label" id="1701">
					<width>auto</width>
					<height>45</height>
					<label>$INFO[Weather.Temperature, [LIGHT],[/LIGHT]]</label>
					<font>font28_title</font>
					<visible>Weather.IsFetched + !String.IsEmpty(Weather.Plugin) + !String.Contains(Weather.Temperature,$LOCALIZE[503])</visible>
				</control>
			</control>
			<control type="label">
				<left>130</left>
				<top>68</top>
				<width>640</width>
				<height>45</height>
				<label>$INFO[System.Date]</label>
				<font>topbar</font>
				<textcolor>$VAR[ColorHighlightVar]</textcolor>
			</control>
		</control>
	</include>
	<include name="RSSFeedWidget">
		<control type="group">
			<visible>!Control.HasFocus(9010) | !Skin.HasSetting(Disable.SubmenuSlide)</visible>
			<animation effect="slide" tween="cubic" end="0,90" time="240">WindowClose</animation>
			<animation effect="slide" tween="cubic" start="0,90" end="0,0" delay="300" time="240" condition="!Window.Previous(startup)">WindowOpen</animation>
			<animation effect="slide" tween="cubic" start="0,90" end="0,0" delay="800" time="480" condition="Window.Previous(startup)">WindowOpen</animation>
			<!--<animation effect="slide" start="1920" end="0" time="240">VisibleChange</animation>-->
			<top>980</top>
			<control type="group">
				<control type="label">
					<left>1880</left>
					<top>44</top>
					<width>60</width>
					<height>41</height>
					<label></label>
					<font>IconSmall</font>
					<textcolor>$VAR[ColorHighlightVar]</textcolor>
				</control>
				<control type="rss">
					<description>RSS feed</description>
					<left>15</left>
					<top>44</top>
					<height>30</height>
					<width>1855</width>
					<font>font13</font>
					<urlset>1</urlset>
					<textcolor>$VAR[ColorHighlightVar]</textcolor>
					<titlecolor>$VAR[ColorHighlightVar]</titlecolor>
					<headlinecolor>$VAR[ColorTextVar]</headlinecolor>
				</control>
			</control>
		</control>
	</include>
	<include name="NowPlayingWidgetLabels">
		<control type="fadelabel">
			<description>Line 1 Label</description>
			<left>$PARAM[NowPlayingLeft]</left>
			<top>27</top>
			<width>$PARAM[NowPlayingWidth]</width>
			<height>45</height>
			<font>font28_title</font>
			<align>$PARAM[NowPlayingAlign]</align>
			<scrollout>false</scrollout>
			<pauseatend>2000</pauseatend>
			<label>$VAR[TopbarFadeLabel1]</label>
		</control>
		<control type="fadelabel">
			<description>Line 2 Label</description>
			<left>$PARAM[NowPlayingLeft]</left>
			<top>69</top>
			<width>$PARAM[NowPlayingWidth]</width>
			<height>45</height>
			<font>topbar</font>
			<textcolor>$VAR[ColorHighlightVar]</textcolor>
			<align>$PARAM[NowPlayingAlign]</align>
			<scrollout>false</scrollout>
			<pauseatend>2000</pauseatend>
			<label>$VAR[TopbarFadeLabel2]</label>
		</control>
	</include>
</includes>