<?xml version="1.0" encoding="UTF-8"?>
<window>
	<defaultcontrol always="true">100</defaultcontrol>
	<include>dialogeffect</include>
	<!--<coordinates>
		<system>1</system>
		<left>0</left>
		<top>0</top>
	</coordinates>-->
	<controls>
		<control type="group">
			<top>298</top>
			<left>350</left>
			<animation effect="slide" time="0" start="0,0" end="355,0" condition="Window.IsVisible(script-lazytv-BigScreenList.xml)">Conditional</animation>
			<control type="image">
				<description>background image</description>
				<width>510</width>
				<height>484</height>
				<texture border="12">dialog_context.png</texture>
				<colordiffuse>$VAR[ColorDialogVar]</colordiffuse>
			</control>
			<control type="grouplist" id="100">
				<left>30</left>
				<top>32</top>
				<width>450</width>
				<height>420</height>
				<onleft>100</onleft>
				<onright>100</onright>
				<onup>100</onup>
				<ondown>100</ondown>
				<itemgap>0</itemgap>
				<align>center</align>
				<control type="button" id="110">
				</control>
				<control type="button" id="120">
				</control>
				<control type="button" id="130">
				</control>
				<control type="button" id="140">
				</control>
				<control type="button" id="150">
				</control>
				<control type="button" id="170">
				</control>
				<control type="button" id="180">
				</control>
			</control>
		</control>
	</controls>
</window>