<?xml version="1.0" encoding="UTF-8"?>
<window>
	<menucontrol>9051</menucontrol>
	<onload>SetProperty(Window.HasSettings,True,home)</onload>
	<onload>ClearProperty(MediaMenu,Home)</onload>
	<onunload>ClearProperty(Window.HasSettings,Home)</onunload>
	<allowoverlay>no</allowoverlay>
	<controls>
		<include>CommonBackground</include>
		<control type="group">
			<left>0</left>
			<top>148</top>
			<include>Animation.Common</include>
			<control type="list" id="9000">
				<left>82</left>
				<top>32</top>
				<width>356</width>
				<height>810</height>
				<onleft condition="!Skin.HasSetting(KioskMode.Enabled)">SetProperty(MediaMenu,True,home)</onleft>
				<onleft condition="!Skin.HasSetting(KioskMode.Enabled)">18</onleft>
				<onright condition="Container(9000).HasFocus(1)">200</onright>
				<onright condition="Container(9000).HasFocus(2)">201</onright>
				<onright condition="Container(9000).HasFocus(3)">202</onright>
				<onright condition="Container(9000).HasFocus(4)">203</onright>
				<onright condition="Container(9000).HasFocus(5)">204</onright>
				<onright condition="Container(9000).HasFocus(6)">205</onright>
				<onright condition="Container(9000).HasFocus(7)">206</onright>
				<onup>9000</onup>
				<ondown>9000</ondown>
				<pagecontrol>-</pagecontrol>
				<scrolltime tween="quadratic">300</scrolltime>
				<itemlayout height="90" width="356">
					<control type="group">
						<visible>!String.IsEqual(System.Date(ddd),ListItem.Property(day))</visible>
						<control type="label">
							<width>356</width>
							<height>90</height>
							<font>font15</font>
							<textoffsetx>20</textoffsetx>
							<label>$INFO[ListItem.Label]</label>
						</control>
						<control type="label">
							<left>0</left>
							<top>0</top>
							<width>356</width>
							<height>90</height>
							<font>font15</font>
							<textoffsetx>20</textoffsetx>
							<align>right</align>
							<label>$INFO[ListItem.Label2]</label>
						</control>
					</control>
					<control type="group">
						<visible>String.IsEqual(System.Date(ddd),ListItem.Property(day))</visible>
						<control type="label">
							<width>356</width>
							<height>90</height>
							<font>font15</font>
							<textoffsetx>20</textoffsetx>
							<label>$INFO[ListItem.Label]</label>
						</control>
						<control type="label">
							<left>0</left>
							<top>0</top>
							<width>356</width>
							<height>90</height>
							<font>font15</font>
							<textoffsetx>20</textoffsetx>
							<align>right</align>
							<label>$INFO[ListItem.Label2]</label>
						</control>
					</control>
				</itemlayout>
				<focusedlayout height="90" width="356">
					<control type="image">
						<animation effect="fade" time="50" start="100" end="50" condition="!Control.HasFocus(9000)">Conditional</animation>
						<left>0</left>
						<top>0</top>
						<width>356</width>
						<height>90</height>
						<texture>listselect_fo.png</texture>
						<colordiffuse>$VAR[ColorHighlightVar]</colordiffuse>
						<include>VisibleFadeEffect</include>
					</control>
					<control type="group">
						<visible>!String.IsEqual(System.Date(ddd),ListItem.Property(day))</visible>
						<control type="label">
							<width>356</width>
							<height>90</height>
							<font>font15</font>
							<textoffsetx>20</textoffsetx>
							<label>$INFO[ListItem.Label]</label>
						</control>
						<control type="label">
							<left>0</left>
							<top>0</top>
							<width>356</width>
							<height>90</height>
							<font>font15</font>
							<textoffsetx>20</textoffsetx>
							<align>right</align>
							<label>$INFO[ListItem.Label2]</label>
						</control>
					</control>
					<control type="group">
						<visible>String.IsEqual(System.Date(ddd),ListItem.Property(day))</visible>
						<control type="label">
							<width>356</width>
							<height>90</height>
							<font>font15</font>
							<textoffsetx>20</textoffsetx>
							<label>$INFO[ListItem.Label]</label>
						</control>
						<control type="label">
							<left>0</left>
							<top>0</top>
							<width>356</width>
							<height>90</height>
							<font>font15</font>
							<textoffsetx>20</textoffsetx>
							<align>right</align>
							<label>$INFO[ListItem.Label2]</label>
						</control>
					</control>
				</focusedlayout>
				<content>
					<item id="1">
						<label>$INFO[Container(200).NumItems,$LOCALIZE[41] (,)]</label>
						<label2>$INFO[Window(Home).Property(NextAired.200.Date)]</label2>
						<property name="day">$LOCALIZE[41]</property>
						<onclick>noop</onclick>
						<icon>-</icon>
					</item>
					<item id="2">
						<label>$INFO[Container(201).NumItems,$LOCALIZE[42] (,)]</label>
						<label2>$INFO[Window(Home).Property(NextAired.201.Date)]</label2>
						<property name="day">$LOCALIZE[42]</property>
						<onclick>noop</onclick>
						<icon>-</icon>
					</item>
					<item id="3">
						<label>$INFO[Container(202).NumItems,$LOCALIZE[43] (,)]</label>
						<label2>$INFO[Window(Home).Property(NextAired.202.Date)]</label2>
						<property name="day">$LOCALIZE[43]</property>
						<onclick>noop</onclick>
						<icon>-</icon>
					</item>
					<item id="4">
						<label>$INFO[Container(203).NumItems,$LOCALIZE[44] (,)]</label>
						<label2>$INFO[Window(Home).Property(NextAired.203.Date)]</label2>
						<property name="day">$LOCALIZE[44]</property>
						<onclick>noop</onclick>
						<icon>-</icon>
					</item>
					<item id="5">
						<label>$INFO[Container(204).NumItems,$LOCALIZE[45] (,)]</label>
						<label2>$INFO[Window(Home).Property(NextAired.204.Date)]</label2>
						<property name="day">$LOCALIZE[45]</property>
						<onclick>noop</onclick>
						<icon>-</icon>
					</item>
					<item id="6">
						<label>$INFO[Container(205).NumItems,$LOCALIZE[46] (,)]</label>
						<label2>$INFO[Window(Home).Property(NextAired.205.Date)]</label2>
						<property name="day">$LOCALIZE[46]</property>
						<onclick>noop</onclick>
						<icon>-</icon>
					</item>
					<item id="7">
						<label>$INFO[Container(206).NumItems,$LOCALIZE[47] (,)]</label>
						<label2>$INFO[Window(Home).Property(NextAired.206.Date)]</label2>
						<property name="day">$LOCALIZE[47]</property>
						<onclick>noop</onclick>
						<icon>-</icon>
					</item>
				</content>
			</control>
			<control type="group" id="9001">
				<control type="group">
	                <control type="image">
	                    <left>522</left>
	                    <top>32</top>
	                    <width>435</width>
	                    <height>825</height>
	                    <visible>![Control.HasFocus(9000) | Control.HasFocus(18) | Control.HasFocus(60) | Control.HasFocus(613) | Control.HasFocus(614) | ControlGroup(6050).HasFocus()]</visible>
	                    <animation effect="fade" time="320" delay="200">Visible</animation>
	                    <animation effect="fade" time="200">Hidden</animation>
	                    <texture colordiffuse="$VAR[ColorHighlightVar]">listselect_fo.png</texture>
	                    <animation effect="slide" end="435,0" time="300" tween="cubic" easing="inout" condition="Container(200).Column(2) | Container(201).Column(2) | Container(202).Column(2) | Container(203).Column(2) | Container(204).Column(2) | Container(205).Column(2) | Container(206).Column(2)">Conditional</animation>
	                    <animation effect="slide" end="435,0" time="300" tween="cubic" easing="inout" condition="Container(200).Column(2) | Container(200).Column(1) | Container(201).Column(2) | Container(201).Column(1) | Container(202).Column(2) | Container(202).Column(1) | Container(203).Column(2) | Container(203).Column(1) | Container(204).Column(2) | Container(204).Column(1) | Container(205).Column(2) | Container(205).Column(1) | Container(206).Column(2) | Container(206).Column(1)">Conditional</animation>
	                </control>
	            </control>
				<control type="panel" id="200">
					<visible allowhiddenfocus="true">[Control.HasFocus(9000) + Container(9000).HasFocus(1)] | Control.HasFocus(200) | [Container(9000).HasFocus(1) + Control.HasFocus(60)] | [Container(9000).HasFocus(1) + [Control.HasFocus(18) | Control.HasFocus(613) | Control.HasFocus(614) | ControlGroup(6050).HasFocus()]]</visible>
					<include>SettingsFadeEffect</include>
					<onright>200</onright>
					<include>TVNextAiredListCommonLayout</include>
				</control>
				<control type="panel" id="201">
					<visible allowhiddenfocus="true">[Control.HasFocus(9000) + Container(9000).HasFocus(2)] | Control.HasFocus(201) | [Container(9000).HasFocus(2) + Control.HasFocus(60)] | [Container(9000).HasFocus(2) + [Control.HasFocus(18) | Control.HasFocus(613) | Control.HasFocus(614) | ControlGroup(6050).HasFocus()]]</visible>
					<include>SettingsFadeEffect</include>
					<onright>201</onright>
					<include>TVNextAiredListCommonLayout</include>
				</control>
				<control type="panel" id="202">
					<visible allowhiddenfocus="true">[Control.HasFocus(9000) + Container(9000).HasFocus(3)] | Control.HasFocus(202) | [Container(9000).HasFocus(3) + Control.HasFocus(60)] | [Container(9000).HasFocus(3) + [Control.HasFocus(18) | Control.HasFocus(613) | Control.HasFocus(614) | ControlGroup(6050).HasFocus()]]</visible>
					<include>SettingsFadeEffect</include>
					<onright>202</onright>
					<include>TVNextAiredListCommonLayout</include>
				</control>
				<control type="panel" id="203">
					<visible allowhiddenfocus="true">[Control.HasFocus(9000) + Container(9000).HasFocus(4)] | Control.HasFocus(203) | [Container(9000).HasFocus(4) + Control.HasFocus(60)] | [Container(9000).HasFocus(4) + [Control.HasFocus(18) | Control.HasFocus(613) | Control.HasFocus(614) | ControlGroup(6050).HasFocus()]]</visible>
					<include>SettingsFadeEffect</include>
					<onright>203</onright>
					<include>TVNextAiredListCommonLayout</include>
				</control>
				<control type="panel" id="204">
					<visible allowhiddenfocus="true">[Control.HasFocus(9000) + Container(9000).HasFocus(5)] | Control.HasFocus(204) | [Container(9000).HasFocus(5) + Control.HasFocus(60)] | [Container(9000).HasFocus(5) + [Control.HasFocus(18) | Control.HasFocus(613) | Control.HasFocus(614) | ControlGroup(6050).HasFocus()]]</visible>
					<include>SettingsFadeEffect</include>
					<onright>204</onright>
					<include>TVNextAiredListCommonLayout</include>
				</control>
				<control type="panel" id="205">
					<visible allowhiddenfocus="true">[Control.HasFocus(9000) + Container(9000).HasFocus(6)] | Control.HasFocus(205) | [Container(9000).HasFocus(6) + Control.HasFocus(60)] | [Container(9000).HasFocus(6) + [Control.HasFocus(18) | Control.HasFocus(613) | Control.HasFocus(614) | ControlGroup(6050).HasFocus()]]</visible>
					<include>SettingsFadeEffect</include>
					<onright>205</onright>
					<include>TVNextAiredListCommonLayout</include>
				</control>
				<control type="panel" id="206">
					<visible allowhiddenfocus="true">[Control.HasFocus(9000) + Container(9000).HasFocus(7)] | Control.HasFocus(206) | [Container(9000).HasFocus(7) + Control.HasFocus(60)] | [Container(9000).HasFocus(7) + [Control.HasFocus(18) | Control.HasFocus(613) | Control.HasFocus(614) | ControlGroup(6050).HasFocus()]]</visible>
					<include>SettingsFadeEffect</include>
					<onright>206</onright>
					<include>TVNextAiredListCommonLayout</include>
				</control>
			</control>
		</control>
		<control type="scrollbar" id="60">
			<visible allowhiddenfocus="true">Control.HasFocus(60)</visible>
			<animation effect="fade" time="300" tween="sine" easing="inout" start="0" end="100">Visible</animation>
			<left>0</left>
			<top>1070</top>
			<width>FullScreenWidth</width>
			<height>10</height>
			<onup condition="Container(9000).HasFocus(1)">200</onup>
			<onup condition="Container(9000).HasFocus(2)">201</onup>
			<onup condition="Container(9000).HasFocus(3)">202</onup>
			<onup condition="Container(9000).HasFocus(4)">203</onup>
			<onup condition="Container(9000).HasFocus(5)">204</onup>
			<onup condition="Container(9000).HasFocus(6)">205</onup>
			<onup condition="Container(9000).HasFocus(7)">206</onup>
			<ondown condition="Container(9000).HasFocus(1)">200</ondown>
			<ondown condition="Container(9000).HasFocus(2)">201</ondown>
			<ondown condition="Container(9000).HasFocus(3)">202</ondown>
			<ondown condition="Container(9000).HasFocus(4)">203</ondown>
			<ondown condition="Container(9000).HasFocus(5)">204</ondown>
			<ondown condition="Container(9000).HasFocus(6)">205</ondown>
			<ondown condition="Container(9000).HasFocus(7)">206</ondown>
			<onleft>60</onleft>
			<onright>60</onright>
			<orientation>horizontal</orientation>
		</control>
		<include>Topbar</include>
		<control type="group">
			<left>-440</left>
			<include>SideBladeLeft</include>
			<control type="grouplist" id="9050">
				<left>0</left>
				<top>10</top>
				<width>400</width>
				<height>1080</height>
				<itemgap>0</itemgap>
				<include content="MenuPlayerControls">
					<param name="PlayerControlsOnDown" value="18" />
				</include>
				<control type="label" id="20001">
					<width>400</width>
					<height>52</height>
					<textoffsetx>15</textoffsetx>
					<font>font13_title</font>
					<label>$INFO[System.AddonTitle(script.tv.show.next.aired)]</label>
					<textcolor>$VAR[ColorHighlightVar]</textcolor>
				</control>
				<control type="button" id="18">
					<description>Settings</description>
					<textwidth>352</textwidth>
					<onright>ClearProperty(MediaMenu,Home)</onright>
					<onright>9000</onright>
					<onback>ClearProperty(MediaMenu,Home)</onback>
					<onclick>Addon.OpenSettings(script.tv.show.next.aired)</onclick>
					<include>ButtonCommonValues</include>
					<label>5</label>
				</control>
				<control type="button" id="203">
                    <description>Actions label</description>
                    <textwidth>352</textwidth>
                    <font>font13_title</font>
                    <include>ButtonCommonValues</include>
                    <label>31039</label>
                    <enable>no</enable>
                    <disabledcolor>$VAR[ColorHighlightVar]</disabledcolor>
                    <visible>Player.HasMedia | !String.IsEqual(Playlist.Length(music),0) | !String.IsEqual(Playlist.Length(video),0)</visible>
                </control>
				<control type="button" id="613">
					<description>Go to playlist</description>
					<include>ButtonCommonValues</include>
					<label>31193</label>
					<onright>ClearProperty(MediaMenu,Home)</onright>
					<onright>9000</onright>
					<onback>ClearProperty(MediaMenu,Home)</onback>
					<onclick>ClearProperty(MediaMenu,Home)</onclick>
					<onclick>ActivateWindow(musicplaylist)</onclick>
					<visible>!String.IsEqual(Playlist.Length(music),0)</visible>
				</control>
				<control type="button" id="614">
					<description>Go to playlist</description>
					<include>ButtonCommonValues</include>
					<label>31194</label>
					<onright>ClearProperty(MediaMenu,Home)</onright>
					<onright>9000</onright>
					<onback>ClearProperty(MediaMenu,Home)</onback>
					<onclick>ClearProperty(MediaMenu,Home)</onclick>
					<onclick>ActivateWindow(videoplaylist)</onclick>
					<visible>!String.IsEqual(Playlist.Length(video),0)</visible>
				</control>
			</control>
		</control>
	</controls>
</window>