<?xml version="1.0" encoding="UTF-8"?>
<window>
	<defaultcontrol always="true">22</defaultcontrol>
	<allowoverlay>no</allowoverlay>
	<coordinates>
		<system>1</system>
		<left>199</left>
		<top>180</top>
	</coordinates>
	<include>dialogeffect</include>
	<controls>
		<control type="group">
			<visible>!Window.IsVisible(smartplaylistrule)</visible>
			<include>VisibleFadeEffect</include>
			<include content="DialogBackgroundCommons">
				<param name="DialogBackgroundWidth" value="1522" />
				<param name="DialogBackgroundHeight" value="720" />
				<param name="DialogHeaderLabel" value="-" />
				<param name="DialogHeaderId" value="2" />
			</include>
			<!-- left group-->
			<control type="group" id="9002">
				<control type="spincontrolex" id="22">
					<description>Set Playlist type</description>
					<left>31</left>
					<top>88</top>
					<width>1138</width>
					<label>467</label>
					<onright>9001</onright>
					<onleft>9001</onleft>
					<onup>23</onup>
					<ondown>12</ondown>
				</control>
				<control type="edit" id="12">
					<description>Name Button</description>
					<left>31</left>
					<top>148</top>
					<width>1138</width>
					<label>-</label>
					<onup>22</onup>
					<onleft>9001</onleft>
					<onright>9001</onright>
					<ondown>10</ondown>
					<hinttext>21433</hinttext>
				</control>
				<control type="button">
					<description>rules label</description>
					<left>31</left>
					<top>208</top>
					<width>1138</width>
					<label>21434</label>
					<textoffsetx>15</textoffsetx>
					<font>font13_title</font>
					<disabledcolor>$VAR[ColorHighlightVar]</disabledcolor>
					<enable>no</enable>
					<texturefocus border="1">-</texturefocus>
				</control>
				<control type="panel" id="10">
					<description>Rules List Control</description>
					<left>31</left>
					<top>268</top>
					<width>828</width>
					<height>180</height>
					<onup>12</onup>
					<onleft>9000</onleft>
					<onright>9000</onright>
					<ondown>16</ondown>
					<itemlayout width="828" height="60">
						<control type="label">
							<width>828</width>
							<height>60</height>
							<textoffsetx>15</textoffsetx>
							<info>ListItem.Label</info>
							<selectedcolor>$VAR[ColorHighlightVar]</selectedcolor>
							<font>font14</font>
						</control>
					</itemlayout>
					<focusedlayout width="828" height="68">
						<control type="image">
							<width>828</width>
							<height>60</height>
							<texture>listselect_fo.png</texture>
							<colordiffuse>$VAR[ColorHighlightVar]</colordiffuse>
							<include>VisibleFadeEffect</include>
						</control>
						<control type="label">
							<width>828</width>
							<height>60</height>
							<textoffsetx>15</textoffsetx>
							<info>ListItem.Label</info>
							<font>font14</font>
						</control>
					</focusedlayout>
				</control>
				<control type="grouplist" id="9000">
					<left>859</left>
					<top>268</top>
					<width>310</width>
					<height>180</height>
					<onup>9000</onup>
					<onleft>10</onleft>
					<onright>9001</onright>
					<ondown>9000</ondown>
					<control type="button" id="13">
						<description>Add Rule Button</description>
						<width>310</width>
						<label>15019</label>
						<font>font15</font>
					</control>
					<control type="button" id="14">
						<description>Remove Rule Button</description>
						<width>310</width>
						<label>1210</label>
						<font>font15</font>
					</control>
					<control type="button" id="15">
						<description>Edit Rule Button</description>
						<width>310</width>
						<label>21435</label>
						<font>font15</font>
					</control>
				</control>
				<control type="spincontrolex" id="16">
					<left>31</left>
					<top>448</top>
					<width>1138</width>
					<label>21424</label>
					<onright>9001</onright>
					<onleft>9001</onleft>
					<onup>10</onup>
					<ondown>17</ondown>
				</control>
				<control type="spincontrolex" id="17">
					<left>31</left>
					<top>508</top>
					<width>1138</width>
					<label>21427</label>
					<onright>9001</onright>
					<onleft>9001</onleft>
					<onup>16</onup>
					<ondown>18</ondown>
				</control>
				<control type="spincontrolex" id="18">
					<left>31</left>
					<top>568</top>
					<width>828</width>
					<label>21429</label>
					<onright>19</onright>
					<onleft>19</onleft>
					<onup>17</onup>
					<ondown>23</ondown>
				</control>
				<control type="togglebutton" id="19">
					<left>859</left>
					<top>568</top>
					<width>310</width>
					<align>center</align>
					<label>21431</label>
					<altlabel>21430</altlabel>
					<onright>9001</onright>
					<onleft>18</onleft>
					<onup>17</onup>
					<ondown>24</ondown>
				</control>
				<control type="spincontrolex" id="23">
					<left>31</left>
					<top>628</top>
					<width>828</width>
					<label>21458</label>
					<onright>24</onright>
					<onleft>24</onleft>
					<onup>18</onup>
					<ondown>22</ondown>
				</control>
				<control type="radiobutton" id="24">
					<left>859</left>
					<top>628</top>
					<width>310</width>
					<align>center</align>
					<label>21459</label>
					<onright>9001</onright>
					<onleft>23</onleft>
					<onup>19</onup>
					<ondown>22</ondown>
				</control>
			</control>
			<!-- right group -->
			<control type="group">
				<left>1182</left>
				<top>88</top>
				<control type="grouplist" id="9001">
					<onup>9001</onup>
					<onleft>9002</onleft>
					<onright>9002</onright>
					<ondown>9001</ondown>
					<control type="button" id="20">
						<description>Ok Button</description>
						<width>310</width>
						<label>186</label>
					</control>
					<control type="button" id="21">
						<description>Cancel Button</description>
						<width>310</width>
						<label>222</label>
					</control>
				</control>
			</control>
		</control>
	</controls>
</window>