<?xml version="1.0" encoding="UTF-8"?>
<window>
	<defaultcontrol always="true">10</defaultcontrol>
	<allowoverlay>no</allowoverlay>
	<onload>SetProperty(SkinInitStarted,1,home)</onload>
	<onload condition="Skin.HasSetting(Text.Shadow.Enable)">Skin.SetString(Text.Shadow.Colour,ff000000)</onload>
	<onload condition="!Skin.HasSetting(Text.Shadow.Enable)">Skin.SetString(Text.Shadow.Colour,-)</onload>
	<onload condition="System.HasAddon(script.colorbox)">RunScript(script.colorbox,daemon=True,pixels=10,bits=1,radius=10,delta_x=40,delta_y=90)</onload>
	<onload condition="System.HasAddon(script.skin.info.service)">RunScript(script.skin.info.service)</onload>
	<onload condition="!System.HasAddon(script.tv.show.next.aired)">Skin.SetBool(Disable.NextAired)</onload>
	<onload condition="!String.IsEqual(Skin.String(HomeLayout),2) + !String.IsEqual(Skin.String(HomeLayout),3)">Skin.SetString(HomeLayout,1)</onload>
	<onload>SetProperty(cfa_daemon_set,$INFO[Skin.String(background_fx)],home)</onload>
	<onload>SetProperty(cpa_daemon_set,$INFO[Skin.String(focus_fx)],home)</onload>
	<onload>SetProperty(cpa_daemon_fallback,special://skin/extras/misc/empty.jpg,home)</onload>
	<onload condition="String.IsEmpty(Skin.String(background_fx))">SetProperty(cfa_daemon_set,None,home)</onload>
	<onload condition="String.IsEmpty(Skin.String(focus_fx))">SetProperty(cpa_daemon_set,None,home)</onload>
	<onload>Skin.SetString(SkinHelper.RandomFanartDelay,3)</onload>
	<controls>
		<control type="button" id="10">
			<description>trigger</description>
			<onfocus condition="System.HasAddon(script.tv.show.next.aired) + Skin.HasSetting(NextAired.Update) + Library.HasContent(tvshows)">RunScript(script.tv.show.next.aired,silent=True)</onfocus>
			<onfocus condition="!Skin.HasSetting(low.power)">RunScript(script.colorbox,info=firstrun)</onfocus>
			<onfocus>ReplaceWindow($INFO[System.StartupWindow])</onfocus>
			<texturenofocus>-</texturenofocus>
			<texturefocus>-</texturefocus>
			<visible>!Skin.HasSetting(Use_Startup_Playlist)</visible>
		</control>
		<control type="button" id="10">
			<description>trigger with startup Playlist</description>
			<onfocus>PlayMedia($INFO[Skin.String(Startup_Playlist_Path)])</onfocus>
			<onfocus condition="System.HasAddon(script.tv.show.next.aired) + Skin.HasSetting(NextAired.Update) + Library.HasContent(tvshows)">RunScript(script.tv.show.next.aired,silent=True)</onfocus>
			<onfocus condition="!Skin.HasSetting(low.power)">RunScript(script.colorbox,info=firstrun)</onfocus>
			<onfocus>ReplaceWindow($INFO[System.StartupWindow])</onfocus>
			<texturenofocus>-</texturenofocus>
			<texturefocus>-</texturefocus>
			<visible>Skin.HasSetting(Use_Startup_Playlist)</visible>
		</control>
		<include>CommonBackground</include>
	</controls>
</window>
