<?xml version="1.0" encoding="UTF-8"?>
<includes>
	<!-- Video Wall -->
	<include name="VideoWall">
		<control type="group">
			<visible>Control.IsVisible(500) + !Window.IsActive(addoninformation)</visible>
			<include>Animation.Common</include>
			<control type="group">
                <visible>Integer.IsGreater(Container(500).NumItems,0)</visible>
                <animation effect="fade" time="320" delay="300">Visible</animation>
                <control type="image">
                	<visible>[Container.Content(sets) | [[Container.Content(movies) | Container.Content(tvshows) | Container.Content(seasons)] + !Skin.HasSetting(Enable.IconLandscape) + !Skin.HasSetting(Enable.IconBanner) + !Skin.HasSetting(Enable.IconLogo)] | [Container.Content(seasons) + Skin.HasSetting(Enable.IconLandscape)] | [Container.Content(seasons) + Skin.HasSetting(Enable.IconLogo)]] + Control.HasFocus(500) </visible>
                    <left>107</left>
                    <top>175</top>
                    <width>254</width>
                    <height>369</height>
                    <include>FocusedBackgroundFade</include>
                    <texture colordiffuse="$VAR[LibColorHighlightVar]">$VAR[FocusImage]</texture><fadetime>2000</fadetime>
                    <animation effect="slide" end="0,357" time="300" tween="cubic" easing="inout" condition="Integer.IsGreater(Container(500).Row,0)">Conditional</animation>
                    <animation effect="slide" end="242,0" time="300" tween="cubic" easing="inout" condition="Integer.IsGreater(Container(500).Column,5)">Conditional</animation>
                    <animation effect="slide" end="242,0" time="300" tween="cubic" easing="inout" condition="Integer.IsGreater(Container(500).Column,4)">Conditional</animation>
                    <animation effect="slide" end="242,0" time="300" tween="cubic" easing="inout" condition="Integer.IsGreater(Container(500).Column,3)">Conditional</animation>
                    <animation effect="slide" end="242,0" time="300" tween="cubic" easing="inout" condition="Integer.IsGreater(Container(500).Column,2)">Conditional</animation>
                    <animation effect="slide" end="242,0" time="300" tween="cubic" easing="inout" condition="Integer.IsGreater(Container(500).Column,1)">Conditional</animation>
                    <animation effect="slide" end="242,0" time="300" tween="cubic" easing="inout" condition="Integer.IsGreater(Container(500).Column,0)">Conditional</animation>
                </control>
                <control type="image">
                	<visible>[Container.Content(sets) | [[Container.Content(movies) | Container.Content(tvshows) | Container.Content(seasons)] + !Skin.HasSetting(Enable.IconLandscape) + !Skin.HasSetting(Enable.IconBanner) + !Skin.HasSetting(Enable.IconLogo)] | [Container.Content(seasons) + Skin.HasSetting(Enable.IconLandscape)] | [Container.Content(seasons) + Skin.HasSetting(Enable.IconLogo)]] + Control.HasFocus(500) </visible>
                    <left>107</left>
                    <top>175</top>
                    <width>254</width>
                    <height>369</height>
                    <include>FocusedBackgroundFade</include>
					<texture colordiffuse="$VAR[ColorHighlightVar]">listselect_fo.png</texture><fadetime>2000</fadetime>
					<animation effect="fade" end="50" start="0" time="1000" condition="!String.IsEqual(Window(home).Property(cpa_daemon_set),None) + Skin.HasSetting(View.Pulse.Focus)" pulse="true" delay="1000">Conditional</animation>
					<visible>!String.IsEqual(Window(home).Property(cpa_daemon_set),None) + Skin.HasSetting(View.Pulse.Focus)</visible>
                    <animation effect="slide" end="0,357" time="300" tween="cubic" easing="inout" condition="Integer.IsGreater(Container(500).Row,0)">Conditional</animation>
                    <animation effect="slide" end="242,0" time="300" tween="cubic" easing="inout" condition="Integer.IsGreater(Container(500).Column,5)">Conditional</animation>
                    <animation effect="slide" end="242,0" time="300" tween="cubic" easing="inout" condition="Integer.IsGreater(Container(500).Column,4)">Conditional</animation>
                    <animation effect="slide" end="242,0" time="300" tween="cubic" easing="inout" condition="Integer.IsGreater(Container(500).Column,3)">Conditional</animation>
                    <animation effect="slide" end="242,0" time="300" tween="cubic" easing="inout" condition="Integer.IsGreater(Container(500).Column,2)">Conditional</animation>
                    <animation effect="slide" end="242,0" time="300" tween="cubic" easing="inout" condition="Integer.IsGreater(Container(500).Column,1)">Conditional</animation>
                    <animation effect="slide" end="242,0" time="300" tween="cubic" easing="inout" condition="Integer.IsGreater(Container(500).Column,0)">Conditional</animation>
                </control>
                <control type="image">
                	<visible>[Container.Content(movies) | Container.Content(tvshows)] + [Skin.HasSetting(Enable.IconLandscape) | Skin.HasSetting(Enable.IconLogo)] + Control.HasFocus(500)</visible>
                    <left>128</left>
                    <top>175</top>
                    <width>425</width>
                    <height>250</height>
                    <include>FocusedBackgroundFade</include>
                    <texture colordiffuse="$VAR[LibColorHighlightVar]">$VAR[FocusImage]</texture><fadetime>2000</fadetime>
                    <animation effect="slide" end="0,238" time="300" tween="cubic" easing="inout" condition="Integer.IsGreater(Container(500).Row,1)">Conditional</animation>
                    <animation effect="slide" end="0,238" time="300" tween="cubic" easing="inout" condition="Integer.IsGreater(Container(500).Row,0)">Conditional</animation>
                    <animation effect="slide" end="413,0" time="300" tween="cubic" easing="inout" condition="Integer.IsGreater(Container(500).Column,2)">Conditional</animation>
                    <animation effect="slide" end="413,0" time="300" tween="cubic" easing="inout" condition="Integer.IsGreater(Container(500).Column,1)">Conditional</animation>
                    <animation effect="slide" end="413,0" time="300" tween="cubic" easing="inout" condition="Integer.IsGreater(Container(500).Column,0)">Conditional</animation>
                </control>
                <control type="image">
                	<visible>[Container.Content(movies) | Container.Content(tvshows)] + [Skin.HasSetting(Enable.IconLandscape) | Skin.HasSetting(Enable.IconLogo)] + Control.HasFocus(500)</visible>
                    <left>128</left>
                    <top>175</top>
                    <width>425</width>
                    <height>250</height>
                    <include>FocusedBackgroundFade</include>
					<texture colordiffuse="$VAR[ColorHighlightVar]">listselect_fo.png</texture><fadetime>2000</fadetime>
					<animation effect="fade" end="50" start="0" time="1000" condition="!String.IsEqual(Window(home).Property(cpa_daemon_set),None) + Skin.HasSetting(View.Pulse.Focus)" pulse="true" delay="1000">Conditional</animation>
					<visible>!String.IsEqual(Window(home).Property(cpa_daemon_set),None) + Skin.HasSetting(View.Pulse.Focus)</visible>
                    <animation effect="slide" end="0,238" time="300" tween="cubic" easing="inout" condition="Integer.IsGreater(Container(500).Row,1)">Conditional</animation>
                    <animation effect="slide" end="0,238" time="300" tween="cubic" easing="inout" condition="Integer.IsGreater(Container(500).Row,0)">Conditional</animation>
                    <animation effect="slide" end="413,0" time="300" tween="cubic" easing="inout" condition="Integer.IsGreater(Container(500).Column,2)">Conditional</animation>
                    <animation effect="slide" end="413,0" time="300" tween="cubic" easing="inout" condition="Integer.IsGreater(Container(500).Column,1)">Conditional</animation>
                    <animation effect="slide" end="413,0" time="300" tween="cubic" easing="inout" condition="Integer.IsGreater(Container(500).Column,0)">Conditional</animation>
                </control>
                <control type="image">
                	<visible>[Container.Content(movies) | Container.Content(tvshows) | Container.Content(seasons)] + Skin.HasSetting(Enable.IconBanner) + Control.HasFocus(500)</visible>
                    <left>45</left>
                    <top>175</top>
                    <width>921</width>
                    <height>190</height>
                    <include>FocusedBackgroundFade</include>
                    <texture colordiffuse="$VAR[LibColorHighlightVar]">$VAR[FocusImage]</texture><fadetime>2000</fadetime>
                    <animation effect="slide" end="0,178" time="300" tween="cubic" easing="inout" condition="Integer.IsGreater(Container(500).Row,2)">Conditional</animation>
                    <animation effect="slide" end="0,178" time="300" tween="cubic" easing="inout" condition="Integer.IsGreater(Container(500).Row,1)">Conditional</animation>
                    <animation effect="slide" end="0,178" time="300" tween="cubic" easing="inout" condition="Integer.IsGreater(Container(500).Row,0)">Conditional</animation>
                    <animation effect="slide" end="909,0" time="300" tween="cubic" easing="inout" condition="Integer.IsGreater(Container(500).Column,0)">Conditional</animation>
                </control>
                <control type="image">
                	<visible>[Container.Content(movies) | Container.Content(tvshows) | Container.Content(seasons)] + Skin.HasSetting(Enable.IconBanner) + Control.HasFocus(500)</visible>
                    <left>45</left>
                    <top>175</top>
                    <width>921</width>
                    <height>190</height>
                    <include>FocusedBackgroundFade</include>
					<texture colordiffuse="$VAR[ColorHighlightVar]">listselect_fo.png</texture><fadetime>2000</fadetime>
					<animation effect="fade" end="50" start="0" time="1000" condition="!String.IsEqual(Window(home).Property(cpa_daemon_set),None) + Skin.HasSetting(View.Pulse.Focus)" pulse="true" delay="1000">Conditional</animation>
					<visible>!String.IsEqual(Window(home).Property(cpa_daemon_set),None) + Skin.HasSetting(View.Pulse.Focus)</visible>
                    <animation effect="slide" end="0,178" time="300" tween="cubic" easing="inout" condition="Integer.IsGreater(Container(500).Row,2)">Conditional</animation>
                    <animation effect="slide" end="0,178" time="300" tween="cubic" easing="inout" condition="Integer.IsGreater(Container(500).Row,1)">Conditional</animation>
                    <animation effect="slide" end="0,178" time="300" tween="cubic" easing="inout" condition="Integer.IsGreater(Container(500).Row,0)">Conditional</animation>
                    <animation effect="slide" end="909,0" time="300" tween="cubic" easing="inout" condition="Integer.IsGreater(Container(500).Column,0)">Conditional</animation>
                </control>
                <control type="image">
                	<visible>[Container.Content(files) | Container.Content(episodes)] + Control.HasFocus(500)</visible>
                    <left>106</left>
                    <top>175</top>
                    <width>436</width>
                    <height>369</height>
                    <include>FocusedBackgroundFade</include>
                    <texture colordiffuse="$VAR[LibColorHighlightVar]">$VAR[FocusImage]</texture><fadetime>2000</fadetime>
                    <animation effect="slide" end="0,357" time="300" tween="cubic" easing="inout" condition="Integer.IsGreater(Container(500).Row,0)">Conditional</animation>
                    <animation effect="slide" end="424,0" time="300" tween="cubic" easing="inout" condition="Integer.IsGreater(Container(500).Column,2)">Conditional</animation>
                    <animation effect="slide" end="424,0" time="300" tween="cubic" easing="inout" condition="Integer.IsGreater(Container(500).Column,1)">Conditional</animation>
                    <animation effect="slide" end="424,0" time="300" tween="cubic" easing="inout" condition="Integer.IsGreater(Container(500).Column,0)">Conditional</animation>
                </control>
                <control type="image">
                	<visible>[Container.Content(files) | Container.Content(episodes)] + Control.HasFocus(500)</visible>
                    <left>106</left>
                    <top>175</top>
                    <width>436</width>
                    <height>369</height>
                    <include>FocusedBackgroundFade</include>
					<texture colordiffuse="$VAR[ColorHighlightVar]">listselect_fo.png</texture><fadetime>2000</fadetime>
					<animation effect="fade" end="50" start="0" time="1000" condition="!String.IsEqual(Window(home).Property(cpa_daemon_set),None) + Skin.HasSetting(View.Pulse.Focus)" pulse="true" delay="1000">Conditional</animation>
					<visible>!String.IsEqual(Window(home).Property(cpa_daemon_set),None) + Skin.HasSetting(View.Pulse.Focus)</visible>
                    <animation effect="slide" end="0,357" time="300" tween="cubic" easing="inout" condition="Integer.IsGreater(Container(500).Row,0)">Conditional</animation>
                    <animation effect="slide" end="424,0" time="300" tween="cubic" easing="inout" condition="Integer.IsGreater(Container(500).Column,2)">Conditional</animation>
                    <animation effect="slide" end="424,0" time="300" tween="cubic" easing="inout" condition="Integer.IsGreater(Container(500).Column,1)">Conditional</animation>
                    <animation effect="slide" end="424,0" time="300" tween="cubic" easing="inout" condition="Integer.IsGreater(Container(500).Column,0)">Conditional</animation>
                </control>
                <control type="image">
                	<visible>Container.Content(musicvideos) + Control.HasFocus(500)</visible>
                    <left>62</left>
                    <top>175</top>
                    <width>369</width>
                    <height>369</height>
                    <include>FocusedBackgroundFade</include>
                    <texture colordiffuse="$VAR[LibColorHighlightVar]">$VAR[FocusImage]</texture><fadetime>2000</fadetime>
                    <animation effect="slide" end="0,357" time="300" tween="cubic" easing="inout" condition="Integer.IsGreater(Container(500).Row,0)">Conditional</animation>
                    <animation effect="slide" end="357,0" time="300" tween="cubic" easing="inout" condition="Integer.IsGreater(Container(500).Column,3)">Conditional</animation>
                    <animation effect="slide" end="357,0" time="300" tween="cubic" easing="inout" condition="Integer.IsGreater(Container(500).Column,2)">Conditional</animation>
                    <animation effect="slide" end="357,0" time="300" tween="cubic" easing="inout" condition="Integer.IsGreater(Container(500).Column,1)">Conditional</animation>
                    <animation effect="slide" end="357,0" time="300" tween="cubic" easing="inout" condition="Integer.IsGreater(Container(500).Column,0)">Conditional</animation>
                </control>
                <control type="image">
                	<visible>Container.Content(musicvideos) + Control.HasFocus(500)</visible>
                    <left>62</left>
                    <top>175</top>
                    <width>369</width>
                    <height>369</height>
                    <include>FocusedBackgroundFade</include>
					<texture colordiffuse="$VAR[ColorHighlightVar]">listselect_fo.png</texture><fadetime>2000</fadetime>
					<animation effect="fade" end="50" start="0" time="1000" condition="!String.IsEqual(Window(home).Property(cpa_daemon_set),None) + Skin.HasSetting(View.Pulse.Focus)" pulse="true" delay="1000">Conditional</animation>
					<visible>!String.IsEqual(Window(home).Property(cpa_daemon_set),None) + Skin.HasSetting(View.Pulse.Focus)</visible>
                    <animation effect="slide" end="0,357" time="300" tween="cubic" easing="inout" condition="Integer.IsGreater(Container(500).Row,0)">Conditional</animation>
                    <animation effect="slide" end="357,0" time="300" tween="cubic" easing="inout" condition="Integer.IsGreater(Container(500).Column,3)">Conditional</animation>
                    <animation effect="slide" end="357,0" time="300" tween="cubic" easing="inout" condition="Integer.IsGreater(Container(500).Column,2)">Conditional</animation>
                    <animation effect="slide" end="357,0" time="300" tween="cubic" easing="inout" condition="Integer.IsGreater(Container(500).Column,1)">Conditional</animation>
                    <animation effect="slide" end="357,0" time="300" tween="cubic" easing="inout" condition="Integer.IsGreater(Container(500).Column,0)">Conditional</animation>
                </control>
            </control>
			<control type="panel" id="500">
				<left>51</left>
				<top>181</top>
				<width>1818</width>
				<height>714</height>
				<onleft>SetProperty(MediaMenu,True,home)</onleft>
				<onleft>SetFocus(9050)</onleft>
				<onright condition="Control.IsVisible(60)">60</onright>
				<onup>500</onup>
				<ondown>500</ondown>
				<pagecontrol>60</pagecontrol>
				<preloaditems>2</preloaditems>
				<viewtype label="31086">Icon</viewtype>
				<scrolltime tween="quadratic" easing="out">300</scrolltime>
				<itemlayout height="357" width="242" condition="[[Container.Content(movies) | Container.Content(tvshows) | Container.Content(sets) | Container.Content(seasons)] + !Skin.HasSetting(Enable.IconLandscape) + !Skin.HasSetting(Enable.IconBanner) + !Skin.HasSetting(Enable.IconLogo)] | [Container.Content(seasons) + Skin.HasSetting(Enable.IconLandscape)] | [Container.Content(seasons) + Skin.HasSetting(Enable.IconLogo)] | Container.Content(files)">
					<control type="group">
						<left>62</left>
						<control type="image">
							<top>6</top>
							<left>6</left>
							<width>230</width>
							<height>345</height>
							<aspectratio>scale</aspectratio>
							<texture fallback="DefaultFallback.png" background="true">$VAR[PosterVar]</texture>
						</control>
						<control type="image">
							<top>6</top>
							<left>6</left>
							<width>230</width>
							<height>345</height>
							<texture>thumbs/diffuse.png</texture>
						</control>
						<include content="OverlayIcons">
	                        <param name="OverlayLeft" value="178" />
	                        <param name="OverlayTop" value="4" />
	                    </include>
					</control>
				</itemlayout>
				<focusedlayout height="357" width="242" condition="[[Container.Content(movies) | Container.Content(tvshows) | Container.Content(sets) | Container.Content(seasons)] + !Skin.HasSetting(Enable.IconLandscape) + !Skin.HasSetting(Enable.IconBanner) + !Skin.HasSetting(Enable.IconLogo)] | [Container.Content(seasons) + Skin.HasSetting(Enable.IconLandscape)] | [Container.Content(seasons) + Skin.HasSetting(Enable.IconLogo)]">
					<control type="group">
						<left>62</left>
						<include>PanelFocusedItemZoom</include>
						<control type="image">
							<left>6</left>
							<top>6</top>
							<width>230</width>
							<height>345</height>
							<aspectratio>scale</aspectratio>
							<texture fallback="DefaultFallback.png" background="true">$VAR[PosterVar]</texture>
						</control>
						<include content="OverlayIcons">
	                        <param name="OverlayLeft" value="178" />
	                        <param name="OverlayTop" value="4" />
	                    </include>
					</control>
				</focusedlayout>
				<itemlayout height="238" width="413" condition="[Container.Content(movies) | Container.Content(tvshows)] + !Skin.HasSetting(Enable.IconBanner) + [Skin.HasSetting(Enable.IconLandscape) | Skin.HasSetting(Enable.IconLogo)]">
					<control type="group">
						<left>83</left>
						<control type="group">
							<visible>Skin.HasSetting(Enable.IconLandscape)</visible>
							<control type="image">
								<top>6</top>
								<left>6</left>
								<width>401</width>
								<height>226</height>
								<aspectratio>scale</aspectratio>
								<texture background="true">$VAR[LandscapeArtVar]</texture>
							</control>
							<control type="image">
								<visible>String.IsEmpty(ListItem.Art(landscape))</visible>
								<top>120</top>
				                <left>6</left>
				                <width>401</width>
				                <height>90</height>
				                <texture background="true">$INFO[ListItem.Art(clearlogo)]</texture>
				                <aspectratio align="center" aligny="bottom">keep</aspectratio>
				            </control>
				        </control>
				        <control type="group">
				        	<visible>Skin.HasSetting(Enable.IconLogo)</visible>
				        	<control type="image">
								<top>6</top>
				                <left>16</left>
				                <width>381</width>
				                <height>226</height>
				                <texture background="true">$INFO[ListItem.Art(clearlogo)]</texture>
				                <aspectratio align="center" aligny="center">keep</aspectratio>
				            </control>
				            <control type="group">
								<visible>String.IsEmpty(ListItem.Art(clearlogo))</visible>
								<control type="textbox">
									<left>16</left>
									<top>6</top>
									<width>381</width>
									<height>226</height>
									<align>center</align>
									<aligny>center</aligny>
									<font>font16</font>
									<label>$VAR[FloorLabelVar]</label>
								</control>
							</control>
				        </control>
						<control type="image">
							<top>6</top>
							<left>6</left>
							<width>401</width>
							<height>226</height>
							<texture>thumbs/diffuse.png</texture>
						</control>
						<include content="OverlayIcons" condition="Skin.HasSetting(Enable.IconLandscape)">
	                        <param name="OverlayLeft" value="349" />
	                        <param name="OverlayTop" value="4" />
	                    </include>
					</control>
				</itemlayout>
				<focusedlayout height="238" width="413" condition="[Container.Content(movies) | Container.Content(tvshows)] + !Skin.HasSetting(Enable.IconBanner) + [Skin.HasSetting(Enable.IconLandscape) | Skin.HasSetting(Enable.IconLogo)]">
					<control type="group">
						<left>83</left>
						<animation type="Focus">
				            <effect type="zoom" time="150" start="95" end="100" center="215,116" />
				            <effect type="zoom" time="150" start="105" end="100" delay="150" center="215,116" />
				        </animation>
				        <control type="group">
				        	<visible>Skin.HasSetting(Enable.IconLandscape)</visible>
							<control type="image">
								<left>6</left>
								<top>6</top>
								<width>401</width>
								<height>226</height>
								<aspectratio>scale</aspectratio>
								<texture background="true">$VAR[LandscapeArtVar]</texture>
							</control>
							<control type="image">
								<visible>String.IsEmpty(ListItem.Art(landscape))</visible>
								<top>120</top>
				                <left>6</left>
				                <width>401</width>
				                <height>90</height>
				                <texture background="true">$INFO[ListItem.Art(clearlogo)]</texture>
				                <aspectratio align="center" aligny="bottom">keep</aspectratio>
				            </control>
				        </control>
				        <control type="group">
				        	<visible>Skin.HasSetting(Enable.IconLogo)</visible>
				        	<control type="image">
								<top>6</top>
				                <left>16</left>
				                <width>381</width>
				                <height>226</height>
				                <texture background="true">$INFO[ListItem.Art(clearlogo)]</texture>
				                <aspectratio align="center" aligny="center">keep</aspectratio>
				            </control>
				            <control type="group">
								<visible>String.IsEmpty(ListItem.Art(clearlogo))</visible>
								<control type="textbox">
									<left>16</left>
									<top>6</top>
									<width>381</width>
									<height>226</height>
									<align>center</align>
									<aligny>center</aligny>
									<font>font16</font>
									<label>$VAR[FloorLabelVar]</label>
								</control>
							</control>
				        </control>
						<include content="OverlayIcons" condition="Skin.HasSetting(Enable.IconLandscape)">
	                        <param name="OverlayLeft" value="349" />
	                        <param name="OverlayTop" value="4" />
	                    </include>
					</control>
				</focusedlayout>
				<itemlayout height="178" width="909" condition="Skin.HasSetting(Enable.IconBanner) + !Container.Content(episodes)">
					<control type="image">
						<top>6</top>
						<left>6</left>
						<width>897</width>
						<height>166</height>
						<aspectratio>scale</aspectratio>
						<texture background="true">$VAR[BannerThumb]</texture>
						<visible>!String.IsEmpty(ListItem.Art(banner)) | String.IsEmpty(ListItem.Art(fanart))</visible>
					</control>
					<control type="image">
						<top>6</top>
						<left>6</left>
						<width>897</width>
						<height>166</height>
						<aspectratio align="center" aligny="center">keep</aspectratio>
						<texture background="true">$INFO[ListItem.Icon]</texture>
						<visible>String.IsEmpty(ListItem.Art(banner)) + String.IsEmpty(ListItem.Art(fanart))</visible>
					</control>
					<control type="group">
						<visible>String.IsEmpty(ListItem.Art(banner))</visible>
						<control type="image">
							<top>6</top>
							<left>6</left>
							<width>897</width>
							<height>166</height>
							<aspectratio>scale</aspectratio>
							<texture background="true">$INFO[ListItem.Art(fanart)]</texture>
						</control>
						<control type="image">
							<top>11</top>
							<left>15</left>
							<width>867</width>
							<height>156</height>
							<aspectratio align="left">keep</aspectratio>
							<texture background="true">$INFO[ListItem.Art(clearlogo)]</texture>
						</control>
					</control>
					<control type="image">
						<top>6</top>
						<left>6</left>
						<width>897</width>
						<height>166</height>
						<texture>thumbs/diffuse.png</texture>
					</control>
					<include content="OverlayIcons">
                        <param name="OverlayLeft" value="845" />
                        <param name="OverlayTop" value="4" />
                    </include>
				</itemlayout>
				<focusedlayout height="178" width="909" condition="Skin.HasSetting(Enable.IconBanner) + !Container.Content(episodes)">
					<control type="group">
						<include>PanelFocusedItemZoom</include>
						<control type="group">
							<visible>!String.IsEmpty(ListItem.Art(banner)) | String.IsEmpty(ListItem.Art(fanart))</visible>
							<control type="image">
								<top>6</top>
								<left>6</left>
								<width>897</width>
								<height>166</height>
								<aspectratio>scale</aspectratio>
								<texture background="true">$VAR[BannerThumb]</texture>
							</control>
						</control>
						<control type="group">
							<visible>String.IsEmpty(ListItem.Art(banner)) + String.IsEmpty(ListItem.Art(fanart))</visible>
							<control type="image">
								<top>6</top>
								<left>6</left>
								<width>897</width>
								<height>166</height>
								<aspectratio>keep</aspectratio>
								<texture background="true">$INFO[ListItem.Icon]</texture>
							</control>
						</control>
						<control type="group">
							<visible>String.IsEmpty(ListItem.Art(banner))</visible>
							<control type="image">
								<top>6</top>
								<left>6</left>
								<width>897</width>
								<height>166</height>
								<aspectratio>scale</aspectratio>
								<texture background="true">$INFO[ListItem.Art(fanart)]</texture>
							</control>
							<control type="image">
								<top>11</top>
								<left>15</left>
								<width>867</width>
								<height>156</height>
								<aspectratio align="left">keep</aspectratio>
								<texture background="true">$INFO[ListItem.Art(clearlogo)]</texture>
							</control>
						</control>
						<include content="OverlayIcons">
	                        <param name="OverlayLeft" value="845" />
	                        <param name="OverlayTop" value="4" />
	                    </include>
					</control>
				</focusedlayout>
				<itemlayout height="357" width="424" condition="Container.Content(files) | Container.Content(episodes)">
					<control type="group">
						<left>61</left>
						<control type="image">
							<left>6</left>
							<top>6</top>
							<width>412</width>
							<height>345</height>
							<aspectratio>scale</aspectratio>
							<texture fallback="DefaultFallback.png" background="true">$VAR[ThumbVar]</texture>
						</control>
						<control type="image">
							<left>6</left>
							<top>6</top>
							<width>412</width>
							<height>345</height>
							<texture border="0,0,0,50">thumbs/diffuse_music.png</texture>
						</control>
						<control type="label">
							<left>6</left>
							<top>304</top>
							<width>412</width>
							<height>40</height>
							<align>center</align>
							<textoffsetx>10</textoffsetx>
							<info>ListItem.Label</info>
						</control>
						<include content="OverlayIcons">
	                        <param name="OverlayLeft" value="360" />
	                        <param name="OverlayTop" value="4" />
	                    </include>
					</control>
				</itemlayout>
				<focusedlayout height="357" width="424" condition="Container.Content(files) | Container.Content(episodes)">
					<control type="group">
						<left>61</left>
						<include>PanelFocusedItemZoom</include>
						<control type="image">
							<left>6</left>
							<top>6</top>
							<width>412</width>
							<height>345</height>
							<aspectratio>scale</aspectratio>
							<texture fallback="DefaultFallback.png" background="true">$VAR[ThumbVar]</texture>
						</control>
						<control type="group">
							<animation center="auto" condition="Control.HasFocus(500)" easing="inout" effect="fade" end="0" start="100" time="300" tween="sine">Focus</animation>
							<animation center="auto" condition="Control.HasFocus(500)" easing="inout" effect="fade" end="100" start="0" time="300" tween="sine">UnFocus</animation>
							<control type="image">
								<left>6</left>
								<top>6</top>
								<width>412</width>
								<height>345</height>
								<texture border="0,0,0,50">thumbs/diffuse_music.png</texture>
							</control>
							<control type="label">
								<left>6</left>
								<top>304</top>
								<width>412</width>
								<height>40</height>
								<align>center</align>
								<textoffsetx>10</textoffsetx>
								<info>ListItem.Label</info>
							</control>
						</control>
						<include content="OverlayIcons">
	                        <param name="OverlayLeft" value="360" />
	                        <param name="OverlayTop" value="4" />
	                    </include>
					</control>
				</focusedlayout>
				<itemlayout height="357" width="357" condition="Container.Content(musicvideos)">
					<control type="group">
						<left>17</left>
						<control type="image">
							<left>6</left>
							<top>6</top>
							<width>345</width>
							<height>345</height>
							<aspectratio>scale</aspectratio>
							<texture fallback="DefaultMusicVideos.png" background="true">$INFO[ListItem.Art(thumb)]</texture>
						</control>
						<control type="image">
							<left>6</left>
							<top>6</top>
							<width>345</width>
							<height>345</height>
							<texture>thumbs/diffuse.png</texture>
						</control>
						<control type="image">
							<left>6</left>
							<top>301</top>
							<width>345</width>
							<height>50</height>
							<texture>black.png</texture>
							<colordiffuse>bbffffff</colordiffuse>
						</control>
						<control type="label">
							<left>6</left>
							<top>304</top>
							<width>345</width>
							<height>40</height>
							<align>center</align>
							<textoffsetx>10</textoffsetx>
							<label>$INFO[ListItem.Label]</label>
						</control>
						<include content="OverlayIcons">
	                        <param name="OverlayLeft" value="293" />
	                        <param name="OverlayTop" value="4" />
	                    </include>
					</control>
				</itemlayout>
				<focusedlayout height="357" width="357" condition="Container.Content(musicvideos)">
					<control type="group">
						<left>17</left>
						<include>PanelFocusedItemZoom</include>
						<control type="image">
							<left>6</left>
							<top>6</top>
							<width>345</width>
							<height>345</height>
							<aspectratio>scale</aspectratio>
							<texture fallback="DefaultMusicVideos.png" background="true">$INFO[ListItem.Art(thumb)]</texture>
						</control>
						<control type="image">
							<left>6</left>
							<top>301</top>
							<width>345</width>
							<height>50</height>
							<texture>black.png</texture>
							<colordiffuse>bbffffff</colordiffuse>
						</control>
						<control type="label">
							<left>6</left>
							<top>304</top>
							<width>345</width>
							<height>40</height>
							<align>center</align>
							<textoffsetx>10</textoffsetx>
							<label>$INFO[ListItem.Label]</label>
						</control>
						<include content="OverlayIcons">
	                        <param name="OverlayLeft" value="293" />
	                        <param name="OverlayTop" value="4" />
	                    </include>
					</control>
				</focusedlayout>
			</control>
			<control type="group">
				<animation effect="slide" time="0" start="0" end="20" condition="[Skin.HasSetting(Enable.IconLandscape) | Skin.HasSetting(Enable.IconLogo)] + !Container.Content(seasons)">Conditional</animation>
				<animation effect="slide" time="0" start="0" end="-60" condition="Skin.HasSetting(Enable.IconBanner) + !Container.Content(episodes)">Conditional</animation>
				<animation effect="slide" time="0" start="0" end="-48" condition="Container.Content(musicvideos)">Conditional</animation>
				<left>90</left>
				<top>910</top>
				<visible>!String.IsEqual(Container.SortMethod,$LOCALIZE[13409]) + !Skin.HasSetting(Enable.MediaFlags)</visible>
				<include>VisibleFadeEffect</include>
				<control type="label">
					<width>1740</width>
					<height>42</height>
					<font>font28_title</font>
					<scroll>true</scroll>
					<label>$INFO[ListItem.Label]</label>
					<textoffsetx>30</textoffsetx>
				</control>
				<control type="label">
					<visible>!Container.Content(sets)</visible>
					<left>0</left>
					<top>45</top>
					<width>1740</width>
					<height>30</height>
					<font>font13_title</font>
					<textcolor>$VAR[ColorHighlightVar]</textcolor>
					<label>$VAR[FloorSubLabelVar]</label>
					<textoffsetx>30</textoffsetx>
				</control>
			</control>
			<control type="group">
				<animation effect="slide" time="0" start="0" end="20" condition="[Skin.HasSetting(Enable.IconLandscape) | Skin.HasSetting(Enable.IconLogo)] + !Container.Content(seasons)">Conditional</animation>
				<animation effect="slide" time="0" start="0" end="-60" condition="Skin.HasSetting(Enable.IconBanner) + !Container.Content(episodes)">Conditional</animation>
				<animation effect="slide" time="0" start="0" end="-48" condition="Container.Content(musicvideos)">Conditional</animation>
				<left>90</left>
				<top>910</top>
				<visible>String.IsEqual(Container.SortMethod,$LOCALIZE[13409]) | Skin.HasSetting(Enable.MediaFlags)</visible>
				<include>VisibleFadeEffect</include>
				<control type="label">
					<width>1280</width>
					<height>42</height>
					<font>font28_title</font>
					<scroll>true</scroll>
					<label>$INFO[ListItem.Label]</label>
					<textoffsetx>30</textoffsetx>
				</control>
				<control type="label">
					<left>0</left>
					<top>45</top>
					<width>1280</width>
					<height>30</height>
					<font>font13_title</font>
					<textcolor>$VAR[ColorHighlightVar]</textcolor>
					<label>$VAR[FloorSubLabelVar]</label>
					<textoffsetx>30</textoffsetx>
				</control>
			</control>
			<control type="group">
				<animation effect="slide" time="0" start="0" end="-20" condition="[Skin.HasSetting(Enable.IconLandscape) | Skin.HasSetting(Enable.IconLogo)]">Conditional</animation>
				<animation effect="slide" time="0" start="0" end="60" condition="Skin.HasSetting(Enable.IconBanner) + !Container.Content(episodes)">Conditional</animation>
				<animation effect="slide" time="0" start="0" end="40" condition="Container.Content(musicvideos)">Conditional</animation>
				<control type="group">
					<left>1480</left>
					<top>925</top>
					<width>468</width>
					<height>73</height>
					<include>VisibleFadeEffect</include>
					<visible>String.IsEqual(Container.SortMethod,$LOCALIZE[13409])</visible>
					<control type="image">
						<height>50</height>
						<colordiffuse>$VAR[ColorTextVar]</colordiffuse>
						<texture>imdb.png</texture>
						<aspectratio align="left" aligny="top">keep</aspectratio>
					</control>
					<control type="label">
						<left>22</left>
						<top>2</top>
						<width>200</width>
						<height>42</height>
						<label>[UPPERCASE]$LOCALIZE[13409][/UPPERCASE] $INFO[ListItem.Top250,#]</label>
					</control>
				</control>
				<include condition="Skin.HasSetting(Enable.MediaFlags)" content="MediaFlags">
					<param name="left" value="975" />
					<param name="top" value="905" />
					<param name="align" value="right" />
				</include>
			</control>
		</control>
		<control type="group">
			<visible>Control.IsVisible(500) + !Window.IsActive(addoninformation)</visible>
			<top>-15</top>
			<include>Scrollbar_Vertical</include>
		</control>
	</include>
	<!-- Music Wall -->
	<include name="MusicWall">
		<control type="group">
			<visible>Control.IsVisible(500) + !Window.IsActive(addoninformation)</visible>
			<include>Animation.Common</include>
			<control type="image">
				<visible>Control.HasFocus(500)</visible>
                <left>114</left>
                <top>115</top>
                <width>292</width>
                <height>292</height>
                <include>FocusedBackgroundFade</include>
                <texture colordiffuse="$VAR[LibColorHighlightVar]">$VAR[FocusImage]</texture><fadetime>2000</fadetime>
                <animation effect="slide" end="0,280" time="300" tween="cubic" easing="inout" condition="Integer.IsGreater(Container(500).Row,1)">Conditional</animation>
                <animation effect="slide" end="0,280" time="300" tween="cubic" easing="inout" condition="Integer.IsGreater(Container(500).Row,0)">Conditional</animation>
                <animation effect="slide" end="280,0" time="300" tween="cubic" easing="inout" condition="Integer.IsGreater(Container(500).Column,4)">Conditional</animation>
                <animation effect="slide" end="280,0" time="300" tween="cubic" easing="inout" condition="Integer.IsGreater(Container(500).Column,3)">Conditional</animation>
                <animation effect="slide" end="280,0" time="300" tween="cubic" easing="inout" condition="Integer.IsGreater(Container(500).Column,2)">Conditional</animation>
                <animation effect="slide" end="280,0" time="300" tween="cubic" easing="inout" condition="Integer.IsGreater(Container(500).Column,1)">Conditional</animation>
                <animation effect="slide" end="280,0" time="300" tween="cubic" easing="inout" condition="Integer.IsGreater(Container(500).Column,0)">Conditional</animation>
            </control>
			<control type="panel" id="500">
				<left>120</left>
				<top>121</top>
				<width>1680</width>
				<height>840</height>
				<onleft>SetProperty(MediaMenu,True,home)</onleft>
				<onleft>SetFocus(9050)</onleft>
				<onright condition="Control.IsVisible(60)">60</onright>
				<onup>500</onup>
				<ondown>500</ondown>
				<pagecontrol>60</pagecontrol>
				<viewtype label="31086">Icon</viewtype>
				<scrolltime tween="quadratic" easing="out">300</scrolltime>
				<itemlayout height="280" width="280">
					<control type="image">
						<top>6</top>
						<left>6</left>
						<width>268</width>
						<height>268</height>
						<aspectratio>scale</aspectratio>
						<texture background="true" fallback="DefaultFallback.png">$VAR[ThumbVar]</texture>
					</control>
					<control type="image">
						<top>6</top>
						<left>6</left>
						<width>268</width>
						<height>268</height>
						<texture>thumbs/diffuse.png</texture>
					</control>
					<control type="group">
						<visible>Container.Content(artists)</visible>
						<control type="image">
							<top>224</top>
							<left>6</left>
							<width>268</width>
							<height>50</height>
							<texture>black.png</texture>
							<colordiffuse>bbffffff</colordiffuse>
						</control>
						<control type="label">
							<left>6</left>
							<top>234</top>
							<width>268</width>
							<height>28</height>
							<align>center</align>
							<textoffsetx>4</textoffsetx>
							<info>ListItem.Label</info>
						</control>
					</control>
				</itemlayout>
				<focusedlayout height="280" width="280">
					<control type="group">
						<include>PanelFocusedItemZoom</include>
						<control type="image">
							<top>6</top>
							<left>6</left>
							<width>268</width>
							<height>268</height>
							<aspectratio>scale</aspectratio>
							<texture fallback="DefaultFallback.png" background="true">$VAR[ThumbVar]</texture>
						</control>
						<control type="group">
							<visible>Container.Content(artists)</visible>
							<control type="image">
								<top>224</top>
								<left>6</left>
								<width>268</width>
								<height>50</height>
								<texture>black.png</texture>
								<colordiffuse>bbffffff</colordiffuse>
							</control>
							<control type="label">
								<left>6</left>
								<top>234</top>
								<width>268</width>
								<height>28</height>
								<align>center</align>
								<textoffsetx>4</textoffsetx>
								<info>ListItem.Label</info>
							</control>
						</control>
					</control>
				</focusedlayout>
			</control>
			<control type="group">
				<left>95</left>
				<top>970</top>
				<control type="label">
					<left>0</left>
					<top>0</top>
					<width>1300</width>
					<height>42</height>
					<font>font28_title</font>
					<scroll>true</scroll>
					<label>$INFO[ListItem.Label]</label>
					<textoffsety>-2</textoffsety>
					<textoffsetx>30</textoffsetx>
				</control>
				<control type="label">
					<left>0</left>
					<top>45</top>
					<width>1300</width>
					<height>30</height>
					<font>font13_title</font>
					<textcolor>$VAR[ColorHighlightVar]</textcolor>
					<label>$VAR[FloorLabel2Var]</label>
					<textoffsetx>30</textoffsetx>
				</control>
			</control>
		</control>
		<control type="group">
			<visible>Control.IsVisible(500) + !Window.IsActive(addoninformation)</visible>
			<top>-15</top>
			<include>Scrollbar_Vertical</include>
		</control>
	</include>
	<!-- Picture Wall -->
	<include name="PictureWall">
		<control type="group">
			<visible>Control.IsVisible(510) + !Window.IsActive(addoninformation)</visible>
			<include>Animation.Common</include>
			<control type="image">
				<visible>Control.HasFocus(510)</visible>
                <left>106</left>
                <top>190</top>
                <width>436</width>
                <height>369</height>
                <include>FocusedBackgroundFade</include>
                <texture colordiffuse="$VAR[LibColorHighlightVar]">$VAR[FocusImage]</texture><fadetime>2000</fadetime>
                <animation effect="slide" end="0,357" time="300" tween="cubic" easing="inout" condition="Integer.IsGreater(Container(510).Row,0)">Conditional</animation>
                <animation effect="slide" end="424,0" time="300" tween="cubic" easing="inout" condition="Integer.IsGreater(Container(510).Column,2)">Conditional</animation>
                <animation effect="slide" end="424,0" time="300" tween="cubic" easing="inout" condition="Integer.IsGreater(Container(510).Column,1)">Conditional</animation>
                <animation effect="slide" end="424,0" time="300" tween="cubic" easing="inout" condition="Integer.IsGreater(Container(510).Column,0)">Conditional</animation>
            </control>
			<control type="panel" id="510">
				<left>112</left>
				<top>196</top>
				<width>1696</width>
				<height>714</height>
				<onleft>SetProperty(MediaMenu,True,home)</onleft>
				<onleft>SetFocus(9050)</onleft>
				<onright condition="Control.IsVisible(60)">60</onright>
				<onup>510</onup>
				<ondown>510</ondown>
				<pagecontrol>60</pagecontrol>
				<preloaditems>2</preloaditems>
				<scrolltime tween="quadratic" easing="out">300</scrolltime>
				<viewtype label="31086">Icon</viewtype>
				<itemlayout height="357" width="424">
					<control type="image">
						<left>6</left>
						<top>6</top>
						<width>412</width>
						<height>345</height>
						<aspectratio>scale</aspectratio>
						<texture fallback="DefaultPicture.png" background="true">$INFO[ListItem.Art(thumb)]</texture>
					</control>
					<control type="image">
						<left>6</left>
						<top>6</top>
						<width>412</width>
						<height>345</height>
						<texture>thumbs/diffuse.png</texture>
					</control>
					<control type="group">
						<visible>!Skin.HasSetting(PictureInfo.Disabled)</visible>
						<control type="image">
							<left>6</left>
							<top>301</top>
							<width>412</width>
							<height>50</height>
							<texture>black.png</texture>
							<colordiffuse>bbffffff</colordiffuse>
						</control>
						<control type="label">
							<left>6</left>
							<top>311</top>
							<width>412</width>
							<height>28</height>
							<align>center</align>
							<textoffsetx>10</textoffsetx>
							<info>ListItem.Label</info>
						</control>
					</control>
				</itemlayout>
				<focusedlayout height="357" width="424">
					<control type="group">
						<include>PanelFocusedItemZoom</include>
						<control type="image">
							<left>6</left>
							<top>6</top>
							<width>412</width>
							<height>345</height>
							<aspectratio>scale</aspectratio>
							<texture fallback="DefaultPicture.png" background="true">$INFO[ListItem.Art(thumb)]</texture>
						</control>
						<control type="group">
							<animation center="auto" condition="Control.HasFocus(510)" easing="inout" effect="fade" end="0" start="100" time="300" tween="sine">Focus</animation>
							<animation center="auto" condition="Control.HasFocus(510)" easing="inout" effect="fade" end="100" start="0" time="300" tween="sine">UnFocus</animation>
							<control type="group">
								<visible>!Skin.HasSetting(PictureInfo.Disabled)</visible>
								<control type="image">
									<left>6</left>
									<top>301</top>
									<width>412</width>
									<height>50</height>
									<texture>black.png</texture>
									<colordiffuse>bbffffff</colordiffuse>
								</control>
								<control type="label">
									<left>6</left>
									<top>311</top>
									<width>412</width>
									<height>28</height>
									<align>center</align>
									<textoffsetx>10</textoffsetx>
									<info>ListItem.Label</info>
								</control>
							</control>
						</control>
					</control>
				</focusedlayout>
			</control>
			<control type="group">
				<visible>!Skin.HasSetting(PictureInfo.Disabled) + !Container.Content(addons)</visible>
				<control type="group">
					<left>90</left>
					<top>925</top>
					<include>VisibleFadeEffect</include>
					<control type="label">
						<width>1150</width>
						<height>42</height>
						<aligny>top</aligny>
						<font>font16_title</font>
						<scroll>true</scroll>
						<label>$INFO[ListItem.Label]</label>
						<textoffsety>-2</textoffsety>
						<textoffsetx>30</textoffsetx>
					</control>
				</control>
			</control>
		</control>
		<control type="group">
			<visible>Control.IsVisible(510) + !Window.IsActive(addoninformation)</visible>
			<top>-15</top>
			<include>Scrollbar_Vertical</include>
		</control>
	</include>
	<!-- Addon Wall -->
	<include name="AddonWall">
		<control type="group">
			<visible>Control.IsVisible(520) + !Window.IsActive(addoninformation)</visible>
			<include>Animation.Common</include>
			<control type="image">
				<visible>Control.HasFocus(520)</visible>
                <left>194</left>
                <top>165</top>
                <width>392</width>
                <height>392</height>
                <include>FocusedBackgroundFade</include>
                <texture colordiffuse="$VAR[LibColorHighlightVar]">$VAR[FocusImage]</texture><fadetime>2000</fadetime>
                <animation effect="slide" end="0,380" time="300" tween="cubic" easing="inout" condition="Integer.IsGreater(Container(520).Row,0)">Conditional</animation>
                <animation effect="slide" end="380,0" time="300" tween="cubic" easing="inout" condition="Integer.IsGreater(Container(520).Column,2)">Conditional</animation>
                <animation effect="slide" end="380,0" time="300" tween="cubic" easing="inout" condition="Integer.IsGreater(Container(520).Column,1)">Conditional</animation>
                <animation effect="slide" end="380,0" time="300" tween="cubic" easing="inout" condition="Integer.IsGreater(Container(520).Column,0)">Conditional</animation>
            </control>
			<control type="image">
				<visible>Control.HasFocus(520)</visible>
                <left>194</left>
                <top>165</top>
                <width>392</width>
                <height>392</height>
                <include>FocusedBackgroundFade</include>
                <texture colordiffuse="$VAR[ColorHighlightVar]">listselect_fo.png</texture><fadetime>2000</fadetime>
                <animation effect="slide" end="0,380" time="300" tween="cubic" easing="inout" condition="Integer.IsGreater(Container(520).Row,0)">Conditional</animation>
                <animation effect="slide" end="380,0" time="300" tween="cubic" easing="inout" condition="Integer.IsGreater(Container(520).Column,2)">Conditional</animation>
                <animation effect="slide" end="380,0" time="300" tween="cubic" easing="inout" condition="Integer.IsGreater(Container(520).Column,1)">Conditional</animation>
                <animation effect="slide" end="380,0" time="300" tween="cubic" easing="inout" condition="Integer.IsGreater(Container(520).Column,0)">Conditional</animation>
                <animation effect="fade" end="50" start="0" time="1000" condition="!String.IsEqual(Window(home).Property(cpa_daemon_set),None) + Skin.HasSetting(View.Pulse.Focus)" pulse="true" delay="1000">Conditional</animation>
            	<visible>!String.IsEqual(Window(home).Property(cpa_daemon_set),None) + Skin.HasSetting(View.Pulse.Focus)</visible>
            </control>
			<control type="panel" id="520">
				<left>200</left>
				<top>171</top>
				<width>1520</width>
				<height>760</height>
				<onleft>SetProperty(MediaMenu,True,home)</onleft>
				<onleft>SetFocus(9050)</onleft>
				<onright condition="Control.IsVisible(60)">60</onright>
				<onup>520</onup>
				<ondown>520</ondown>
				<pagecontrol>60</pagecontrol>
				<preloaditems>2</preloaditems>
				<scrolltime tween="quadratic" easing="out">300</scrolltime>
				<viewtype label="31086">Icon</viewtype>
				<itemlayout height="380" width="380">
					<control type="image">
						<top>6</top>
						<left>6</left>
						<width>368</width>
						<height>368</height>
						<aspectratio aligny="top">scale</aspectratio>
						<texture fallback="DefaultAddon.png" background="true">$INFO[ListItem.Art(thumb)]</texture>
					</control>
					<control type="image">
						<top>6</top>
						<left>6</left>
						<width>368</width>
						<height>368</height>
						<texture border="0,0,0,50">thumbs/diffuse_music.png</texture>
					</control>
					<control type="label">
						<left>6</left>
						<top>331</top>
						<width>368</width>
						<height>30</height>
						<align>center</align>
						<textoffsetx>10</textoffsetx>
						<info>ListItem.Label</info>
					</control>
				</itemlayout>
				<focusedlayout height="380" width="380">
					<control type="group">
						<include>PanelFocusedItemZoom</include>
						<control type="image">
							<top>6</top>
							<left>6</left>
							<width>368</width>
							<height>368</height>
							<aspectratio aligny="top">scale</aspectratio>
							<texture fallback="DefaultAddon.png" background="true">$INFO[ListItem.Art(thumb)]</texture>
						</control>
						<control type="group">
							<animation center="auto" condition="Control.HasFocus(520)" easing="inout" effect="fade" end="0" start="100" time="300" tween="sine">Focus</animation>
							<animation center="auto" condition="Control.HasFocus(520)" easing="inout" effect="fade" end="100" start="0" time="300" tween="sine">UnFocus</animation>
							<control type="image">
								<top>6</top>
								<left>6</left>
								<width>368</width>
								<height>368</height>
								<texture border="0,0,0,50">thumbs/diffuse_music.png</texture>
							</control>
							<control type="label">
								<left>6</left>
								<top>331</top>
								<width>368</width>
								<height>30</height>
								<align>center</align>
								<textoffsetx>10</textoffsetx>
								<info>ListItem.Label</info>
							</control>
						</control>
					</control>
				</focusedlayout>
			</control>
			<control type="group">
				<top>945</top>
				<left>176</left>
				<control type="group">
					<control type="label">
						<left>0</left>
						<top>0</top>
						<width>1520</width>
						<height>45</height>
						<font>font28_title</font>
						<scroll>true</scroll>
						<label>$INFO[ListItem.Label]</label>
						<textoffsetx>30</textoffsetx>
					</control>
					<control type="label">
						<left>0</left>
						<top>45</top>
						<width>1520</width>
						<height>30</height>
						<font>font13_title</font>
						<textcolor>$VAR[ColorHighlightVar]</textcolor>
						<label>$INFO[ListItem.AddonSummary]</label>
						<textoffsetx>30</textoffsetx>
					</control>
				</control>
			</control>
		</control>
		<control type="group">
			<visible>Control.IsVisible(520) + !Window.IsActive(addoninformation)</visible>
			<animation effect="slide" time="0" start="0,0" end="0,-15" condition="Window.IsActive(videos) | Window.IsActive(pictures) | Window.IsActive(music)">Conditional</animation>
			<include>Scrollbar_Vertical</include>
		</control>
	</include>
</includes>