<?xml version="1.0" encoding="UTF-8"?>
<includes>
	<!-- Video Episode -->
	<include name="VideoEpisode">
		<control type="group">
			<visible>Control.IsVisible(502) + !Window.IsActive(addoninformation)</visible>
			<include>Animation.Common</include>
			<control type="group">
				<left>0</left>
				<top>-15</top>
				<control type="image">
					<left>50</left>
					<top>870</top>
					<width>390</width>
					<height>164</height>
					<aspectratio aligny="bottom">keep</aspectratio>
					<texture background="true">$INFO[ListItem.Art(tvshow.clearlogo)]</texture>
				</control>
				<control type="fixedlist" id="502">
					<left>60</left>
					<top>180</top>
					<width>1820</width>
					<height>780</height>
					<orientation>vertical</orientation>
					<movement>2</movement>
					<focusposition>3</focusposition>
					<onleft>SetProperty(MediaMenu,True,home)</onleft>
					<onleft>SetFocus(9050)</onleft>
									<onright condition="Control.IsVisible(60)">60</onright>
					<onup>502</onup>
					<ondown>502</ondown>
					<pagecontrol>60</pagecontrol>
					<viewtype label="31093">list</viewtype>
					<scrolltime tween="quadratic" easing="out">200</scrolltime>
					<animation effect="slide" end="0,0" time="160" condition="Container(502).Row(0)">Conditional</animation>
					<animation effect="slide" end="0,0" time="160" condition="Container(502).Row(1)">Conditional</animation>
					<animation effect="slide" end="0,0" time="160" condition="Container(502).Row(2)">Conditional</animation>
					<animation effect="slide" end="0,0" time="160" condition="Container(502).Row(3)">Conditional</animation>
					<animation effect="slide" end="0,0" time="160" condition="Container(502).Row(4)">Conditional</animation>
					<animation effect="slide" end="0,0" time="160" condition="Container(502).Row(5)">Conditional</animation>
					<itemlayout height="100" width="1820" condition="Container.Content(episodes)">
						<control type="label">
							<left>925</left>
							<width>790</width>
							<height>70</height>
							<font>font30</font>
							<align>right</align>
							<label>$INFO[ListItem.Label]</label>
						</control>
						<control type="image">
							<left>1750</left>
							<top>5</top>
							<width>64</width>
							<height>64</height>
							<aspectratio>keep</aspectratio>
							<texture>$VAR[OverlayVar]</texture>
						</control>
					</itemlayout>
					<focusedlayout height="275" width="1820" condition="Container.Content(episodes)">
						<control type="image">
							<left>1250</left>
							<top>-25</top>
							<width>484</width>
							<height>290</height>
							<aspectratio>scale</aspectratio>
							<texture fallback="DefaultFallback.png" background="true">$VAR[ThumbVar]</texture>
							<fadetime>IconCrossfadeTime</fadetime>
							<bordersize>20</bordersize>
						</control>
						<control type="image">
							<left>1270</left>
							<top>195</top>
							<width>444</width>
							<height>50</height>
							<texture>black.png</texture>
							<colordiffuse>bbffffff</colordiffuse>
							<visible>!String.IsEmpty(ListItem.Label2)</visible>
						</control>
						<control type="label">
							<left>1270</left>
							<top>200</top>
							<width>444</width>
							<height>40</height>
							<textoffsetx>10</textoffsetx>
							<label>$INFO[ListItem.Label2]</label>
							<font>font14</font>
						</control>
						<control type="label">
							<left>1271</left>
							<top>200</top>
							<width>444</width>
							<height>40</height>
							<align>right</align>
							<textoffsetx>10</textoffsetx>
							<label>$VAR[ListSubLabelVar]</label>
							<font>font14</font>
						</control>
						<control type="label">
							<top>-15</top>
							<width>1220</width>
							<height>70</height>
							<font>font30</font>
							<selectedcolor>$VAR[ColorHighlightVar]</selectedcolor>
							<align>right</align>
							<label>$INFO[ListItem.Label]</label>
						</control>
						<control type="textbox">
							<label>$VAR[VideoPlotVar]</label>
							<top>60</top>
							<left>370</left>
							<width>850</width>
							<height>182</height>
							<align>right</align>
							<font>font15_textbox</font>
							<autoscroll time="3000" delay="4000" repeat="5000">Skin.HasSetting(Enable.AutoScroll)</autoscroll>
						</control>
						<control type="image">
							<left>1750</left>
							<top>94</top>
							<width>64</width>
							<height>64</height>
							<aspectratio>keep</aspectratio>
							<texture>$VAR[OverlayVar]</texture>
						</control>
					</focusedlayout>
				</control>
			</control>
		</control>
		<control type="group">
			<visible>Control.IsVisible(502) + !Window.IsActive(addoninformation)</visible>
			<top>-15</top>
			<include>Scrollbar_Vertical</include>
		</control>
	</include>
</includes>