<?xml version="1.0" encoding="UTF-8"?>
<includes>
	<!-- List -->
	<include name="View_50_List">
		<control type="group">
			<visible>Control.IsVisible(50) + !Window.IsActive(addoninformation)</visible>
			<include>Animation.Common</include>
			<control type="group">
				<left>90</left>
				<top>-30</top>
				<animation effect="slide" start="0,0" end="0,15" time="0" tween="cubic" easing="inout" condition="Window.IsActive(addonbrowser) | Window.IsActive(programs) | $EXP[PluginAdvancedLauncher]">Conditional</animation>
				<control type="group">
	                <visible>Integer.IsGreater(Container(50).NumItems,0) + ![[Skin.HasSetting(Enable.SlimList.Movies) + [Container.Content(movies) | Container.Content(movie)]] | [Skin.HasSetting(Enable.SlimList.Misc) + ![Container.Content(movies) | Container.Content(movie)]]]</visible>
	                <visible>Integer.IsGreater(Container(50).NumItems,0) + ![[Skin.HasSetting(Enable.WideList.Movies) + [Container.Content(movies) | Container.Content(movie)]] | [Skin.HasSetting(Enable.WideList.Misc) + ![Container.Content(movies) | Container.Content(movie)]]]</visible>
	                <control type="image">
	                    <top>195</top>
	                    <width>1150</width>
	                    <height>120</height>
	                    <visible>Control.HasFocus(50)</visible>
	                    <animation effect="fade" time="320" delay="200">Visible</animation>
	                    <animation effect="fade" time="50">Hidden</animation>
	                    <texture colordiffuse="$VAR[ListColorHighlightVar]">listselect_fo.png</texture><fadetime>2000</fadetime>
	                    <animation effect="slide" end="0,120" time="300" tween="cubic" easing="inout" condition="Integer.IsGreater(Container(50).Row,5)">Conditional</animation>
	                    <animation effect="slide" end="0,120" time="300" tween="cubic" easing="inout" condition="Integer.IsGreater(Container(50).Row,4)">Conditional</animation>
	                    <animation effect="slide" end="0,120" time="300" tween="cubic" easing="inout" condition="Integer.IsGreater(Container(50).Row,3)">Conditional</animation>
	                    <animation effect="slide" end="0,120" time="300" tween="cubic" easing="inout" condition="Integer.IsGreater(Container(50).Row,2)">Conditional</animation>
	                    <animation effect="slide" end="0,120" time="300" tween="cubic" easing="inout" condition="Integer.IsGreater(Container(50).Row,1)">Conditional</animation>
	                    <animation effect="slide" end="0,120" time="300" tween="cubic" easing="inout" condition="Integer.IsGreater(Container(50).Row,0)">Conditional</animation>
	                </control>
	            </control>
	            <control type="group">
	                <visible>Integer.IsGreater(Container(50).NumItems,0) + ![[Skin.HasSetting(Enable.SlimList.Movies) + [Container.Content(movies) | Container.Content(movie)]] | [Skin.HasSetting(Enable.SlimList.Misc) + ![Container.Content(movies) | Container.Content(movie)]]]</visible>
	                <visible>Integer.IsGreater(Container(50).NumItems,0) + [[Skin.HasSetting(Enable.WideList.Movies) + [Container.Content(movies) | Container.Content(movie)]] | [Skin.HasSetting(Enable.WideList.Misc) + ![Container.Content(movies) | Container.Content(movie)]]]</visible>
	                <control type="image">
	                    <top>195</top>
	                    <width>1740</width>
	                    <height>120</height>
	                    <visible>Control.HasFocus(50)</visible>
	                    <animation effect="fade" time="320" delay="200">Visible</animation>
	                    <animation effect="fade" time="50">Hidden</animation>
	                    <texture colordiffuse="$VAR[ListColorHighlightVar]">listselect_fo.png</texture><fadetime>2000</fadetime>
	                    <animation effect="slide" end="0,120" time="300" tween="cubic" easing="inout" condition="Integer.IsGreater(Container(50).Row,5)">Conditional</animation>
	                    <animation effect="slide" end="0,120" time="300" tween="cubic" easing="inout" condition="Integer.IsGreater(Container(50).Row,4)">Conditional</animation>
	                    <animation effect="slide" end="0,120" time="300" tween="cubic" easing="inout" condition="Integer.IsGreater(Container(50).Row,3)">Conditional</animation>
	                    <animation effect="slide" end="0,120" time="300" tween="cubic" easing="inout" condition="Integer.IsGreater(Container(50).Row,2)">Conditional</animation>
	                    <animation effect="slide" end="0,120" time="300" tween="cubic" easing="inout" condition="Integer.IsGreater(Container(50).Row,1)">Conditional</animation>
	                    <animation effect="slide" end="0,120" time="300" tween="cubic" easing="inout" condition="Integer.IsGreater(Container(50).Row,0)">Conditional</animation>
	                </control>
	            </control>
	            <control type="group">
	                <visible>Integer.IsGreater(Container(50).NumItems,0) + [[Skin.HasSetting(Enable.SlimList.Movies) + [Container.Content(movies) | Container.Content(movie)]] | [Skin.HasSetting(Enable.SlimList.Misc) + ![Container.Content(movies) | Container.Content(movie)]]]</visible>
	                <visible>Integer.IsGreater(Container(50).NumItems,0) + ![[Skin.HasSetting(Enable.WideList.Movies) + [Container.Content(movies) | Container.Content(movie)]] | [Skin.HasSetting(Enable.WideList.Misc) + ![Container.Content(movies) | Container.Content(movie)]]]</visible>
	                <control type="image">
	                    <top>195</top>
	                    <width>1150</width>
	                    <height>60</height>
	                    <visible>Control.HasFocus(50)</visible>
	                    <animation effect="fade" time="320" delay="200">Visible</animation>
	                    <animation effect="fade" time="50">Hidden</animation>
	                    <texture colordiffuse="$VAR[ListColorHighlightVar]">listselect_fo.png</texture><fadetime>2000</fadetime>
	                    <animation effect="slide" end="0,60" time="300" tween="cubic" easing="inout" condition="Integer.IsGreater(Container(50).Row,12)">Conditional</animation>
	                    <animation effect="slide" end="0,60" time="300" tween="cubic" easing="inout" condition="Integer.IsGreater(Container(50).Row,11)">Conditional</animation>
	                    <animation effect="slide" end="0,60" time="300" tween="cubic" easing="inout" condition="Integer.IsGreater(Container(50).Row,10)">Conditional</animation>
	                    <animation effect="slide" end="0,60" time="300" tween="cubic" easing="inout" condition="Integer.IsGreater(Container(50).Row,9)">Conditional</animation>
	                    <animation effect="slide" end="0,60" time="300" tween="cubic" easing="inout" condition="Integer.IsGreater(Container(50).Row,8)">Conditional</animation>
	                    <animation effect="slide" end="0,60" time="300" tween="cubic" easing="inout" condition="Integer.IsGreater(Container(50).Row,7)">Conditional</animation>
	                    <animation effect="slide" end="0,60" time="300" tween="cubic" easing="inout" condition="Integer.IsGreater(Container(50).Row,6)">Conditional</animation>
	                    <animation effect="slide" end="0,60" time="300" tween="cubic" easing="inout" condition="Integer.IsGreater(Container(50).Row,5)">Conditional</animation>
	                    <animation effect="slide" end="0,60" time="300" tween="cubic" easing="inout" condition="Integer.IsGreater(Container(50).Row,4)">Conditional</animation>
	                    <animation effect="slide" end="0,60" time="300" tween="cubic" easing="inout" condition="Integer.IsGreater(Container(50).Row,3)">Conditional</animation>
	                    <animation effect="slide" end="0,60" time="300" tween="cubic" easing="inout" condition="Integer.IsGreater(Container(50).Row,2)">Conditional</animation>
	                    <animation effect="slide" end="0,60" time="300" tween="cubic" easing="inout" condition="Integer.IsGreater(Container(50).Row,1)">Conditional</animation>
	                    <animation effect="slide" end="0,60" time="300" tween="cubic" easing="inout" condition="Integer.IsGreater(Container(50).Row,0)">Conditional</animation>
	                </control>
	            </control>
	            <control type="group">
	                <visible>Integer.IsGreater(Container(50).NumItems,0) + [[Skin.HasSetting(Enable.SlimList.Movies) + [Container.Content(movies) | Container.Content(movie)]] | [Skin.HasSetting(Enable.SlimList.Misc) + ![Container.Content(movies) | Container.Content(movie)]]]</visible>
	                <visible>Integer.IsGreater(Container(50).NumItems,0) + [[Skin.HasSetting(Enable.WideList.Movies) + [Container.Content(movies) | Container.Content(movie)]] | [Skin.HasSetting(Enable.WideList.Misc) + ![Container.Content(movies) | Container.Content(movie)]]]</visible>
	                <control type="image">
	                    <top>195</top>
	                    <width>1740</width>
	                    <height>60</height>
	                    <visible>Control.HasFocus(50)</visible>
	                    <animation effect="fade" time="320" delay="200">Visible</animation>
	                    <animation effect="fade" time="50">Hidden</animation>
	                    <texture colordiffuse="$VAR[ListColorHighlightVar]">listselect_fo.png</texture><fadetime>2000</fadetime>
	                    <animation effect="slide" end="0,60" time="300" tween="cubic" easing="inout" condition="Integer.IsGreater(Container(50).Row,12)">Conditional</animation>
	                    <animation effect="slide" end="0,60" time="300" tween="cubic" easing="inout" condition="Integer.IsGreater(Container(50).Row,11)">Conditional</animation>
	                    <animation effect="slide" end="0,60" time="300" tween="cubic" easing="inout" condition="Integer.IsGreater(Container(50).Row,10)">Conditional</animation>
	                    <animation effect="slide" end="0,60" time="300" tween="cubic" easing="inout" condition="Integer.IsGreater(Container(50).Row,9)">Conditional</animation>
	                    <animation effect="slide" end="0,60" time="300" tween="cubic" easing="inout" condition="Integer.IsGreater(Container(50).Row,8)">Conditional</animation>
	                    <animation effect="slide" end="0,60" time="300" tween="cubic" easing="inout" condition="Integer.IsGreater(Container(50).Row,7)">Conditional</animation>
	                    <animation effect="slide" end="0,60" time="300" tween="cubic" easing="inout" condition="Integer.IsGreater(Container(50).Row,6)">Conditional</animation>
	                    <animation effect="slide" end="0,60" time="300" tween="cubic" easing="inout" condition="Integer.IsGreater(Container(50).Row,5)">Conditional</animation>
	                    <animation effect="slide" end="0,60" time="300" tween="cubic" easing="inout" condition="Integer.IsGreater(Container(50).Row,4)">Conditional</animation>
	                    <animation effect="slide" end="0,60" time="300" tween="cubic" easing="inout" condition="Integer.IsGreater(Container(50).Row,3)">Conditional</animation>
	                    <animation effect="slide" end="0,60" time="300" tween="cubic" easing="inout" condition="Integer.IsGreater(Container(50).Row,2)">Conditional</animation>
	                    <animation effect="slide" end="0,60" time="300" tween="cubic" easing="inout" condition="Integer.IsGreater(Container(50).Row,1)">Conditional</animation>
	                    <animation effect="slide" end="0,60" time="300" tween="cubic" easing="inout" condition="Integer.IsGreater(Container(50).Row,0)">Conditional</animation>
	                </control>
	            </control>
				<control type="panel" id="50">
					<left>0</left>
					<top>195</top>
					<width>1740</width>
					<height>840</height>
					<onleft>SetProperty(MediaMenu,True,home)</onleft>
					<onleft>SetFocus(9050)</onleft>
					<onright condition="Container(50).HasNext | Container(50).HasPrevious">60</onright>
					<onup>50</onup>
					<ondown>50</ondown>
					<oninfo condition="$EXP[PluginAdvancedLauncher] + System.HasAddon(script.toolbox)">RunScript(script.toolbox,info=textviewer,header='"$INFO[ListItem.Label]"',text='"$VAR[AdvancedLauncherPlotVar]"')</oninfo>
					<viewtype label="535">list</viewtype>
					<pagecontrol>60</pagecontrol>
					<preloaditems>2</preloaditems>
					<scrolltime tween="quadratic" easing="out">200</scrolltime>
					<itemlayout height="120" width="1150" condition="![[Skin.HasSetting(Enable.SlimList.Movies) + [Container.Content(movies) | Container.Content(movie)]] | [Skin.HasSetting(Enable.SlimList.Misc) + ![Container.Content(movies) | Container.Content(movie)]]] + ![[Skin.HasSetting(Enable.WideList.Movies) + [Container.Content(movies) | Container.Content(movie)]] | [Skin.HasSetting(Enable.WideList.Misc) + ![Container.Content(movies) | Container.Content(movie)]]]">
						<control type="image">
							<visible>!String.IsEqual(Container.SortMethod,$LOCALIZE[13409]) + !Container.Content(addons)</visible>
							<left>10</left>
							<top>10</top>
							<width>100</width>
							<height>100</height>
							<aspectratio>keep</aspectratio>
							<texture background="true">$VAR[ListIcon]</texture>
						</control>
						<!-- Fix for default icons not showing up for addons that don't have one -->
						<control type="image">
							<visible>!String.IsEqual(Container.SortMethod,$LOCALIZE[13409]) + Container.Content(addons)</visible>
							<left>10</left>
							<top>10</top>
							<width>100</width>
							<height>100</height>
							<aspectratio>keep</aspectratio>
							<texture background="true">$INFO[ListItem.Icon]</texture>
						</control>
						<control type="label">
							<visible>String.IsEqual(Container.SortMethod,$LOCALIZE[13409])</visible>
							<left>10</left>
							<top>10</top>
							<width>100</width>
							<height>100</height>
							<font>font35_title</font>
							<align>center</align>
							<label>$INFO[ListItem.Top250]</label>
						</control>
						<control type="label">
							<visible>ListItem.IsPlaying</visible>
							<left>135</left>
							<top>5</top>
							<width>35</width>
							<height>70</height>
							<font>IconTiny</font>
							<label></label>
						</control>
						<control type="label">
							<left>135</left>
							<top>3</top>
							<width>790</width>
							<height>70</height>
							<font>font30</font>
							<label>$VAR[ListMainLabelVar]</label>
							<visible>!ListItem.IsPlaying</visible>
						</control>
						<control type="label">
							<left>170</left>
							<top>3</top>
							<width>755</width>
							<height>70</height>
							<font>font30</font>
							<label>$VAR[ListMainLabelVar]</label>
							<visible>ListItem.IsPlaying</visible>
						</control>
						<control type="label">
							<left>135</left>
							<top>52</top>
							<width>790</width>
							<height>60</height>
							<label>$VAR[ListSubLabelVar]</label>
						</control>
						<control type="label">
							<left>60</left>
							<width>1060</width>
							<height>116</height>
							<font>font15</font>
							<align>right</align>
							<label>$INFO[ListItem.Label2]</label>
							<visible>Container.Content(addons) | Container.Content(songs)</visible>
						</control>
						<control type="label">
							<width>1050</width>
							<height>116</height>
							<font>font15</font>
							<align>right</align>
							<label>$INFO[ListItem.Rating]</label>
							<visible>Container.Content(movies) | Container.Content(tvshows) | Container.Content(episodes)</visible>
						</control>
						<control type="image">
							<left>1074</left>
							<top>26</top>
							<width>68</width>
							<height>68</height>
							<texture colordiffuse="$VAR[ColorHighlightVar]">$VAR[OverlayBGVar]</texture>
							<aspectratio align="center" aligny="top">keep</aspectratio>
							<visible>!String.IsEmpty(ListItem.Overlay)</visible>
						</control>
						<control type="image">
							<left>1076</left>
							<top>28</top>
							<width>64</width>
							<height>64</height>
							<aspectratio>keep</aspectratio>
							<texture>$VAR[OverlayVar]</texture>
							<visible>!String.IsEmpty(ListItem.Overlay)</visible>
						</control>
					</itemlayout>
					<focusedlayout height="120" width="1150" condition="![[Skin.HasSetting(Enable.SlimList.Movies) + [Container.Content(movies) | Container.Content(movie)]] | [Skin.HasSetting(Enable.SlimList.Misc) + ![Container.Content(movies) | Container.Content(movie)]]] + ![[Skin.HasSetting(Enable.WideList.Movies) + [Container.Content(movies) | Container.Content(movie)]] | [Skin.HasSetting(Enable.WideList.Misc) + ![Container.Content(movies) | Container.Content(movie)]]]">
						<control type="image">
							<visible>!String.IsEqual(Container.SortMethod,$LOCALIZE[13409]) + !Container.Content(addons)</visible>
							<left>10</left>
							<top>10</top>
							<width>100</width>
							<height>100</height>
							<aspectratio>keep</aspectratio>
							<texture background="true">$VAR[ListIcon]</texture>
						</control>
						<control type="image">
							<visible>!String.IsEqual(Container.SortMethod,$LOCALIZE[13409]) + Container.Content(addons)</visible>
							<left>10</left>
							<top>10</top>
							<width>100</width>
							<height>100</height>
							<aspectratio>keep</aspectratio>
							<texture background="true">$INFO[ListItem.Icon]</texture>
						</control>
						<control type="label">
							<visible>String.IsEqual(Container.SortMethod,$LOCALIZE[13409])</visible>
							<left>10</left>
							<top>10</top>
							<width>100</width>
							<height>100</height>
							<font>font35_title</font>
							<align>center</align>
							<label>$INFO[ListItem.Top250]</label>
						</control>
						<control type="label">
							<visible>ListItem.IsPlaying</visible>
							<left>135</left>
							<top>5</top>
							<width>35</width>
							<height>70</height>
							<font>IconTiny</font>
							<label></label>
						</control>
						<control type="label">
							<top>3</top>
							<left>135</left>
							<width>790</width>
							<height>70</height>
							<font>font30</font>
							<label>$VAR[ListMainLabelVar]</label>
							<visible>!ListItem.IsPlaying</visible>
						</control>
						<control type="label">
							<top>3</top>
							<left>170</left>
							<width>755</width>
							<height>70</height>
							<font>font30</font>
							<label>$VAR[ListMainLabelVar]</label>
							<visible>ListItem.IsPlaying</visible>
						</control>
						<control type="label">
							<left>135</left>
							<top>52</top>
							<width>790</width>
							<height>60</height>
							<label>$VAR[ListSubLabelVar]</label>
						</control>
						<control type="label">
							<left>60</left>
							<width>1060</width>
							<height>116</height>
							<font>font15</font>
							<align>right</align>
							<label>$INFO[ListItem.Label2]</label>
							<visible>Container.Content(addons) | Container.Content(songs)</visible>
						</control>
						<control type="label">
							<width>1050</width>
							<height>116</height>
							<font>font15</font>
							<align>right</align>
							<label>$INFO[ListItem.Rating]</label>
							<visible>Container.Content(movies) | Container.Content(tvshows) | Container.Content(episodes)</visible>
						</control>
						<control type="image">
							<left>1074</left>
							<top>26</top>
							<width>68</width>
							<height>68</height>
							<texture colordiffuse="$VAR[ColorHighlightVar]">$VAR[OverlayBGVar]</texture>
							<aspectratio align="center" aligny="top">keep</aspectratio>
							<visible>!String.IsEmpty(ListItem.Overlay)</visible>
						</control>
						<control type="image">
							<left>1076</left>
							<top>28</top>
							<width>64</width>
							<height>64</height>
							<aspectratio>keep</aspectratio>
							<texture>$VAR[OverlayVar]</texture>
							<visible>!String.IsEmpty(ListItem.Overlay)</visible>
						</control>
					</focusedlayout>
					<itemlayout height="120" width="1740" condition="![[Skin.HasSetting(Enable.SlimList.Movies) + [Container.Content(movies) | Container.Content(movie)]] | [Skin.HasSetting(Enable.SlimList.Misc) + ![Container.Content(movies) | Container.Content(movie)]]] + [[Skin.HasSetting(Enable.WideList.Movies) + [Container.Content(movies) | Container.Content(movie)]] | [Skin.HasSetting(Enable.WideList.Misc) + ![Container.Content(movies) | Container.Content(movie)]]]">
						<control type="image">
							<visible>!String.IsEqual(Container.SortMethod,$LOCALIZE[13409]) + !Container.Content(addons)</visible>
							<left>10</left>
							<top>10</top>
							<width>100</width>
							<height>100</height>
							<aspectratio>keep</aspectratio>
							<texture background="true">$VAR[ListIcon]</texture>
						</control>
						<control type="image">
							<visible>!String.IsEqual(Container.SortMethod,$LOCALIZE[13409]) + Container.Content(addons)</visible>
							<left>10</left>
							<top>10</top>
							<width>100</width>
							<height>100</height>
							<aspectratio>keep</aspectratio>
							<texture background="true">$INFO[ListItem.Icon]</texture>
						</control>
						<control type="label">
							<visible>String.IsEqual(Container.SortMethod,$LOCALIZE[13409])</visible>
							<left>10</left>
							<top>10</top>
							<width>100</width>
							<height>100</height>
							<font>font35_title</font>
							<align>center</align>
							<label>$INFO[ListItem.Top250]</label>
						</control>
						<control type="label">
							<visible>ListItem.IsPlaying</visible>
							<left>135</left>
							<top>5</top>
							<width>35</width>
							<height>70</height>
							<font>IconTiny</font>
							<label></label>
						</control>
						<control type="label">
							<left>135</left>
							<top>3</top>
							<width>1380</width>
							<height>70</height>
							<font>font30</font>
							<label>$VAR[ListMainLabelVar]</label>
							<visible>!ListItem.IsPlaying</visible>
						</control>
						<control type="label">
							<left>170</left>
							<top>3</top>
							<width>1345</width>
							<height>70</height>
							<font>font30</font>
							<label>$VAR[ListMainLabelVar]</label>
							<visible>ListItem.IsPlaying</visible>
						</control>
						<control type="label">
							<left>135</left>
							<top>52</top>
							<width>1380</width>
							<height>60</height>
							<label>$VAR[ListSubLabelVar]</label>
						</control>
						<control type="label">
							<left>60</left>
							<width>1650</width>
							<height>116</height>
							<font>font15</font>
							<align>right</align>
							<label>$INFO[ListItem.Label2]</label>
							<visible>Container.Content(addons) | Container.Content(songs)</visible>
						</control>
						<control type="label">
							<width>1640</width>
							<height>116</height>
							<font>font15</font>
							<align>right</align>
							<label>$INFO[ListItem.Rating]</label>
							<visible>Container.Content(movies) | Container.Content(tvshows) | Container.Content(episodes)</visible>
						</control>
						<control type="image">
							<left>1664</left>
							<top>26</top>
							<width>68</width>
							<height>68</height>
							<texture colordiffuse="$VAR[ColorHighlightVar]">$VAR[OverlayBGVar]</texture>
							<aspectratio align="center" aligny="top">keep</aspectratio>
							<visible>!String.IsEmpty(ListItem.Overlay)</visible>
						</control>
						<control type="image">
							<left>1666</left>
							<top>28</top>
							<width>64</width>
							<height>64</height>
							<aspectratio>keep</aspectratio>
							<texture>$VAR[OverlayVar]</texture>
							<visible>!String.IsEmpty(ListItem.Overlay)</visible>
						</control>
					</itemlayout>
					<focusedlayout height="120" width="1740" condition="![[Skin.HasSetting(Enable.SlimList.Movies) + [Container.Content(movies) | Container.Content(movie)]] | [Skin.HasSetting(Enable.SlimList.Misc) + ![Container.Content(movies) | Container.Content(movie)]]] + [[Skin.HasSetting(Enable.WideList.Movies) + [Container.Content(movies) | Container.Content(movie)]] | [Skin.HasSetting(Enable.WideList.Misc) + ![Container.Content(movies) | Container.Content(movie)]]]">
						<control type="image">
							<visible>!String.IsEqual(Container.SortMethod,$LOCALIZE[13409]) + !Container.Content(addons)</visible>
							<left>10</left>
							<top>10</top>
							<width>100</width>
							<height>100</height>
							<aspectratio>keep</aspectratio>
							<texture background="true">$VAR[ListIcon]</texture>
						</control>
						<control type="image">
							<visible>!String.IsEqual(Container.SortMethod,$LOCALIZE[13409]) + Container.Content(addons)</visible>
							<left>10</left>
							<top>10</top>
							<width>100</width>
							<height>100</height>
							<aspectratio>keep</aspectratio>
							<texture background="true">$INFO[ListItem.Icon]</texture>
						</control>
						<control type="label">
							<visible>String.IsEqual(Container.SortMethod,$LOCALIZE[13409])</visible>
							<left>10</left>
							<top>10</top>
							<width>100</width>
							<height>100</height>
							<font>font35_title</font>
							<align>center</align>
							<label>$INFO[ListItem.Top250]</label>
						</control>
						<control type="label">
							<visible>ListItem.IsPlaying</visible>
							<left>135</left>
							<top>5</top>
							<width>35</width>
							<height>70</height>
							<font>IconTiny</font>
							<label></label>
						</control>
						<control type="label">
							<top>3</top>
							<left>135</left>
							<width>1380</width>
							<height>70</height>
							<font>font30</font>
							<label>$VAR[ListMainLabelVar]</label>
							<visible>!ListItem.IsPlaying</visible>
						</control>
						<control type="label">
							<top>3</top>
							<left>170</left>
							<width>1345</width>
							<height>70</height>
							<font>font30</font>
							<label>$VAR[ListMainLabelVar]</label>
							<visible>ListItem.IsPlaying</visible>
						</control>
						<control type="label">
							<left>135</left>
							<top>52</top>
							<width>1380</width>
							<height>60</height>
							<label>$VAR[ListSubLabelVar]</label>
						</control>
						<control type="label">
							<left>60</left>
							<width>1650</width>
							<height>116</height>
							<font>font15</font>
							<align>right</align>
							<label>$INFO[ListItem.Label2]</label>
							<visible>Container.Content(addons) | Container.Content(songs)</visible>
						</control>
						<control type="label">
							<width>1640</width>
							<height>116</height>
							<font>font15</font>
							<align>right</align>
							<label>$INFO[ListItem.Rating]</label>
							<visible>Container.Content(movies) | Container.Content(tvshows) | Container.Content(episodes)</visible>
						</control>
						<control type="image">
							<left>1664</left>
							<top>26</top>
							<width>68</width>
							<height>68</height>
							<texture colordiffuse="$VAR[ColorHighlightVar]">$VAR[OverlayBGVar]</texture>
							<aspectratio align="center" aligny="top">keep</aspectratio>
							<visible>!String.IsEmpty(ListItem.Overlay)</visible>
						</control>
						<control type="image">
							<left>1666</left>
							<top>28</top>
							<width>64</width>
							<height>64</height>
							<aspectratio>keep</aspectratio>
							<texture>$VAR[OverlayVar]</texture>
							<visible>!String.IsEmpty(ListItem.Overlay)</visible>
						</control>
					</focusedlayout>
					<itemlayout height="60" width="1150" condition="[[Skin.HasSetting(Enable.SlimList.Movies) + [Container.Content(movies) | Container.Content(movie)]] | [Skin.HasSetting(Enable.SlimList.Misc) + ![Container.Content(movies) | Container.Content(movie)]]] + ![[Skin.HasSetting(Enable.WideList.Movies) + [Container.Content(movies) | Container.Content(movie)]] | [Skin.HasSetting(Enable.WideList.Misc) + ![Container.Content(movies) | Container.Content(movie)]]]">
						<control type="label">
							<visible>ListItem.IsPlaying</visible>
							<left>20</left>
							<width>35</width>
							<height>60</height>
							<font>IconTiny</font>
							<label></label>
						</control>
						<control type="label">
							<left>20</left>
							<width>895</width>
							<height>60</height>
							<font>font15</font>
							<label>$INFO[ListItem.Label]</label>
							<visible>!ListItem.IsPlaying</visible>
						</control>
						<control type="label">
							<left>55</left>
							<width>860</width>
							<height>60</height>
							<font>font15</font>
							<label>$INFO[ListItem.Label]</label>
							<visible>ListItem.IsPlaying</visible>
						</control>
						<control type="label">
							<left>60</left>
							<width>1060</width>
							<height>60</height>
							<font>font15</font>
							<align>right</align>
							<label>$INFO[ListItem.Label2]</label>
							<visible>Container.Content(addons) | Container.Content(songs)</visible>
						</control>
						<control type="label">
							<width>1050</width>
							<height>60</height>
							<font>font15</font>
							<align>right</align>
							<label>$INFO[ListItem.Rating]</label>
							<visible>Container.Content(movies) | Container.Content(tvshows) | Container.Content(episodes)</visible>
						</control>
						<control type="image">
							<left>1079</left>
							<top>-2</top>
							<width>68</width>
							<height>68</height>
							<texture colordiffuse="$VAR[ColorHighlightVar]">$VAR[OverlayBGVar]</texture>
							<aspectratio align="center" aligny="top">keep</aspectratio>
							<visible>!String.IsEmpty(ListItem.Overlay)</visible>
						</control>
						<control type="image">
							<left>1081</left>
							<width>64</width>
							<height>64</height>
							<aspectratio>keep</aspectratio>
							<texture>$VAR[OverlayVar]</texture>
							<visible>!String.IsEmpty(ListItem.Overlay)</visible>
						</control>
					</itemlayout>
					<focusedlayout height="60" width="1150" condition="[[Skin.HasSetting(Enable.SlimList.Movies) + [Container.Content(movies) | Container.Content(movie)]] | [Skin.HasSetting(Enable.SlimList.Misc) + ![Container.Content(movies) | Container.Content(movie)]]] + ![[Skin.HasSetting(Enable.WideList.Movies) + [Container.Content(movies) | Container.Content(movie)]] | [Skin.HasSetting(Enable.WideList.Misc) + ![Container.Content(movies) | Container.Content(movie)]]]">
						<control type="label">
							<visible>ListItem.IsPlaying</visible>
							<left>20</left>
							<top>1</top>
							<width>35</width>
							<height>60</height>
							<font>IconTiny</font>
							<label></label>
						</control>
						<control type="label">
							<left>20</left>
							<width>895</width>
							<height>60</height>
							<font>font15</font>
							<label>$INFO[ListItem.Label]</label>
							<visible>!ListItem.IsPlaying</visible>
						</control>
						<control type="label">
							<left>55</left>
							<width>860</width>
							<height>60</height>
							<font>font15</font>
							<label>$INFO[ListItem.Label]</label>
							<visible>ListItem.IsPlaying</visible>
						</control>
						<control type="label">
							<left>60</left>
							<width>1060</width>
							<height>60</height>
							<font>font15</font>
							<align>right</align>
							<label>$INFO[ListItem.Label2]</label>
							<visible>Container.Content(addons) | Container.Content(songs)</visible>
						</control>
						<control type="label">
							<width>1050</width>
							<height>60</height>
							<font>font15</font>
							<align>right</align>
							<label>$INFO[ListItem.Rating]</label>
							<visible>Container.Content(movies) | Container.Content(tvshows) | Container.Content(episodes)</visible>
						</control>
						<control type="image">
							<left>1079</left>
							<top>-2</top>
							<width>68</width>
							<height>68</height>
							<texture colordiffuse="$VAR[ColorHighlightVar]">$VAR[OverlayBGVar]</texture>
							<aspectratio align="center" aligny="top">keep</aspectratio>
							<visible>!String.IsEmpty(ListItem.Overlay)</visible>
						</control>
						<control type="image">
							<left>1081</left>
							<width>64</width>
							<height>64</height>
							<aspectratio>keep</aspectratio>
							<texture>$VAR[OverlayVar]</texture>
							<visible>!String.IsEmpty(ListItem.Overlay)</visible>
						</control>
					</focusedlayout>
					<itemlayout height="60" width="1740" condition="[[Skin.HasSetting(Enable.SlimList.Movies) + [Container.Content(movies) | Container.Content(movie)]] | [Skin.HasSetting(Enable.SlimList.Misc) + ![Container.Content(movies) | Container.Content(movie)]]] + [[Skin.HasSetting(Enable.WideList.Movies) + [Container.Content(movies) | Container.Content(movie)]] | [Skin.HasSetting(Enable.WideList.Misc) + ![Container.Content(movies) | Container.Content(movie)]]]">
						<control type="label">
							<visible>ListItem.IsPlaying</visible>
							<left>20</left>
							<width>35</width>
							<height>60</height>
							<font>IconTiny</font>
							<label></label>
						</control>
						<control type="label">
							<left>20</left>
							<width>1485</width>
							<height>60</height>
							<font>font15</font>
							<label>$INFO[ListItem.Label]</label>
							<visible>!ListItem.IsPlaying</visible>
						</control>
						<control type="label">
							<left>55</left>
							<width>1450</width>
							<height>60</height>
							<font>font15</font>
							<label>$INFO[ListItem.Label]</label>
							<visible>ListItem.IsPlaying</visible>
						</control>
						<control type="label">
							<left>60</left>
							<width>1650</width>
							<height>60</height>
							<font>font15</font>
							<align>right</align>
							<label>$INFO[ListItem.Label2]</label>
							<visible>Container.Content(addons) | Container.Content(songs)</visible>
						</control>
						<control type="label">
							<width>1640</width>
							<height>60</height>
							<font>font15</font>
							<align>right</align>
							<label>$INFO[ListItem.Rating]</label>
							<visible>Container.Content(movies) | Container.Content(tvshows) | Container.Content(episodes)</visible>
						</control>
						<control type="image">
							<left>1669</left>
							<top>-2</top>
							<width>68</width>
							<height>68</height>
							<texture colordiffuse="$VAR[ColorHighlightVar]">$VAR[OverlayBGVar]</texture>
							<aspectratio align="center" aligny="top">keep</aspectratio>
							<visible>!String.IsEmpty(ListItem.Overlay)</visible>
						</control>
						<control type="image">
							<left>1671</left>
							<width>64</width>
							<height>64</height>
							<aspectratio>keep</aspectratio>
							<texture>$VAR[OverlayVar]</texture>
							<visible>!String.IsEmpty(ListItem.Overlay)</visible>
						</control>
					</itemlayout>
					<focusedlayout height="60" width="1740" condition="[[Skin.HasSetting(Enable.SlimList.Movies) + [Container.Content(movies) | Container.Content(movie)]] | [Skin.HasSetting(Enable.SlimList.Misc) + ![Container.Content(movies) | Container.Content(movie)]]] + [[Skin.HasSetting(Enable.WideList.Movies) + [Container.Content(movies) | Container.Content(movie)]] | [Skin.HasSetting(Enable.WideList.Misc) + ![Container.Content(movies) | Container.Content(movie)]]]">
						<control type="label">
							<visible>ListItem.IsPlaying</visible>
							<left>20</left>
							<top>1</top>
							<width>35</width>
							<height>60</height>
							<font>IconTiny</font>
							<label></label>
						</control>
						<control type="label">
							<left>20</left>
							<width>1485</width>
							<height>60</height>
							<font>font15</font>
							<label>$INFO[ListItem.Label]</label>
							<visible>!ListItem.IsPlaying</visible>
						</control>
						<control type="label">
							<left>55</left>
							<width>1850</width>
							<height>60</height>
							<font>font15</font>
							<label>$INFO[ListItem.Label]</label>
							<visible>ListItem.IsPlaying</visible>
						</control>
						<control type="label">
							<left>60</left>
							<width>1650</width>
							<height>60</height>
							<font>font15</font>
							<align>right</align>
							<label>$INFO[ListItem.Label2]</label>
							<visible>Container.Content(addons) | Container.Content(songs)</visible>
						</control>
						<control type="label">
							<width>1640</width>
							<height>60</height>
							<font>font15</font>
							<align>right</align>
							<label>$INFO[ListItem.Rating]</label>
							<visible>Container.Content(movies) | Container.Content(tvshows) | Container.Content(episodes)</visible>
						</control>
						<control type="image">
							<left>1669</left>
							<top>-2</top>
							<width>68</width>
							<height>68</height>
							<texture colordiffuse="$VAR[ColorHighlightVar]">$VAR[OverlayBGVar]</texture>
							<aspectratio align="center" aligny="top">keep</aspectratio>
							<visible>!String.IsEmpty(ListItem.Overlay)</visible>
						</control>
						<control type="image">
							<left>1671</left>
							<width>64</width>
							<height>64</height>
							<aspectratio>keep</aspectratio>
							<texture>$VAR[OverlayVar]</texture>
							<visible>!String.IsEmpty(ListItem.Overlay)</visible>
						</control>
					</focusedlayout>
				</control>
				<animation effect="slide" end="0,-60" time="300" condition="[[Skin.HasSetting(Enable.SlimList.Movies) + [Container.Content(movies) | Container.Content(movie)]] | [Skin.HasSetting(Enable.SlimList.Misc) + ![Container.Content(movies) | Container.Content(movie)]]] + !IntegerGreaterThan(Container(50).NumItems,13) + Container.HasParent">Conditional</animation>
				<animation effect="slide" end="0,60" time="300" condition="[[Skin.HasSetting(Enable.SlimList.Movies) + [Container.Content(movies) | Container.Content(movie)]] | [Skin.HasSetting(Enable.SlimList.Misc) + ![Container.Content(movies) | Container.Content(movie)]]] + !IntegerGreaterThan(Container(50).NumItems,1)">Conditional</animation>
				<animation effect="slide" end="0,60" time="300" condition="[[Skin.HasSetting(Enable.SlimList.Movies) + [Container.Content(movies) | Container.Content(movie)]] | [Skin.HasSetting(Enable.SlimList.Misc) + ![Container.Content(movies) | Container.Content(movie)]]] + !IntegerGreaterThan(Container(50).NumItems,2)">Conditional</animation>
				<animation effect="slide" end="0,60" time="300" condition="[[Skin.HasSetting(Enable.SlimList.Movies) + [Container.Content(movies) | Container.Content(movie)]] | [Skin.HasSetting(Enable.SlimList.Misc) + ![Container.Content(movies) | Container.Content(movie)]]] + !IntegerGreaterThan(Container(50).NumItems,3)">Conditional</animation>
				<animation effect="slide" end="0,60" time="300" condition="[[Skin.HasSetting(Enable.SlimList.Movies) + [Container.Content(movies) | Container.Content(movie)]] | [Skin.HasSetting(Enable.SlimList.Misc) + ![Container.Content(movies) | Container.Content(movie)]]] + !IntegerGreaterThan(Container(50).NumItems,4)">Conditional</animation>
				<animation effect="slide" end="0,60" time="300" condition="[[Skin.HasSetting(Enable.SlimList.Movies) + [Container.Content(movies) | Container.Content(movie)]] | [Skin.HasSetting(Enable.SlimList.Misc) + ![Container.Content(movies) | Container.Content(movie)]]] + !IntegerGreaterThan(Container(50).NumItems,5)">Conditional</animation>
				<animation effect="slide" end="0,60" time="300" condition="[[Skin.HasSetting(Enable.SlimList.Movies) + [Container.Content(movies) | Container.Content(movie)]] | [Skin.HasSetting(Enable.SlimList.Misc) + ![Container.Content(movies) | Container.Content(movie)]]] + !IntegerGreaterThan(Container(50).NumItems,6)">Conditional</animation>
				<animation effect="slide" end="0,60" time="300" condition="[[Skin.HasSetting(Enable.SlimList.Movies) + [Container.Content(movies) | Container.Content(movie)]] | [Skin.HasSetting(Enable.SlimList.Misc) + ![Container.Content(movies) | Container.Content(movie)]]] + !IntegerGreaterThan(Container(50).NumItems,7)">Conditional</animation>
				<animation effect="slide" end="0,60" time="300" condition="[[Skin.HasSetting(Enable.SlimList.Movies) + [Container.Content(movies) | Container.Content(movie)]] | [Skin.HasSetting(Enable.SlimList.Misc) + ![Container.Content(movies) | Container.Content(movie)]]] + !IntegerGreaterThan(Container(50).NumItems,8)">Conditional</animation>
				<animation effect="slide" end="0,60" time="300" condition="[[Skin.HasSetting(Enable.SlimList.Movies) + [Container.Content(movies) | Container.Content(movie)]] | [Skin.HasSetting(Enable.SlimList.Misc) + ![Container.Content(movies) | Container.Content(movie)]]] + !IntegerGreaterThan(Container(50).NumItems,9)">Conditional</animation>
				<animation effect="slide" end="0,60" time="300" condition="[[Skin.HasSetting(Enable.SlimList.Movies) + [Container.Content(movies) | Container.Content(movie)]] | [Skin.HasSetting(Enable.SlimList.Misc) + ![Container.Content(movies) | Container.Content(movie)]]] + !IntegerGreaterThan(Container(50).NumItems,10)">Conditional</animation>
				<animation effect="slide" end="0,60" time="300" condition="[[Skin.HasSetting(Enable.SlimList.Movies) + [Container.Content(movies) | Container.Content(movie)]] | [Skin.HasSetting(Enable.SlimList.Misc) + ![Container.Content(movies) | Container.Content(movie)]]] + !IntegerGreaterThan(Container(50).NumItems,11)">Conditional</animation>
				<animation effect="slide" end="0,60" time="300" condition="[[Skin.HasSetting(Enable.SlimList.Movies) + [Container.Content(movies) | Container.Content(movie)]] | [Skin.HasSetting(Enable.SlimList.Misc) + ![Container.Content(movies) | Container.Content(movie)]]] + !IntegerGreaterThan(Container(50).NumItems,12)">Conditional</animation>
				<animation effect="slide" end="0,60" time="300" condition="[[Skin.HasSetting(Enable.SlimList.Movies) + [Container.Content(movies) | Container.Content(movie)]] | [Skin.HasSetting(Enable.SlimList.Misc) + ![Container.Content(movies) | Container.Content(movie)]]] + !IntegerGreaterThan(Container(50).NumItems,13)">Conditional</animation>
				<animation effect="slide" end="0,-120" time="300" condition="![[Skin.HasSetting(Enable.SlimList.Movies) + [Container.Content(movies) | Container.Content(movie)]] | [Skin.HasSetting(Enable.SlimList.Misc) + ![Container.Content(movies) | Container.Content(movie)]]] + !IntegerGreaterThan(Container(50).NumItems,6) + Container.HasParent">Conditional</animation>
				<animation effect="slide" end="0,120" time="300" condition="![[Skin.HasSetting(Enable.SlimList.Movies) + [Container.Content(movies) | Container.Content(movie)]] | [Skin.HasSetting(Enable.SlimList.Misc) + ![Container.Content(movies) | Container.Content(movie)]]] + !IntegerGreaterThan(Container(50).NumItems,1)">Conditional</animation>
				<animation effect="slide" end="0,120" time="300" condition="![[Skin.HasSetting(Enable.SlimList.Movies) + [Container.Content(movies) | Container.Content(movie)]] | [Skin.HasSetting(Enable.SlimList.Misc) + ![Container.Content(movies) | Container.Content(movie)]]] + !IntegerGreaterThan(Container(50).NumItems,2)">Conditional</animation>
				<animation effect="slide" end="0,120" time="300" condition="![[Skin.HasSetting(Enable.SlimList.Movies) + [Container.Content(movies) | Container.Content(movie)]] | [Skin.HasSetting(Enable.SlimList.Misc) + ![Container.Content(movies) | Container.Content(movie)]]] + !IntegerGreaterThan(Container(50).NumItems,3)">Conditional</animation>
				<animation effect="slide" end="0,120" time="300" condition="![[Skin.HasSetting(Enable.SlimList.Movies) + [Container.Content(movies) | Container.Content(movie)]] | [Skin.HasSetting(Enable.SlimList.Misc) + ![Container.Content(movies) | Container.Content(movie)]]] + !IntegerGreaterThan(Container(50).NumItems,4)">Conditional</animation>
				<animation effect="slide" end="0,120" time="300" condition="![[Skin.HasSetting(Enable.SlimList.Movies) + [Container.Content(movies) | Container.Content(movie)]] | [Skin.HasSetting(Enable.SlimList.Misc) + ![Container.Content(movies) | Container.Content(movie)]]] + !IntegerGreaterThan(Container(50).NumItems,5)">Conditional</animation>
				<animation effect="slide" end="0,120" time="300" condition="![[Skin.HasSetting(Enable.SlimList.Movies) + [Container.Content(movies) | Container.Content(movie)]] | [Skin.HasSetting(Enable.SlimList.Misc) + ![Container.Content(movies) | Container.Content(movie)]]] + !IntegerGreaterThan(Container(50).NumItems,6)">Conditional</animation>
			</control>
			<control type="group">
				<visible>![Skin.HasSetting(Enable.WideList.Misc) + ![Container.Content(movies) | Container.Content(movie)]]</visible>
				<visible>![Skin.HasSetting(Enable.WideList.Movies) + [Container.Content(movies) | Container.Content(movie)]]</visible>
				<top>165</top>
				<control type="group">
					<left>1276</left>
					<visible>String.StartsWith(ListItem.Icon,Default)</visible>
					<animation effect="slide" time="0" start="0,0" end="0,15" condition="Window.IsActive(programs) | Window.IsActive(addonbrowser)">Conditional</animation>
					<control type="image">
						<width>560</width>
						<height>560</height>
						<texture background="true" diffuse="thumbs/colorbox_poster_mask.png" colordiffuse="$VAR[LibColorHighlightVar]">$VAR[FocusImage]</texture>
					</control>
					<control type="image">
						<left>80</left>
						<top>80</top>
						<width>400</width>
						<height>400</height>
						<aspectratio align="center" aligny="center">scale</aspectratio>
						<texture background="true">$VAR[ListIcon]</texture>
						<fadetime>IconCrossfadeTime</fadetime>
					</control>
				</control>
				<control type="group">
					<left>1276</left>
					<visible>![Container.Content(episodes) | Container.Content(addons) | Container.Content(artists) | Container.Content(albums) | Container.Content(songs) | Container.Content(musicvideos) | Container.Content(files) | Window.IsActive(videoplaylist) | $EXP[PluginAdvancedLauncher] | $EXP[PluginSuperFavourites] | String.Contains(Container.FolderPath,plugin.video)] + !String.StartsWith(ListItem.Icon,Default)</visible>
					<control type="image">
						<width>560</width>
						<height>840</height>
						<aspectratio align="center" aligny="center">scale</aspectratio>
						<fadetime>2000</fadetime>
						<texture background="true" diffuse="thumbs/colorbox_poster_mask.png" colordiffuse="$VAR[LibColorHighlightVar]">$VAR[FocusImage]</texture>
					</control>
					<control type="image">
						<width>560</width>
						<height>840</height>
						<bordersize>20</bordersize>
						<aspectratio align="center" aligny="center">scale</aspectratio>
						<texture background="true">$INFO[ListItem.Icon]</texture>
						<fadetime>IconCrossfadeTime</fadetime>
					</control>
				</control>
				<control type="group">
					<left>1276</left>
					<visible>[Window.IsActive(pictures) | Container.Content(files) | Container.Content(countries) | [String.Contains(Container.FolderPath,plugin.video) + !Container.Content(episodes)] | Window.IsActive(videoplaylist) | $EXP[PluginAdvancedLauncher] | $EXP[PluginSuperFavourites]] + !String.StartsWith(ListItem.Icon,Default)</visible>
					<animation effect="slide" start="0,0" end="0,15" time="0" tween="cubic" easing="inout" condition="$EXP[PluginAdvancedLauncher] | $EXP[PluginSuperFavourites]">Conditional</animation>
					<control type="image">
						<width>560</width>
						<height>840</height>
						<aspectratio align="center" aligny="top">keep</aspectratio>
						<fadetime>2000</fadetime>
						<texture background="true" diffuse="thumbs/colorbox_poster_mask.png" colordiffuse="$VAR[LibColorHighlightVar]">$VAR[FocusImage]</texture>
					</control>
					<control type="image">
						<width>560</width>
						<height>840</height>
						<bordersize>20</bordersize>
						<aspectratio align="center" aligny="top">keep</aspectratio>
						<texture background="true">$VAR[ListIcon]</texture>
						<fadetime>IconCrossfadeTime</fadetime>
					</control>
				</control>
				<control type="image">
					<animation effect="slide" time="0" start="0,0" end="0,15" condition="Window.IsActive(programs) | Window.IsActive(addonbrowser)">Conditional</animation>
					<visible>[Container.Content(addons) | Container.Content(artists) | Container.Content(albums) | Container.Content(songs) | Container.Content(musicvideos)] + !String.StartsWith(ListItem.Icon,Default)</visible>
					<left>1276</left>
					<width>560</width>
					<height>560</height>
					<aspectratio align="center" aligny="center">scale</aspectratio>
					<fadetime>2000</fadetime>
					<texture background="true" diffuse="thumbs/colorbox_poster_mask.png" colordiffuse="$VAR[LibColorHighlightVar]">$VAR[FocusImage]</texture>
				</control>
				<control type="grouplist">
					<top>20</top>
					<left>1296</left>
					<itemgap>20</itemgap>
					<visible>[Container.Content(addons) | Container.Content(artists) | Container.Content(albums) | Container.Content(songs) | Container.Content(musicvideos)] + !String.StartsWith(ListItem.Icon,Default)</visible>
					<animation effect="slide" time="0" start="0,0" end="0,15" condition="Window.IsActive(programs) | Window.IsActive(addonbrowser)">Conditional</animation>
					<control type="image">
						<width>560</width>
						<height>560</height>
						<bordersize>20</bordersize>
						<aspectratio align="center" aligny="center">scale</aspectratio>
						<texture background="true">$INFO[ListItem.Icon]</texture>
						<fadetime>IconCrossfadeTime</fadetime>
					</control>
					<control type="label">
						<visible>Container.Content(songs)</visible>
						<width>520</width>
						<height>30</height>
						<font>font14</font>
						<label>$INFO[ListItem.Album]</label>
					</control>
					<control type="label">
						<visible>Container.Content(songs)</visible>
						<width>520</width>
						<height>30</height>
						<font>font14</font>
						<label>$INFO[ListItem.Year]</label>
					</control>
					<control type="textbox">
						<visible>Container.Content(musicvideos)</visible>
						<description>Description</description>
						<width>520</width>
						<height>220</height>
						<font>font14_textbox4</font>
						<label>$INFO[ListItem.Plot]</label>
						<autoscroll time="3000" delay="4000" repeat="5000">Skin.HasSetting(Enable.AutoScroll)</autoscroll>
					</control>
					<control type="textbox">
						<visible>Container.Content(artists) | Container.Content(albums)</visible>
						<label>$VAR[MusicPlotVar]</label>
						<width>520</width>
						<height>275</height>
						<font>font14_textbox5</font>
						<autoscroll time="3000" delay="4000" repeat="5000">Skin.HasSetting(Enable.AutoScroll)</autoscroll>
						<include>ShowCaseInfoPanelButtonsValues</include>
					</control>
					<control type="textbox">
						<visible>!String.IsEmpty(ListItem.AddonDescription)</visible>
						<description>Description</description>
						<width>520</width>
						<height>275</height>
						<font>font14_textbox5</font>
						<label>$INFO[ListItem.AddonDescription]</label>
						<autoscroll time="3000" delay="4000" repeat="5000">Skin.HasSetting(Enable.AutoScroll)</autoscroll>
					</control>
				</control>
				<control type="group">
					<left>1276</left>
					<visible>Container.Content(episodes) + !String.StartsWith(ListItem.Icon,Default)</visible>
					<control type="image">
						<width>560</width>
						<height>342</height>
						<aspectratio align="center" aligny="center">scale</aspectratio>
						<fadetime>2000</fadetime>
						<texture background="true" diffuse="thumbs/colorbox_poster_mask.png" colordiffuse="$VAR[LibColorHighlightVar]">$VAR[FocusImage]</texture>
						<visible>!String.IsEmpty(ListItem.Plot)</visible>
					</control>
					<control type="image">
						<width>560</width>
						<height>840</height>
						<aspectratio align="center" aligny="center">scale</aspectratio>
						<fadetime>2000</fadetime>
						<texture background="true" diffuse="thumbs/colorbox_poster_mask.png" colordiffuse="$VAR[LibColorHighlightVar]">$VAR[FocusImage]</texture>
						<visible>String.IsEmpty(ListItem.Plot)</visible>
					</control>
					<control type="image">
						<width>560</width>
						<height>342</height>
						<bordersize>20</bordersize>
						<aspectratio align="center" aligny="center">scale</aspectratio>
						<texture background="true">$VAR[LandscapeArtVar]</texture>
						<fadetime>IconCrossfadeTime</fadetime>
						<visible>!String.IsEmpty(ListItem.Plot)</visible>
					</control>
					<control type="image">
						<width>560</width>
						<height>840</height>
						<bordersize>20</bordersize>
						<aspectratio align="center" aligny="top">keep</aspectratio>
						<texture background="true">$VAR[LandscapeArtVar]</texture>
						<fadetime>IconCrossfadeTime</fadetime>
						<visible>String.IsEmpty(ListItem.Plot)</visible>
					</control>
					<control type="textbox" id="70">
						<label>$VAR[VideoPlotVar]</label>
						<top>360</top>
						<width>540</width>
						<height>458</height>
						<font>font15_textbox</font>
						<autoscroll time="3000" delay="4000" repeat="5000">Skin.HasSetting(Enable.AutoScroll)</autoscroll>
						<include>ShowCaseInfoPanelButtonsValues</include>
						<visible>!String.IsEmpty(ListItem.Plot)</visible>
					</control>
				</control>
			</control>
		</control>
		<control type="group">
			<visible>Control.IsVisible(50) + !Window.IsActive(addoninformation)</visible>
			<animation effect="slide" time="0" start="0,0" end="0,-15" condition="Window.IsActive(videos) | Window.IsActive(music) | Window.IsActive(musicplaylist) | Window.IsActive(pictures)">Conditional</animation>
			<include>Scrollbar_Vertical</include>
		</control>
	</include>
</includes>
