<?xml version="1.0" encoding="UTF-8"?>
<window>
    <defaultcontrol allways="true">50</defaultcontrol>
    <allowoverlay>yes</allowoverlay>
    <controls>
        <include>globalBackground</include>
        <control type="group">
            <posx>col-1-begin</posx>
            <posy>row-2-begin</posy>
            <!--animations-->
            <include>modalDialogInOutVertical</include>
            <control type="image">
                <posx>-96</posx>
                <posy>44</posy>
                <width>fullscreenWidth</width>
                <height>1-row</height>
                <texture>colors/white.png</texture>
                <colordiffuse>ffffffff</colordiffuse>
                <aspectratio>stretch</aspectratio>
            </control>
            <control type="image">
                <posx>-3</posx>
                <posy>44</posy>
                <width>3</width>
                <height>1-row</height>
                <texture>colors/black.png</texture>
                <colordiffuse>ffffffff</colordiffuse>
                <aspectratio>stretch</aspectratio>
            </control>
            <control type="label">
                <posx>12</posx>
                <posy>44</posy>
                <width>16-col</width>
                <font>dialogTitle</font>
                <label>31057</label>
                <textcolor>black</textcolor>
                <shadowcolor>-</shadowcolor>
            </control>
            <!--left panel (from) -->
            <control type="group">
                <description>Left panel</description>
                <posy>2-row</posy>
                <control type="label">
                    <posx>0</posx>
                    <posy>0</posy>
                    <width>6-col</width>
                    <font>itemSubTitle</font>
                    <label>31022</label>
                </control>
                <control type="panel" id="50">
                    <posx>0</posx>
                    <posy>1-row</posy>
                    <width>10-col</width>
                    <height>12-row</height>
                    <onright>100</onright>
                    <scrolltime>200</scrolltime>
                    <itemlayout height="1-row" width="10-col">
                        <control type="image">
                            <posx>0</posx>
                            <posy>2</posy>
                            <width>10-col-gutter</width>
                            <height>53</height>
                            <aspectratio>stretch</aspectratio>
                            <texture border="24,0,24,0">UIControls/listitemNF.png</texture>
                            <bordersize>0</bordersize>
                            <colordiffuse>99FFFFFF</colordiffuse>
                        </control>
                        <control type="image">
                            <posx>4</posx>
                            <posy>4</posy>
                            <width>48</width>
                            <height>48</height>
                            <aspectratio scalediffuse="false">scale</aspectratio>
                            <texture fallback="colors/offblack.png" diffuse="masks/circle.png" border="0">$INFO[Listitem.thumb]</texture>
                        </control>
                        <control type="label">
                            <posx>1-col</posx>
                            <posy>0</posy>
                            <width>6-col</width>
                            <font>itemTitle</font>
                            <textcolor>textActive</textcolor>
                            <shadowcolor>-</shadowcolor>
                            <label>$INFO[ListItem.Label]</label>
                        </control>
                        <control type="label">
                            <posx>48r</posx>
                            <posy>0</posy>
                            <width>2-col-gutter</width>
                            <font>itemTitle</font>
                            <align>right</align>
                            <textcolor>textActive</textcolor>
                            <shadowcolor>-</shadowcolor>
                            <info>ListItem.Label2</info>
                        </control>
                    </itemlayout>
                    <focusedlayout height="1-row" width="10-col">
                        <control type="image">
                            <posx>0</posx>
                            <posy>2</posy>
                            <width>10-col-gutter</width>
                            <height>53</height>
                            <aspectratio>stretch</aspectratio>
                            <texture border="24,0,24,0">UIControls/listitemFO.png</texture>
                            <bordersize>0</bordersize>
                            <colordiffuse>ffFFFFFF</colordiffuse>
                        </control>
                        <control type="image">
                            <posx>4</posx>
                            <posy>4</posy>
                            <width>48</width>
                            <height>48</height>
                            <aspectratio scalediffuse="false">scale</aspectratio>
                            <texture fallback="colors/offblack.png" diffuse="masks/circle.png" border="0">$INFO[Listitem.thumb]</texture>
                        </control>
                        <control type="label">
                            <posx>1-col</posx>
                            <posy>0</posy>
                            <width>6-col</width>
                            <font>itemTitle</font>
                            <textcolor>black</textcolor>
                            <shadowcolor>-</shadowcolor>
                            <label>$INFO[ListItem.Label]</label>
                        </control>
                        <control type="label">
                            <posx>48r</posx>
                            <posy>0</posy>
                            <width>2-col-gutter</width>
                            <font>itemTitle</font>
                            <textcolor>black</textcolor>
                            <shadowcolor>-</shadowcolor>
                            <align>right</align>
                            <info>ListItem.Label2</info>
                        </control>
                    </focusedlayout>
                </control>
            </control>
            <!--right panel (to)-->
            <control type="group">
                <posx>10-col</posx>
                <posy>2-row</posy>
                <control type="label">
                    <posx>0</posx>
                    <posy>0</posy>
                    <width>8-col</width>
                    <font>itemSubTitle</font>
                    <label>31029</label>
                </control>
                <control type="panel" id="100">
                    <posx>0</posx>
                    <posy>1-row</posy>
                    <width>10-col</width>
                    <height>12-row</height>
                    <onleft>50</onleft>
                    <onright>9000</onright>
                    <scrolltime>200</scrolltime>
                    <itemlayout height="1-row" width="10-col">
                        <control type="image">
                            <posx>0</posx>
                            <posy>2</posy>
                            <width>10-col-gutter</width>
                            <height>53</height>
                            <aspectratio>stretch</aspectratio>
                            <texture border="24,0,24,0">UIControls/listitemNF.png</texture>
                            <bordersize>0</bordersize>
                            <colordiffuse>99FFFFFF</colordiffuse>
                        </control>
                        <control type="image">
                            <posx>4</posx>
                            <posy>4</posy>
                            <width>48</width>
                            <height>48</height>
                            <aspectratio scalediffuse="false">scale</aspectratio>
                            <texture fallback="colors/offblack.png" diffuse="masks/circle.png" border="0">$INFO[Listitem.thumb]</texture>
                        </control>
                        <control type="label">
                            <posx>1-col</posx>
                            <posy>0</posy>
                            <width>6-col</width>
                            <font>itemTitle</font>
                            <textcolor>textActive</textcolor>
                            <shadowcolor>-</shadowcolor>
                            <label>$INFO[ListItem.Label]</label>
                        </control>
                        <control type="label">
                            <posx>48r</posx>
                            <posy>0</posy>
                            <width>2-col-gutter</width>
                            <font>itemTitle</font>
                            <align>right</align>
                            <textcolor>textActive</textcolor>
                            <shadowcolor>-</shadowcolor>
                            <info>ListItem.Label2</info>
                        </control>
                    </itemlayout>
                    <focusedlayout height="1-row" width="10-col">
                        <control type="image">
                            <posx>0</posx>
                            <posy>2</posy>
                            <width>10-col-gutter</width>
                            <height>53</height>
                            <aspectratio>stretch</aspectratio>
                            <texture border="24,0,24,0">UIControls/listitemFO.png</texture>
                            <bordersize>0</bordersize>
                            <colordiffuse>ffFFFFFF</colordiffuse>
                        </control>
                        <control type="image">
                            <posx>4</posx>
                            <posy>4</posy>
                            <width>48</width>
                            <height>48</height>
                            <aspectratio scalediffuse="false">scale</aspectratio>
                            <texture fallback="colors/offblack.png" diffuse="masks/circle.png" border="0">$INFO[Listitem.thumb]</texture>
                        </control>
                        <control type="label">
                            <posx>1-col</posx>
                            <posy>0</posy>
                            <width>6-col</width>
                            <font>itemTitle</font>
                            <textcolor>black</textcolor>
                            <shadowcolor>-</shadowcolor>
                            <label>$INFO[ListItem.Label]</label>
                        </control>
                        <control type="label">
                            <posx>48r</posx>
                            <posy>0</posy>
                            <width>2-col-gutter</width>
                            <font>itemTitle</font>
                            <textcolor>black</textcolor>
                            <shadowcolor>-</shadowcolor>
                            <align>right</align>
                            <info>ListItem.Label2</info>
                        </control>
                    </focusedlayout>
                </control>
            </control>
            <!--dialog controls-->
            <control type="group">
                <posx>20-col</posx>
                <posy>2-row</posy>
                <control type="panel" id="9000">
                    <posx>0</posx>
                    <posy>10</posy>
                    <width>6-col</width>
                    <height>5-row</height>
                    <itemgap>3</itemgap>
                    <orientation>vertical</orientation>
                    <onleft>100</onleft>
                    <itemlayout width="6-col" height="1-row">
                        <control type="image">
                            <posx>0</posx>
                            <posy>2</posy>
                            <width>6-col</width>
                            <height>53</height>
                            <aspectratio>stretch</aspectratio>
                            <texture>colors/black.png</texture>
                        </control>
                        <control type="label">
                            <posx>24</posx>
                            <posy>0</posy>
                            <width>1-col</width>
                            <font>symbol</font>
                            <textcolor>textActive</textcolor>
                            <label>$INFO[ListItem.label2]</label>
                            <shadowcolor>-</shadowcolor>
                        </control>
                        <control type="label">
                            <posx>1-col</posx>
                            <posy>2</posy>
                            <width>6-col</width>
                            <font>menuTitle</font>
                            <textcolor>textActive</textcolor>
                            <label>$INFO[ListItem.label]</label>
                            <shadowcolor>-</shadowcolor>
                        </control>
                    </itemlayout>
                    <focusedlayout width="6-col" height="1-row">
                        <control type="image">
                            <posx>0</posx>
                            <posy>2</posy>
                            <width>6-col</width>
                            <height>53</height>
                            <aspectratio>stretch</aspectratio>
                            <texture>colors/white.png</texture>
                        </control>
                        <control type="label">
                            <posx>24</posx>
                            <posy>0</posy>
                            <width>1-col</width>
                            <font>symbol</font>
                            <textcolor>black</textcolor>
                            <label>$INFO[ListItem.label2]</label>
                            <shadowcolor>-</shadowcolor>
                        </control>
                        <control type="label">
                            <posx>1-col</posx>
                            <posy>2</posy>
                            <width>6-col</width>
                            <font>menuTitle</font>
                            <textcolor>black</textcolor>
                            <label>$INFO[ListItem.label]</label>
                            <shadowcolor>-</shadowcolor>
                        </control>
                    </focusedlayout>
                    <content>
                        <item id="1">
                            <description>Open</description>
                            <label>31019</label>
                            <label2></label2>
                            <thumb>-</thumb>
                            <onclick>SendClick(503,6)</onclick>
                        </item>
                        <item id="2">
                            <description>Save</description>
                            <label>31020</label>
                            <label2></label2>
                            <thumb>-</thumb>
                            <onclick>SendClick(503,7)</onclick>
                            <onclick>Notification($LOCALIZE[31020],$LOCALIZE[31153])</onclick>
                        </item>
                        <item id="3">
                            <description>Clear</description>
                            <label>31021</label>
                            <label2></label2>
                            <thumb>-</thumb>
                            <onclick>SendClick(503,8)</onclick>
                        </item>
                    </content>
                </control>
            </control>
        </control>
        <!--buttons-->
        <control type="group">
            <visible>false</visible>
            <control type="button" id="6">
                <description>Open Button</description>
            </control>
            <control type="button" id="7">
                <description>Save Button</description>
            </control>
            <control type="button" id="8">
                <description>Clear button</description>
            </control>
        </control>
        <!--debugging-->
        <include>DebugGrid</include>
        <control type="label">
            <include>WindowID</include>
            <label>MyMusicPlaylistEditor.xml</label>
        </control>
    </controls>
</window>
