<?xml version="1.0"?>
<window>
    <allowoverlay>no</allowoverlay>
    <defaultcontrol always="true">500</defaultcontrol>
    <controls>
        <include>globalBackground</include>
        <!--page container group-->
        <control type="group">
            <!--window fader-->
            <animation type="conditional" condition="window.next(0) | window.next(1)">
                <effect type="fade" start="100" end="0" time="300"/>
            </animation>
            <!--shift page for certain modal dialogs-->
            <include>modalDialogContentShift</include>

            <!--Main content listing-->
            <control type="group" id="9999">
                <control type="panel" id="50">
                    <animation type="windowclose">
                        <effect type="fade" start="100" end="0" time="200"/>
                    </animation>
                    <posx>col-1-begin</posx>
                    <posy>row-5-begin</posy>
                    <width>12-col</width>
                    <height>22-row</height>
                    <onleft>500</onleft>
                    <onright>60</onright>
                    <ondown>50</ondown>
                    <onup>50</onup>
                    <pagecontrol>60</pagecontrol>
                    <itemlayout width="12-col" height="2-row">
                        <control type="image">
                            <posx>0</posx>
                            <posy>3</posy>
                            <width>66</width>
                            <height>66</height>
                            <aspectratio scalediffuse="false">stretch</aspectratio>
                            <texture fallback="colors/black.png" diffuse="masks/circle.png" border="0">$INFO[Listitem.thumb]</texture>
                        </control>
                        <control type="image">
                            <posx>1-col</posx>
                            <posy>0</posy>
                            <width>11-col</width>
                            <height>69</height>
                            <aspectratio>stretch</aspectratio>
                            <texture border="0">colors/black.png</texture>
                            <colordiffuse>textboxInactive</colordiffuse>
                        </control>
                        <control type="label">
                            <posx>1-col-indent</posx>
                            <posy>0</posy>
                            <width>11-col-gutter</width>
                            <height>2-row</height>
                            <aligny>center</aligny>
                            <font>itemTitle</font>
                            <textcolor>textActive</textcolor>
                            <shadowcolor>-</shadowcolor>
                            <label>$INFO[ListItem.Label]</label>
                        </control>
                    </itemlayout>
                    <focusedlayout width="12-col" height="2-row">
                        <control type="image">
                            <posx>0</posx>
                            <posy>3</posy>
                            <width>66</width>
                            <height>66</height>
                            <aspectratio scalediffuse="false">stretch</aspectratio>
                            <texture fallback="colors/black.png" diffuse="masks/circle.png" border="0">$INFO[Listitem.thumb]</texture>
                            <animation type="focus" loop="false" reversible="false">
                                <effect type="fade" time="500"/>
                                <effect type="rotatey" end="360" center="33" tween="back" easing="out" time="1000"/>
                            </animation>
                        </control>
                        <control type="image">
                            <posx>1-col</posx>
                            <posy>0</posy>
                            <width>11-col</width>
                            <height>2-row</height>
                            <aspectratio>stretch</aspectratio>
                            <texture border="0">colors/white.png</texture>
                            <colordiffuse>highlight</colordiffuse>
                        </control>
                        <control type="label">
                            <posx>1-col-indent</posx>
                            <posy>0</posy>
                            <width>11-col-gutter</width>
                            <height>2-row</height>
                            <aligny>center</aligny>
                            <font>itemTitle</font>
                            <textcolor>textActive</textcolor>
                            <shadowcolor>-</shadowcolor>
                            <label>$INFO[ListItem.Label]</label>
                        </control>
                    </focusedlayout>
                </control>

                <!--coverart-->
                <control type="image">
                    <posx>col-14-begin</posx>
                    <posy>row-5-begin</posy>
                    <width>11-col</width>
                    <height>486</height>
                    <aspectratio scalediffuse="false" align="left">scale</aspectratio>
                    <texture fallback="colors/offblack.png" border="0">$INFO[Listitem.thumb]</texture>
                    <bordertexture border="3" colordiffuse="33FFFFFF">colors/white.png</bordertexture>
                    <bordersize>3</bordersize>
                </control>

                <!--page scrollbar-->
                <control type="group" id="8000">
                    <visible>Control.IsVisible(60)</visible>
                    <animation effect="fade" start="100" end="70" time="100" condition="!controlgroup(8000).hasfocus">conditional</animation>
                    <control type="scrollbar" id="60">
                        <posx>84r</posx>
                        <posy>row-5-begin</posy>
                        <height>789</height>
                        <onleft>50</onleft>
                    </control>
                </control>

                <!--Folder titles-->
                <control type="group">
                    <posx>0</posx>
                    <posy>0</posy>
                    <!--source title-->
                    <control type="label">
                        <posx>col-1-begin</posx>
                        <posy>row-1-begin</posy>
                        <width>14-col</width>
                        <font>pageTitle</font>
                        <label>$LOCALIZE[31156] [COLOR highlight]$INFO[ListItem.Property(console)][/COLOR]</label>
                        <textcolor>textActive</textcolor>
                    </control>
                    <!--source subtitle-->
                    <control type="label">
                        <posx>col-1-begin</posx>
                        <posy>96</posy>
                        <width>auto</width>
                        <font>regular</font>
                        <label>$INFO[container.Numitems,, $LOCALIZE[31014]]</label>
                        <textcolor>textActive</textcolor>
                    </control>
                </control>
                <!--dateTime-->
                <include>dateTime</include>
            </control>
        <!--end of page container group-->
        </control>

        <!-- Console menu-->
        <control type="group" id="9000">
            <animation type="Conditional" condition="controlgroup(9000).hasfocus">
                <effect type="fade" start="0" end="100" time="300"/>
                <effect type="slide" start="-200" end="0" tween="sine" easing="out" time="400"/>
            </animation>
            <animation type="Conditional" condition="!controlgroup(9000).hasfocus">
                <effect type="fade" start="100" end="0" time="300"/>
                <effect type="slide" start="0" end="-200" tween="sine" easing="out" time="400"/>
            </animation>
            <control type="image">
                <posx>0</posx>
                <posy>0</posy>
                <width>col-7-begin</width>
                <height>fullscreenHeight</height>
                <texture>colors/white.png</texture>
                <colordiffuse>highlight</colordiffuse>
                <aspectratio>stretch</aspectratio>
            </control>
            <!--logo-->
            <control type="image">
                <posx>col-1-begin</posx>
                <posy>row-1-begin</posy>
                <width>1-col</width>
                <height>1-col</height>
                <texture>kodilogo.png</texture>
                <colordiffuse>textActive</colordiffuse>
                <aspectratio>stretch</aspectratio>
                <animation type="Conditional" condition="controlgroup(9000).hasfocus">
                    <effect type="rotatey" start="0" end="-15" center="132" tween="back" easing="out" delay="600" time="300"/>
                    <effect type="rotatey" start="0" end="15" center="132" tween="back" easing="out" delay="900" time="300"/>
                </animation>
            </control>
            <control type="list" id="500">
                <posx>0</posx>
                <posy>row-4-begin</posy>
                <width>8-col</width>
                <height>24-row</height>
                <orientation>vertical</orientation>
                <onleft>9002</onleft>
                <onright>9999</onright>
                <onback>activateWindow(home)</onback>
                <itemlayout width="col-7-begin" height="2-row">
                    <control type="label">
                        <posx>col-1-begin</posx>
                        <posy>0</posy>
                        <width>7-col</width>
                        <height>2-row</height>
                        <font>menuTitle</font>
                        <aligny>center</aligny>
                        <textcolor>textActive</textcolor>
                        <shadowcolor>-</shadowcolor>
                        <label>$INFO[ListItem.label]</label>
                    </control>
                </itemlayout>
                <focusedlayout width="col-7-begin" height="2-row">
                    <control type="image">
                        <posx>0</posx>
                        <posy>0</posy>
                        <width>col-7-begin</width>
                        <height>2-row</height>
                        <texture>colors/white.png</texture>
                        <colordiffuse>textActive</colordiffuse>
                        <aspectratio>stretch</aspectratio>
                    </control>
                    <control type="label">
                        <posx>col-1-begin</posx>
                        <posy>0</posy>
                        <width>8-col</width>
                        <height>2-row</height>
                        <font>menuTitle</font>
                        <aligny>center</aligny>
                        <textcolor>highlight</textcolor>
                        <shadowcolor>-</shadowcolor>
                        <label>$INFO[ListItem.label]</label>
                    </control>
                </focusedlayout>
            </control>
        </control>

        <!--sorting and misc controls-->
        <control type="group" id="61">
            <animation type="Conditional" condition="!controlgroup(9002).hasfocus | window.isactive(5900) | window.isactive(5000)">
                <effect type="fade" start="100" end="0" time="300"/>
                <effect type="slide" start="0" end="-200" tween="sine" easing="out" time="400"/>
            </animation>
            <animation type="Conditional" condition="controlgroup(9002).hasfocus">
                <effect type="fade" start="0" end="100" time="300"/>
                <effect type="slide" start="-200" end="0" tween="sine" easing="out" time="400"/>
            </animation>
            <control type="image">
                <posx>0</posx>
                <posy>0</posy>
                <width>col-7-begin</width>
                <height>fullscreenHeight</height>
                <texture>colors/white.png</texture>
                <colordiffuse>highlight</colordiffuse>
                <aspectratio>stretch</aspectratio>
            </control>
            <!--logo-->
            <control type="image">
                <posx>col-1-begin</posx>
                <posy>row-1-begin</posy>
                <width>1-col</width>
                <height>1-col</height>
                <texture>kodilogo.png</texture>
                <colordiffuse>textActive</colordiffuse>
                <aspectratio>stretch</aspectratio>
                <animation type="Conditional" condition="controlgroup(9000).hasfocus">
                    <effect type="rotatey" start="0" end="-15" center="132" tween="back" easing="out" delay="600" time="300"/>
                    <effect type="rotatey" start="0" end="15" center="132" tween="back" easing="out" delay="900" time="300"/>
                </animation>
            </control>
            <control type="grouplist" id="9002">
                <posx>0</posx>
                <posy>row-4-begin</posy>
                <width>col-7-begin</width>
                <height>27-row</height>
                <itemgap>0</itemgap>
                <onright>9000</onright>
                <onup>9002</onup>
                <ondown>9002</ondown>
                <control type="button" id="1100">
                    <description>Search</description>
                    <label>31124</label>
                    <height>2-row</height>
                    <width>col-7-begin</width>
                    <font>menuTitle</font>
                    <textcolor>textActive</textcolor>
                    <focusedcolor>highlight</focusedcolor>
                    <disabledcolor>menuDisabled</disabledcolor>
                    <texturefocus colordiffuse="textActive">colors/white.png</texturefocus>
                    <texturenofocus>-</texturenofocus>
                    <textoffsetx>col-1-begin</textoffsetx>
                </control>
                <control type="button" id="2000">
                    <description>Genre</description>
                    <label>$ADDON[script.games.rom.collection.browser 32401]: $INFO[control.getlabel(600)] </label>
                    <height>2-row</height>
                    <width>col-7-begin</width>
                    <font>menuTitle</font>
                    <textcolor>textActive</textcolor>
                    <focusedcolor>highlight</focusedcolor>
                    <disabledcolor>menuDisabled</disabledcolor>
                    <texturefocus colordiffuse="textActive">colors/white.png</texturefocus>
                    <texturenofocus>-</texturenofocus>
                    <textoffsetx>col-1-begin</textoffsetx>
                    <onclick>control.setfocus(600)</onclick>
                </control>
                <control type="button" id="2001">
                    <description>Year</description>
                    <label>$ADDON[script.games.rom.collection.browser 32400]: $INFO[control.getlabel(700)] </label>
                    <height>2-row</height>
                    <width>col-7-begin</width>
                    <font>menuTitle</font>
                    <textcolor>textActive</textcolor>
                    <focusedcolor>highlight</focusedcolor>
                    <disabledcolor>menuDisabled</disabledcolor>
                    <texturefocus colordiffuse="textActive">colors/white.png</texturefocus>
                    <texturenofocus>-</texturenofocus>
                    <textoffsetx>col-1-begin</textoffsetx>
                    <onclick>control.setfocus(700)</onclick>
                </control>
                <control type="button" id="2002">
                    <description>Publisher</description>
                    <label>$ADDON[script.games.rom.collection.browser 32402]: $INFO[control.getlabel(800)] </label>
                    <height>2-row</height>
                    <width>col-7-begin</width>
                    <font>menuTitle</font>
                    <textcolor>textActive</textcolor>
                    <focusedcolor>highlight</focusedcolor>
                    <disabledcolor>menuDisabled</disabledcolor>
                    <texturefocus colordiffuse="textActive">colors/white.png</texturefocus>
                    <texturenofocus>-</texturenofocus>
                    <textoffsetx>col-1-begin</textoffsetx>
                    <onclick>control.setfocus(800)</onclick>
                </control>
                <control type="button" id="2003">
                    <description>Character</description>
                    <label>$ADDON[script.games.rom.collection.browser 32407]: $INFO[control.getlabel(900)] </label>
                    <height>2-row</height>
                    <width>col-7-begin</width>
                    <font>menuTitle</font>
                    <textcolor>textActive</textcolor>
                    <focusedcolor>highlight</focusedcolor>
                    <disabledcolor>menuDisabled</disabledcolor>
                    <texturefocus colordiffuse="textActive">colors/white.png</texturefocus>
                    <texturenofocus>-</texturenofocus>
                    <textoffsetx>col-1-begin</textoffsetx>
                    <onclick>control.setfocus(900)</onclick>
                </control>
                <control type="radiobutton" id="1000">
                    <description>Favourites filter</description>
                    <height>2-row</height>
                    <width>col-7-begin</width>
                    <font>menuTitle</font>
                    <textcolor>textActive</textcolor>
                    <focusedcolor>highlight</focusedcolor>
                    <disabledcolor>menuDisabled</disabledcolor>
                    <texturefocus colordiffuse="textActive">colors/white.png</texturefocus>
                    <texturenofocus>-</texturenofocus>
                    <textoffsetx>col-1-begin</textoffsetx>
                    <label>$ADDON[script.games.rom.collection.browser 32404]:</label>
                </control>
                <control type="button" id="4001">
                    <description>Missing info filter</description>
                    <height>2-row</height>
                    <width>col-7-begin</width>
                    <font>menuTitle</font>
                    <textcolor>textActive</textcolor>
                    <focusedcolor>highlight</focusedcolor>
                    <disabledcolor>menuDisabled</disabledcolor>
                    <texturefocus colordiffuse="textActive">colors/white.png</texturefocus>
                    <texturenofocus>-</texturenofocus>
                    <textoffsetx>col-1-begin</textoffsetx>
                    <label>$ADDON[script.games.rom.collection.browser 32409]</label>
                </control>
            </control>
        </control>

        <!-- filter controls -->
        <control type="group" id="100">
            <animation type="Conditional" condition="!controlgroup(100).hasfocus">
                <effect type="fade" start="100" end="0" time="300"/>
                <effect type="slide" start="0" end="-200" tween="sine" easing="out" time="400"/>
            </animation>
            <animation type="Conditional" condition="controlgroup(100).hasfocus">
                <effect type="fade" start="0" end="100" time="300"/>
                <effect type="slide" start="-200" end="0" tween="sine" easing="out" time="400"/>
            </animation>
            <control type="image">
                <posx>0</posx>
                <posy>0</posy>
                <width>col-7-begin</width>
                <height>fullscreenHeight</height>
                <texture>colors/white.png</texture>
                <colordiffuse>highlight</colordiffuse>
                <aspectratio>stretch</aspectratio>
            </control>
            <!--logo-->
            <control type="image">
                <posx>col-1-begin</posx>
                <posy>row-1-begin</posy>
                <width>1-col</width>
                <height>1-col</height>
                <texture>kodilogo.png</texture>
                <colordiffuse>textActive</colordiffuse>
                <aspectratio>stretch</aspectratio>
                <animation type="Conditional" condition="controlgroup(9000).hasfocus">
                    <effect type="rotatey" start="0" end="-15" center="132" tween="back" easing="out" delay="600" time="300"/>
                    <effect type="rotatey" start="0" end="15" center="132" tween="back" easing="out" delay="900" time="300"/>
                </animation>
            </control>
            <!--genre-->
            <control type="list" id="600">
                <visible allowhiddenfocus="true">Control.HasFocus(600)</visible>
                <posx>0</posx>
                <posy>row-4-begin</posy>
                <width>8-col</width>
                <height>24-row</height>
                <orientation>vertical</orientation>
                <onleft>9002</onleft>
                <onright>9999</onright>
                <onback>activateWindow(home)</onback>
                <itemlayout width="col-7-begin" height="2-row">
                    <control type="label">
                        <posx>col-1-begin</posx>
                        <posy>0</posy>
                        <width>7-col</width>
                        <height>2-row</height>
                        <font>menuTitle</font>
                        <aligny>center</aligny>
                        <textcolor>textActive</textcolor>
                        <shadowcolor>-</shadowcolor>
                        <label>$INFO[ListItem.label]</label>
                    </control>
                </itemlayout>
                <focusedlayout width="col-7-begin" height="2-row">
                    <control type="image">
                        <posx>0</posx>
                        <posy>0</posy>
                        <width>col-7-begin</width>
                        <height>2-row</height>
                        <texture>colors/white.png</texture>
                        <colordiffuse>textActive</colordiffuse>
                        <aspectratio>stretch</aspectratio>
                    </control>
                    <control type="label">
                        <posx>col-1-begin</posx>
                        <posy>0</posy>
                        <width>8-col</width>
                        <height>2-row</height>
                        <font>menuTitle</font>
                        <aligny>center</aligny>
                        <textcolor>highlight</textcolor>
                        <shadowcolor>-</shadowcolor>
                        <label>$INFO[ListItem.label]</label>
                    </control>
                </focusedlayout>
            </control>
            <!-- Year filter -->
            <control type="list" id="700">
                <visible allowhiddenfocus="true">Control.HasFocus(700)</visible>
                <posx>0</posx>
                <posy>row-4-begin</posy>
                <width>8-col</width>
                <height>24-row</height>
                <orientation>vertical</orientation>
                <onleft>9002</onleft>
                <onright>9999</onright>
                <onback>activateWindow(home)</onback>
                <itemlayout width="col-7-begin" height="2-row">
                    <control type="label">
                        <posx>col-1-begin</posx>
                        <posy>0</posy>
                        <width>7-col</width>
                        <height>2-row</height>
                        <font>menuTitle</font>
                        <aligny>center</aligny>
                        <textcolor>textActive</textcolor>
                        <shadowcolor>-</shadowcolor>
                        <label>$INFO[ListItem.label]</label>
                    </control>
                </itemlayout>
                <focusedlayout width="col-7-begin" height="2-row">
                    <control type="image">
                        <posx>0</posx>
                        <posy>0</posy>
                        <width>col-7-begin</width>
                        <height>2-row</height>
                        <texture>colors/white.png</texture>
                        <colordiffuse>textActive</colordiffuse>
                        <aspectratio>stretch</aspectratio>
                    </control>
                    <control type="label">
                        <posx>col-1-begin</posx>
                        <posy>0</posy>
                        <width>8-col</width>
                        <height>2-row</height>
                        <font>menuTitle</font>
                        <aligny>center</aligny>
                        <textcolor>highlight</textcolor>
                        <shadowcolor>-</shadowcolor>
                        <label>$INFO[ListItem.label]</label>
                    </control>
                </focusedlayout>
            </control>
            <!-- Publisher filter -->
            <control type="list" id="800">
                <visible allowhiddenfocus="true">Control.HasFocus(800)</visible>
                <posx>0</posx>
                <posy>row-4-begin</posy>
                <width>8-col</width>
                <height>24-row</height>
                <orientation>vertical</orientation>
                <onleft>9002</onleft>
                <onright>9999</onright>
                <onback>activateWindow(home)</onback>
                <itemlayout width="col-7-begin" height="2-row">
                    <control type="label">
                        <posx>col-1-begin</posx>
                        <posy>0</posy>
                        <width>7-col</width>
                        <height>2-row</height>
                        <font>menuTitle</font>
                        <aligny>center</aligny>
                        <textcolor>textActive</textcolor>
                        <shadowcolor>-</shadowcolor>
                        <label>$INFO[ListItem.label]</label>
                    </control>
                </itemlayout>
                <focusedlayout width="col-7-begin" height="2-row">
                    <control type="image">
                        <posx>0</posx>
                        <posy>0</posy>
                        <width>col-7-begin</width>
                        <height>2-row</height>
                        <texture>colors/white.png</texture>
                        <colordiffuse>textActive</colordiffuse>
                        <aspectratio>stretch</aspectratio>
                    </control>
                    <control type="label">
                        <posx>col-1-begin</posx>
                        <posy>0</posy>
                        <width>8-col</width>
                        <height>2-row</height>
                        <font>menuTitle</font>
                        <aligny>center</aligny>
                        <textcolor>highlight</textcolor>
                        <shadowcolor>-</shadowcolor>
                        <label>$INFO[ListItem.label]</label>
                    </control>
                </focusedlayout>
            </control>
            <!-- Character filter-->
            <control type="list" id="900">
                <visible allowhiddenfocus="true">Control.HasFocus(900)</visible>
                <posx>0</posx>
                <posy>row-4-begin</posy>
                <width>8-col</width>
                <height>24-row</height>
                <orientation>vertical</orientation>
                <onleft>9002</onleft>
                <onright>9999</onright>
                <onback>activateWindow(home)</onback>
                <itemlayout width="col-7-begin" height="2-row">
                    <control type="label">
                        <posx>col-1-begin</posx>
                        <posy>0</posy>
                        <width>7-col</width>
                        <height>2-row</height>
                        <font>menuTitle</font>
                        <aligny>center</aligny>
                        <textcolor>textActive</textcolor>
                        <shadowcolor>-</shadowcolor>
                        <label>$INFO[ListItem.label]</label>
                    </control>
                </itemlayout>
                <focusedlayout width="col-7-begin" height="2-row">
                    <control type="image">
                        <posx>0</posx>
                        <posy>0</posy>
                        <width>col-7-begin</width>
                        <height>2-row</height>
                        <texture>colors/white.png</texture>
                        <colordiffuse>textActive</colordiffuse>
                        <aspectratio>stretch</aspectratio>
                    </control>
                    <control type="label">
                        <posx>col-1-begin</posx>
                        <posy>0</posy>
                        <width>8-col</width>
                        <height>2-row</height>
                        <font>menuTitle</font>
                        <aligny>center</aligny>
                        <textcolor>highlight</textcolor>
                        <shadowcolor>-</shadowcolor>
                        <label>$INFO[ListItem.label]</label>
                    </control>
                </focusedlayout>
            </control>
        </control>

        <!-- Busy indicator -->
        <control type="group">
            <visible>!isempty(control.getlabel(4000))</visible>
            <posx>0</posx>
            <posy>0</posy>
            <!--animations-->
            <animation type="visible">
                <effect type="fade" start="0" end="100" time="400"/>
            </animation>
            <animation type="hidden">
                <effect type="fade" start="100" end="0" time="200"/>
            </animation>
            <control type="image">
                <include>dimensionsFullscreen</include>
                <texture>colors/black.png</texture>
                <colordiffuse>77FFFFFF</colordiffuse>
                <aspectratio>stretch</aspectratio>
            </control>
            <control type="image">
                <include>dimensionsFullscreen</include>
                <texture>backgrounds/vignette.png</texture>
                <colordiffuse>ffffffff</colordiffuse>
                <aspectratio>stretch</aspectratio>
            </control>
            <control type="image">
                <posx>13-col</posx>
                <posy>row-9-begin</posy>
                <width>50</width>
                <height>50</height>
                <aspectratio>keep</aspectratio>
                <texture border="0">busy.gif</texture>
                <bordertexture border="0">-</bordertexture>
                <colordiffuse>99FFFFFF</colordiffuse>
            </control>
            <control type="label" id="4000">
                <visible>false</visible>
                <description>Notes</description>
            </control>
        </control>
        <!--debugging-->
        <include>DebugGrid</include>
        <control type="label">
            <include>WindowID</include>
            <label>script-Rom_Collection_Browser-main.xml</label>
        </control>
    </controls>
</window>
