<?xml version="1.0" encoding="UTF-8"?>
<includes>
    <include name="musicRecentItems">
         <control type="group">
             <posx>col-1-begin</posx>
             <posy>row-5-begin</posy>

             <!--animations-->
             <animation type="Conditional" condition="controlgroup(9301).hasfocus | controlgroup(9302).hasfocus" reversible="false">
                 <effect type="slide" start="0" end="0,-398" tween="cubic" easing="out" time="400"/>
             </animation>
             <animation type="Conditional" condition="controlgroup(9302).hasfocus" reversible="false">
                  <effect type="slide" start="0" end="0,-686" tween="cubic" easing="out" time="400"/>
              </animation>

             <!--top albums-->
             <control type="group" id="9300">
                <animation type="Conditional" condition="!controlgroup(9300).hasfocus + !controlgroup(9000).hasfocus">
                    <effect type="fade" start="100" end="5" time="200"/>
                </animation>
                <control type="label">
                    <posx>0</posx>
                    <posy>0</posy>
                    <width>24-col</width>
                    <height>1-row</height>
                    <align></align>
                    <font>pageTitle</font>
                    <textcolor>textActive</textcolor>
                    <label>$LOCALIZE[31187]</label>
                </control>
                <control type="panel" id="9998">
                    <posx>0</posx>
                    <posy>2-row</posy>
                    <width>24-col</width>
                    <height>10-row</height>
                    <onleft>9000</onleft>
                    <ondown>9997</ondown>
                    <content>plugin://script.thedeadman.functions?type=favouritealbums</content>
                    <orientation>horizontal</orientation>
                    <itemlayout width="4-col" height="4-col">
                        <control type="image">
                            <posx>0</posx>
                            <posy>0</posy>
                            <width>4-col-gutter</width>
                            <height>4-col-gutter</height>
                            <aspectratio>stretch</aspectratio>
                            <texture border="3">colors/black.png</texture>
                            <bordertexture colordiffuse="33FFFFFF">colors/white.png</bordertexture>
                            <bordersize>3</bordersize>
                            <colordiffuse>textboxInactive</colordiffuse>
                        </control>
                        <control type="label">
                            <posx>12</posx>
                            <posy>2-row</posy>
                            <width>240</width>
                            <height>2-row</height>
                            <align>center</align>
                            <aligny>center</aligny>
                            <font>regularStrong</font>
                            <textcolor>disabled</textcolor>
                            <label>$INFO[ListItem.Title]</label>
                        </control>
                        <control type="label">
                            <posx>12</posx>
                            <posy>3-row</posy>
                            <width>240</width>
                            <height>2-row</height>
                            <align>center</align>
                            <aligny>center</aligny>
                            <font>buttonTitle</font>
                            <textcolor>disabled</textcolor>
                            <label>$INFO[ListItem.artist]</label>
                        </control>
                        <control type="image">
                            <posx>0</posx>
                            <posy>0</posy>
                            <width>4-col-gutter</width>
                            <height>4-col-gutter</height>
                            <aspectratio>stretch</aspectratio>
                            <texture border="0">$INFO[Listitem.thumb]</texture>
                            <bordertexture border="3" colordiffuse="33FFFFFF">colors/white.png</bordertexture>
                            <bordersize>3</bordersize>
                            <colordiffuse>ffFFFFFF</colordiffuse>
                        </control>
                    </itemlayout>
                    <focusedlayout width="4-col" height="4-col">
                        <control type="group">
                            <animation type="focus" loop="false" reversible="false">
                                <effect type="rotatey" start="0" end="-15" center="132" tween="back" easing="out" time="300"/>
                                <effect type="rotatey" start="0" end="15" center="132" tween="back" easing="out" delay="300" time="300"/>
                                <effect type="zoom" start="95" end="110" center="auto" tween="back" easing="out" time="300"/>
                            </animation>
                            <control type="image">
                                <posx>0</posx>
                                <posy>0</posy>
                                <width>4-col-gutter</width>
                                <height>4-col-gutter</height>
                                <aspectratio>stretch</aspectratio>
                                <texture border="0">colors/offblack.png</texture>
                                <bordertexture border="3" colordiffuse="ffFFFFFF">colors/white.png</bordertexture>
                                <bordersize>3</bordersize>
                                <colordiffuse>ffFFFFFF</colordiffuse>
                            </control>
                            <control type="image">
                                <posx>3</posx>
                                <posy>3</posy>
                                <width>258</width>
                                <height>258</height>
                                <aspectratio>stretch</aspectratio>
                                <texture border="0">colors/black.png</texture>
                                <colordiffuse>ccFFFFFF</colordiffuse>
                            </control>
                            <control type="image">
                                <posx>0</posx>
                                <posy>0</posy>
                                <width>4-col-gutter</width>
                                <height>4-col-gutter</height>
                                <aspectratio>stretch</aspectratio>
                                <texture border="0">$INFO[Listitem.thumb]</texture>
                                <bordertexture border="3" colordiffuse="33FFFFFF">colors/white.png</bordertexture>
                                <bordersize>3</bordersize>
                                <colordiffuse>ff666666</colordiffuse>
                            </control>
                            <control type="label">
                                <posx>12</posx>
                                <posy>2-row</posy>
                                <width>240</width>
                                <height>2-row</height>
                                <align>center</align>
                                <aligny>center</aligny>
                                <font>regularStrong</font>
                                <textcolor>textActive</textcolor>
                                <label>$INFO[ListItem.title]</label>
                            </control>
                            <control type="label">
                                <posx>12</posx>
                                <posy>3-row</posy>
                                <width>240</width>
                                <height>2-row</height>
                                <align>center</align>
                                <aligny>center</aligny>
                                <font>buttonTitle</font>
                                <textcolor>textActive</textcolor>
                                <label>$INFO[ListItem.Artist]</label>
                            </control>
                            <control type="grouplist">
                                <posx>42</posx>
                                <posy>5-row</posy>
                                <width>4-col-gutter</width>
                                <orientation>horizontal</orientation>
                                <control type="label">
                                    <width>24</width>
                                    <height>2-row</height>
                                    <aligny>center</aligny>
                                    <font>symbol</font>
                                    <textcolor>textActive</textcolor>
                                    <label></label>
                                </control>
                                <control type="label">
                                    <width>1-col</width>
                                    <height>2-row</height>
                                    <aligny>center</aligny>
                                    <font>smallStrong</font>
                                    <textcolor>textActive</textcolor>
                                    <label>$LOCALIZE[31183]</label>
                                </control>
                                <control type="label">
                                    <width>24</width>
                                    <height>2-row</height>
                                    <aligny>center</aligny>
                                    <font>symbol</font>
                                    <textcolor>textActive</textcolor>
                                    <label></label>
                                </control>
                                <control type="label">
                                    <width>1-col</width>
                                    <height>2-row</height>
                                    <aligny>center</aligny>
                                    <font>smallStrong</font>
                                    <textcolor>textActive</textcolor>
                                    <label>$LOCALIZE[31184]</label>
                                </control>
                            </control>
                        </control>
                    </focusedlayout>
                </control>
            </control>
            <!--recently added albums-->
            <control type="group" id="9301">
                <animation type="Conditional" condition="controlgroup(9302).hasfocus">
                    <effect type="fade" start="100" end="5" time="200"/>
                </animation>
                <control type="label">
                    <posx>0</posx>
                    <posy>11-row</posy>
                    <width>24-col</width>
                    <height>1-row</height>
                    <align></align>
                    <font>pageTitle</font>
                    <textcolor>textActive</textcolor>
                    <label>$LOCALIZE[31180]</label>
                </control>
                <control type="panel" id="9997">
                    <posx>0</posx>
                    <posy>13-row</posy>
                    <width>24-col</width>
                    <height>20-row</height>
                    <onleft>9000</onleft>
                    <onup>9998</onup>
                    <ondown>9996</ondown>
                    <content>plugin://script.thedeadman.functions?type=recentalbums</content>
                    <itemlayout width="4-col" height="4-col">
                        <control type="image">
                            <posx>0</posx>
                            <posy>0</posy>
                            <width>4-col-gutter</width>
                            <height>4-col-gutter</height>
                            <aspectratio>stretch</aspectratio>
                            <texture border="3">colors/black.png</texture>
                            <bordertexture colordiffuse="33FFFFFF">colors/white.png</bordertexture>
                            <bordersize>3</bordersize>
                            <colordiffuse>textboxInactive</colordiffuse>
                        </control>
                        <control type="label">
                            <posx>12</posx>
                            <posy>2-row</posy>
                            <width>240</width>
                            <height>2-row</height>
                            <align>center</align>
                            <aligny>center</aligny>
                            <font>regularStrong</font>
                            <textcolor>disabled</textcolor>
                            <label>$INFO[ListItem.Title]</label>
                        </control>
                        <control type="label">
                            <posx>12</posx>
                            <posy>3-row</posy>
                            <width>240</width>
                            <height>2-row</height>
                            <align>center</align>
                            <aligny>center</aligny>
                            <font>buttonTitle</font>
                            <textcolor>disabled</textcolor>
                            <label>$INFO[ListItem.artist]</label>
                        </control>
                        <control type="image">
                            <posx>0</posx>
                            <posy>0</posy>
                            <width>4-col-gutter</width>
                            <height>4-col-gutter</height>
                            <aspectratio>stretch</aspectratio>
                            <texture border="0">$INFO[Listitem.thumb]</texture>
                            <bordertexture border="3" colordiffuse="33FFFFFF">colors/white.png</bordertexture>
                            <bordersize>3</bordersize>
                            <colordiffuse>ffFFFFFF</colordiffuse>
                        </control>
                    </itemlayout>
                    <focusedlayout width="4-col" height="4-col">
                        <control type="group">
                            <animation type="focus" loop="false" reversible="false">
                                <effect type="rotatey" start="0" end="-15" center="132" tween="back" easing="out" time="300"/>
                                <effect type="rotatey" start="0" end="15" center="132" tween="back" easing="out" delay="300" time="300"/>
                                <effect type="zoom" start="95" end="110" center="auto" tween="back" easing="out" time="300"/>
                            </animation>
                            <control type="image">
                                <posx>0</posx>
                                <posy>0</posy>
                                <width>4-col-gutter</width>
                                <height>4-col-gutter</height>
                                <aspectratio>stretch</aspectratio>
                                <texture border="0">colors/offblack.png</texture>
                                <bordertexture border="3" colordiffuse="ffFFFFFF">colors/white.png</bordertexture>
                                <bordersize>3</bordersize>
                                <colordiffuse>ffFFFFFF</colordiffuse>
                            </control>
                            <control type="image">
                                <posx>3</posx>
                                <posy>3</posy>
                                <width>258</width>
                                <height>258</height>
                                <aspectratio>stretch</aspectratio>
                                <texture border="0">colors/black.png</texture>
                                <colordiffuse>ccFFFFFF</colordiffuse>
                            </control>
                            <control type="image">
                                <posx>0</posx>
                                <posy>0</posy>
                                <width>4-col-gutter</width>
                                <height>4-col-gutter</height>
                                <aspectratio>stretch</aspectratio>
                                <texture border="0">$INFO[Listitem.thumb]</texture>
                                <bordertexture border="3" colordiffuse="33FFFFFF">colors/white.png</bordertexture>
                                <bordersize>3</bordersize>
                                <colordiffuse>ff666666</colordiffuse>
                            </control>
                            <control type="label">
                                <posx>12</posx>
                                <posy>2-row</posy>
                                <width>240</width>
                                <height>2-row</height>
                                <align>center</align>
                                <aligny>center</aligny>
                                <font>regularStrong</font>
                                <textcolor>textActive</textcolor>
                                <label>$INFO[ListItem.title]</label>
                            </control>
                            <control type="label">
                                <posx>12</posx>
                                <posy>3-row</posy>
                                <width>240</width>
                                <height>2-row</height>
                                <align>center</align>
                                <aligny>center</aligny>
                                <font>buttonTitle</font>
                                <textcolor>textActive</textcolor>
                                <label>$INFO[ListItem.Artist]</label>
                            </control>
                            <control type="grouplist">
                                <posx>42</posx>
                                <posy>5-row</posy>
                                <width>4-col-gutter</width>
                                <orientation>horizontal</orientation>
                                <control type="label">
                                    <width>24</width>
                                    <height>2-row</height>
                                    <aligny>center</aligny>
                                    <font>symbol</font>
                                    <textcolor>textActive</textcolor>
                                    <label></label>
                                </control>
                                <control type="label">
                                    <width>1-col</width>
                                    <height>2-row</height>
                                    <aligny>center</aligny>
                                    <font>smallStrong</font>
                                    <textcolor>textActive</textcolor>
                                    <label>$LOCALIZE[31183]</label>
                                </control>
                                <control type="label">
                                    <width>24</width>
                                    <height>2-row</height>
                                    <aligny>center</aligny>
                                    <font>symbol</font>
                                    <textcolor>textActive</textcolor>
                                    <label></label>
                                </control>
                                <control type="label">
                                    <width>1-col</width>
                                    <height>2-row</height>
                                    <aligny>center</aligny>
                                    <font>smallStrong</font>
                                    <textcolor>textActive</textcolor>
                                    <label>$LOCALIZE[31184]</label>
                                </control>
                            </control>
                        </control>
                    </focusedlayout>
                </control>
            </control>
            <!--random albums-->
            <control type="group" id="9302">
                <control type="label">
                    <posx>0</posx>
                    <posy>1080</posy>
                    <width>24-col</width>
                    <height>1-row</height>
                    <align></align>
                    <font>pageTitle</font>
                    <textcolor>textActive</textcolor>
                    <label>$LOCALIZE[31181]</label>
                </control>
                <control type="panel" id="9996">
                    <posx>0</posx>
                    <posy>1152</posy>
                    <width>24-col</width>
                    <height>20-row</height>
                    <onleft>9000</onleft>
                    <onup>9997</onup>
                    <content>plugin://script.thedeadman.functions?type=randomalbums</content>
                    <itemlayout width="4-col" height="4-col">
                        <control type="image">
                            <posx>0</posx>
                            <posy>0</posy>
                            <width>4-col-gutter</width>
                            <height>4-col-gutter</height>
                            <aspectratio>stretch</aspectratio>
                            <texture border="3">colors/black.png</texture>
                            <bordertexture colordiffuse="33FFFFFF">colors/white.png</bordertexture>
                            <bordersize>3</bordersize>
                            <colordiffuse>textboxInactive</colordiffuse>
                        </control>
                        <control type="label">
                            <posx>12</posx>
                            <posy>2-row</posy>
                            <width>240</width>
                            <height>2-row</height>
                            <align>center</align>
                            <aligny>center</aligny>
                            <font>regularStrong</font>
                            <textcolor>disabled</textcolor>
                            <label>$INFO[ListItem.Title]</label>
                        </control>
                        <control type="label">
                            <posx>12</posx>
                            <posy>3-row</posy>
                            <width>240</width>
                            <height>2-row</height>
                            <align>center</align>
                            <aligny>center</aligny>
                            <font>buttonTitle</font>
                            <textcolor>disabled</textcolor>
                            <label>$INFO[ListItem.artist]</label>
                        </control>
                        <control type="image">
                            <posx>0</posx>
                            <posy>0</posy>
                            <width>4-col-gutter</width>
                            <height>4-col-gutter</height>
                            <aspectratio>stretch</aspectratio>
                            <texture border="0">$INFO[Listitem.thumb]</texture>
                            <bordertexture border="3" colordiffuse="33FFFFFF">colors/white.png</bordertexture>
                            <bordersize>3</bordersize>
                            <colordiffuse>ffFFFFFF</colordiffuse>
                        </control>
                    </itemlayout>
                    <focusedlayout width="4-col" height="4-col">
                        <control type="group">
                            <animation type="focus" loop="false" reversible="false">
                                <effect type="rotatey" start="0" end="-15" center="132" tween="back" easing="out" time="300"/>
                                <effect type="rotatey" start="0" end="15" center="132" tween="back" easing="out" delay="300" time="300"/>
                                <effect type="zoom" start="95" end="110" center="auto" tween="back" easing="out" time="300"/>
                            </animation>
                            <control type="image">
                                <posx>0</posx>
                                <posy>0</posy>
                                <width>4-col-gutter</width>
                                <height>4-col-gutter</height>
                                <aspectratio>stretch</aspectratio>
                                <texture border="0">colors/offblack.png</texture>
                                <bordertexture border="3" colordiffuse="ffFFFFFF">colors/white.png</bordertexture>
                                <bordersize>3</bordersize>
                                <colordiffuse>ffFFFFFF</colordiffuse>
                            </control>
                            <control type="image">
                                <posx>3</posx>
                                <posy>3</posy>
                                <width>258</width>
                                <height>258</height>
                                <aspectratio>stretch</aspectratio>
                                <texture border="0">colors/black.png</texture>
                                <colordiffuse>ccFFFFFF</colordiffuse>
                            </control>
                            <control type="image">
                                <posx>0</posx>
                                <posy>0</posy>
                                <width>4-col-gutter</width>
                                <height>4-col-gutter</height>
                                <aspectratio>stretch</aspectratio>
                                <texture border="0">$INFO[Listitem.thumb]</texture>
                                <bordertexture border="3" colordiffuse="33FFFFFF">colors/white.png</bordertexture>
                                <bordersize>3</bordersize>
                                <colordiffuse>ff666666</colordiffuse>
                            </control>
                            <control type="label">
                                <posx>12</posx>
                                <posy>2-row</posy>
                                <width>240</width>
                                <height>2-row</height>
                                <align>center</align>
                                <aligny>center</aligny>
                                <font>regularStrong</font>
                                <textcolor>textActive</textcolor>
                                <label>$INFO[ListItem.title]</label>
                            </control>
                            <control type="label">
                                <posx>12</posx>
                                <posy>3-row</posy>
                                <width>240</width>
                                <height>2-row</height>
                                <align>center</align>
                                <aligny>center</aligny>
                                <font>buttonTitle</font>
                                <textcolor>textActive</textcolor>
                                <label>$INFO[ListItem.Artist]</label>
                            </control>
                            <control type="grouplist">
                                <posx>42</posx>
                                <posy>5-row</posy>
                                <width>4-col-gutter</width>
                                <orientation>horizontal</orientation>
                                <control type="label">
                                    <width>24</width>
                                    <height>2-row</height>
                                    <aligny>center</aligny>
                                    <font>symbol</font>
                                    <textcolor>textActive</textcolor>
                                    <label></label>
                                </control>
                                <control type="label">
                                    <width>1-col</width>
                                    <height>2-row</height>
                                    <aligny>center</aligny>
                                    <font>smallStrong</font>
                                    <textcolor>textActive</textcolor>
                                    <label>$LOCALIZE[31183]</label>
                                </control>
                                <control type="label">
                                    <width>24</width>
                                    <height>2-row</height>
                                    <aligny>center</aligny>
                                    <font>symbol</font>
                                    <textcolor>textActive</textcolor>
                                    <label></label>
                                </control>
                                <control type="label">
                                    <width>1-col</width>
                                    <height>2-row</height>
                                    <aligny>center</aligny>
                                    <font>smallStrong</font>
                                    <textcolor>textActive</textcolor>
                                    <label>$LOCALIZE[31184]</label>
                                </control>
                            </control>
                        </control>
                    </focusedlayout>
                </control>
            </control>
        </control>
    </include>
</includes>
