<?xml version="1.0" encoding="UTF-8"?>
<includes>
    <include name="videoRecentItems">
        <control type="group" id="9300">
            <animation type="windowopen">
                <effect type="fade" start="0" end="100" time="500"/>
            </animation>
            <animation type="Conditional" condition="controlgroup(9301).hasfocus">
                <effect type="fade" start="100" end="5" time="200"/>
                <effect type="slide" start="0,0" end="0,-100" time="200"/>
            </animation>
            <control type="label">
                <visible>SubString(skin.string(videoHomeItemsMoviesSource),recentmovies)</visible>
                <posx>col-1-begin</posx>
                <posy>row-5-begin</posy>
                <width>24-col</width>
                <height>1-row</height>
                <align></align>
                <font>pageTitle</font>
                <textcolor>textActive</textcolor>
                <label>$LOCALIZE[31176]</label>
            </control>
            <control type="label">
                <visible>SubString(skin.string(videoHomeItemsMoviesSource),randommovies)</visible>
                <posx>col-1-begin</posx>
                <posy>row-5-begin</posy>
                <width>24-col</width>
                <height>1-row</height>
                <align></align>
                <font>pageTitle</font>
                <textcolor>textActive</textcolor>
                <label>$LOCALIZE[31177]</label>
            </control>
            <control type="panel" id="9998">
                <visible>!stringcompare(Window(Home).Property(Movies.UnWatched),0)</visible>
                <posx>col-1-begin</posx>
                <posy>row-7-begin</posy>
                <width>24-col</width>
                <height>11-row</height>
                <onleft>9000</onleft>
                <onup>control.setfocus(9997,$INFO[Container(9998).Position])</onup>
                <ondown>control.setfocus(9997,$INFO[Container(9998).Position])</ondown>
                <onback>activateWindow(home)</onback>
                <orientation>horizontal</orientation>
                <animation type="windowopen">
                    <include>listSlideIn</include>
                </animation>
                <animation type="windowclose">
                    <effect type="fade" start="100" end="0" time="300"/>
                </animation>
                <content>plugin://script.thedeadman.functions?type=recentmovies</content>
                <itemlayout width="4-col" height="396">
                    <control type="image">
                        <posx>0</posx>
                        <posy>0</posy>
                        <width>4-col-gutter</width>
                        <height>396</height>
                        <aspectratio>stretch</aspectratio>
                        <texture fallback="colors/black.png" border="0">$INFO[ListItem.Art(poster)]</texture>
                        <bordertexture border="3" colordiffuse="33FFFFFF">colors/white.png</bordertexture>
                        <bordersize>3</bordersize>
                        <colordiffuse>ffffffff</colordiffuse>
                    </control>
                </itemlayout>
                <focusedlayout width="4-col" height="396">
                    <control type="group">
                        <animation type="focus" loop="false" reversible="false">
                            <effect type="rotatey" start="0" end="-15" center="132" tween="back" easing="out" time="300"/>
                            <effect type="rotatey" start="0" end="15" center="132" tween="back" easing="out" delay="300" time="300"/>
                            <effect type="zoom" start="95" end="110" center="auto" tween="back" easing="out" time="300"/>
                        </animation>
                        <control type="image">
                            <posx>0</posx>
                            <posy>0</posy>
                            <width>4-col-gutter</width>
                            <height>396</height>
                            <aspectratio>stretch</aspectratio>
                            <texture fallback="colors/black.png" border="0">$INFO[ListItem.Art(poster)]</texture>
                            <bordertexture border="3" colordiffuse="ffFFFFFF">colors/white.png</bordertexture>
                            <bordersize>3</bordersize>
                            <colordiffuse>ff666666</colordiffuse>
                        </control>
                        <control type="label">
                            <posx>12</posx>
                            <posy>4-row</posy>
                            <width>240</width>
                            <height>2-row</height>
                            <align>center</align>
                            <aligny>center</aligny>
                            <font>regularStrong</font>
                            <textcolor>textActive</textcolor>
                            <label>$INFO[ListItem.title]</label>
                        </control>
                        <control type="label">
                            <posx>12</posx>
                            <posy>5-row</posy>
                            <width>240</width>
                            <height>2-row</height>
                            <align>center</align>
                            <aligny>center</aligny>
                            <font>buttonTitle</font>
                            <textcolor>textActive</textcolor>
                            <label>$INFO[ListItem.year]</label>
                        </control>
                        <control type="grouplist">
                            <posx>42</posx>
                            <posy>9-row</posy>
                            <width>4-col-gutter</width>
                            <orientation>horizontal</orientation>
                            <control type="label">
                                <width>24</width>
                                <height>2-row</height>
                                <aligny>center</aligny>
                                <font>symbol</font>
                                <textcolor>textActive</textcolor>
                                <label></label>
                            </control>
                            <control type="label">
                                <width>1-col</width>
                                <height>2-row</height>
                                <aligny>center</aligny>
                                <font>smallStrong</font>
                                <textcolor>textActive</textcolor>
                                <label>$LOCALIZE[31183]</label>
                            </control>
                            <control type="label">
                                <width>24</width>
                                <height>2-row</height>
                                <aligny>center</aligny>
                                <font>symbol</font>
                                <textcolor>textActive</textcolor>
                                <label></label>
                            </control>
                            <control type="label">
                                <width>1-col</width>
                                <height>2-row</height>
                                <aligny>center</aligny>
                                <font>smallStrong</font>
                                <textcolor>textActive</textcolor>
                                <label>$LOCALIZE[31184]</label>
                            </control>
                        </control>
                    </control>
                </focusedlayout>
            </control>
        </control>

        <control type="group" id="9301">
            <animation type="Conditional" condition="controlgroup(9301).hasfocus">
                <effect type="slide" start="0,0" end="0,-400" time="200"/>
            </animation>
            <control type="label">
                <visible>SubString(skin.string(videoHomeItemsEpisodesSource),recentepisodes)</visible>
                <posx>col-1-begin</posx>
                <posy>row-19-begin</posy>
                <width>24-col</width>
                <height>1-row</height>
                <align></align>
                <font>pageTitle</font>
                <textcolor>textActive</textcolor>
                <label>$LOCALIZE[31178]</label>
            </control>
            <control type="label">
                <visible>SubString(skin.string(videoHomeItemsEpisodesSource),randomepisodes)</visible>
                <posx>col-1-begin</posx>
                <posy>row-19-begin</posy>
                <width>24-col</width>
                <height>1-row</height>
                <align></align>
                <font>pageTitle</font>
                <textcolor>textActive</textcolor>
                <label>$LOCALIZE[31179]</label>
            </control>
            <control type="panel" id="9997">
                <visible>!stringcompare(Window(Home).Property(Episodes.UnWatched),0)</visible>
                <posx>col-1-begin</posx>
                <posy>row-21-begin</posy>
                <width>24-col</width>
                <height>12-row</height>
                <onleft>9000</onleft>
                <ondown>control.setfocus(9998,$INFO[Container(9997).Position])</ondown>
                <onup>control.setfocus(9998,$INFO[Container(9997).Position])</onup>
                <onback>activateWindow(home)</onback>
                <orientation>horizontal</orientation>
                <animation type="windowopen">
                    <include>listSlideIn</include>
                </animation>
                <animation type="windowclose">
                    <effect type="fade" start="100" end="0" time="300"/>
                </animation>
                <content>plugin://script.thedeadman.functions?type=recentepisodes</content>
                <itemlayout width="4-col" height="396">
                    <control type="image">
                        <posx>0</posx>
                        <posy>0</posy>
                        <width>4-col-gutter</width>
                        <height>396</height>
                        <aspectratio>stretch</aspectratio>
                        <texture fallback="colors/black.png" border="0">$INFO[ListItem.property(season_poster)]</texture>
                        <bordertexture border="3" colordiffuse="33FFFFFF">colors/white.png</bordertexture>
                        <bordersize>3</bordersize>
                        <colordiffuse>ffffffff</colordiffuse>
                    </control>
                </itemlayout>
                <focusedlayout width="4-col" height="396">
                    <control type="group">
                        <animation type="focus" loop="false" reversible="false">
                            <effect type="rotatey" start="0" end="-15" center="132" tween="back" easing="out" time="300"/>
                            <effect type="rotatey" start="0" end="15" center="132" tween="back" easing="out" delay="300" time="300"/>
                            <effect type="zoom" start="95" end="110" center="auto" tween="back" easing="out" time="300"/>
                        </animation>
                        <control type="image">
                            <posx>0</posx>
                            <posy>0</posy>
                            <width>4-col-gutter</width>
                            <height>396</height>
                            <aspectratio>stretch</aspectratio>
                            <texture fallback="colors/black.png" border="0">$INFO[ListItem.property(season_poster)]</texture>
                            <bordertexture border="3" colordiffuse="ffFFFFFF">colors/white.png</bordertexture>
                            <bordersize>3</bordersize>
                            <colordiffuse>ff666666</colordiffuse>
                        </control>
                        <control type="label">
                            <posx>12</posx>
                            <posy>4-row</posy>
                            <width>240</width>
                            <height>2-row</height>
                            <align>center</align>
                            <aligny>center</aligny>
                            <font>regularStrong</font>
                            <textcolor>textActive</textcolor>
                            <label>$INFO[ListItem.TVshowTitle]</label>
                        </control>
                        <control type="label">
                            <posx>12</posx>
                            <posy>5-row</posy>
                            <width>240</width>
                            <height>2-row</height>
                            <align>center</align>
                            <aligny>center</aligny>
                            <font>buttonTitle</font>
                            <textcolor>textActive</textcolor>
                            <label>$INFO[ListItem.season,$LOCALIZE[31011] ,]</label>
                        </control>
                        <control type="grouplist">
                            <posx>42</posx>
                            <posy>9-row</posy>
                            <width>4-col-gutter</width>
                            <orientation>horizontal</orientation>
                            <control type="label">
                                <width>24</width>
                                <height>2-row</height>
                                <aligny>center</aligny>
                                <font>symbol</font>
                                <textcolor>textActive</textcolor>
                                <label></label>
                            </control>
                            <control type="label">
                                <width>1-col</width>
                                <height>2-row</height>
                                <aligny>center</aligny>
                                <font>smallStrong</font>
                                <textcolor>textActive</textcolor>
                                <label>$LOCALIZE[31183]</label>
                            </control>
                            <control type="label">
                                <width>24</width>
                                <height>2-row</height>
                                <aligny>center</aligny>
                                <font>symbol</font>
                                <textcolor>textActive</textcolor>
                                <label></label>
                            </control>
                            <control type="label">
                                <width>1-col</width>
                                <height>2-row</height>
                                <aligny>center</aligny>
                                <font>smallStrong</font>
                                <textcolor>textActive</textcolor>
                                <label>$LOCALIZE[31184]</label>
                            </control>
                        </control>
                    </control>
                </focusedlayout>
            </control>
        </control>
    </include>
</includes>