<?xml version="1.0" encoding="UTF-8"?>
<window>
    <defaultcontrol always="true">50</defaultcontrol>
    <allowoverlay>no</allowoverlay>
    <include>fadeInOut</include>
    <controls>
        <!--background-->
        <include>globalBackground</include>
        <control type="group" id="9001">
            <posx>col-2-begin</posx>
            <posy>row-1-begin</posy>
            <!--animations-->
            <include>modalDialogInOutVertical</include>
            <control type="image">
                <posx>0</posx>
                <posy>0</posy>
                <width>22-col</width>
                <height>2-row</height>
                <texture>colors/white.png</texture>
                <colordiffuse>highlight</colordiffuse>
                <aspectratio>stretch</aspectratio>
            </control>
            <!--title-->
            <control type="label">
                <posx>24</posx>
                <posy>0</posy>
                <width>20-col</width>
                <height>2-row</height>
                <font>dialogTitle</font>
                <label>$LOCALIZE[24001] $INFO[container.foldername,/ , ]$INFO[container.numitems,(,)]</label>
                <textcolor>textActive</textcolor>
                <shadowcolor>-</shadowcolor>
            </control>
            <control type="image">
                <posx>0</posx>
                <posy>2-row</posy>
                <width>22-col</width>
                <height>25-row</height>
                <texture>colors/black.png</texture>
                <colordiffuse>overlay</colordiffuse>
                <aspectratio>stretch</aspectratio>
            </control>
            <control type="image">
                <posx>6-col</posx>
                <posy>2-row</posy>
                <width>16-col</width>
                <height>25-row</height>
                <texture>colors/black.png</texture>
                <colordiffuse>overlay</colordiffuse>
                <aspectratio>stretch</aspectratio>
            </control>
            <!--options-->
            <control type="grouplist" id="9000">
                <posx>0</posx>
                <posy>2-row</posy>
                <width>6-col</width>
                <orientation>vertical</orientation>
                <control type="radiobutton" id="6">
                    <width>6-col</width>
                    <texturenofocus>-</texturenofocus>
                    <label>25000</label>
                    <onright>9999</onright>
                </control>
                <control type="radiobutton" id="7">
                    <width>6-col</width>
                    <texturenofocus>-</texturenofocus>
                    <label>25001</label>
                    <onright>9999</onright>
                </control>
                <control type="radiobutton" id="8">
                    <width>6-col</width>
                    <texturenofocus>-</texturenofocus>
                    <label>24999</label>
                    <onright>9999</onright>
                </control>
                <control type="button" id="5">
                    <width>6-col</width>
                    <texturenofocus>-</texturenofocus>
                    <label>24063</label>
                    <onright>9999</onright>
                </control>
                <control type="button" id="9">
                    <width>6-col</width>
                    <texturenofocus>-</texturenofocus>
                    <label>24034</label>
                    <onright>9999</onright>
                </control>
            </control>
            <!--Info panel-->
            <control type="group">
                <posx>6-col</posx>
                <posy>2-row</posy>
                <control type="image">
                    <posx>0</posx>
                    <posy>0</posy>
                    <width>16-col</width>
                    <height>11-row</height>
                    <aspectratio aligny="center">scale</aspectratio>
                    <texture>$INFO[ListItem.art(fanart)]</texture>
                    <colordiffuse>22ffffff</colordiffuse>
                </control>
                <control type="image">
                    <posx>0</posx>
                    <posy>0</posy>
                    <width>16-col</width>
                    <height>11-row</height>
                    <aspectratio aligny="center">scale</aspectratio>
                    <texture>vignette.png</texture>
                </control>
                <control type="image">
                    <posx>1-col</posx>
                    <posy>1-row</posy>
                    <width>4-col</width>
                    <height>4-col</height>
                    <aspectratio scalediffuse="false" align="center" aligny="center">keep</aspectratio>
                    <texture border="0">$INFO[Listitem.icon]</texture>
                    <bordertexture border="3" colordiffuse="33FFFFFF">colors/white.png</bordertexture>
                    <bordersize>3</bordersize>
                    <fadetime>200</fadetime>
                </control>
                <control type="label">
                    <description>Addon Title</description>
                    <visible>!isempty(ListItem.Property(Addon.Creator))</visible>
                    <posx>6-col</posx>
                    <posy>36</posy>
                    <width>10-col-gutter</width>
                    <height>2-row</height>
                    <aligny>center</aligny>
                    <font>mediumStrong</font>
                    <label>$INFO[ListItem.label]</label>
                </control>
                <control type="textbox" id="400">
                    <posx>6-col</posx>
                    <posy>3-row</posy>
                    <font>textbox</font>
                    <width>10-col-gutter</width>
                    <height>160</height>
                    <label>$INFO[ListItem.Property(Addon.Description)]</label>
                    <autoscroll delay="5000" time="1000" repeat="10000"/>
                </control>
            </control>

            <!--content listing-->
            <control type="group" id="9999">
                <posx>6-col</posx>
                <posy>13-row</posy>
                <control type="panel" id="50">
                    <posx>6</posx>
                    <posy>6</posy>
                    <width>16-col</width>
                    <height>492</height>
                    <onleft>9000</onleft>
                    <onright>60</onright>
                    <ondown>50</ondown>
                    <onup>50</onup>
                    <pagecontrol>60</pagecontrol>
                    <itemlayout height="75" width="8-col">
                        <control type="image">
                            <posx>0</posx>
                            <posy>0</posy>
                            <width>69</width>
                            <height>69</height>
                            <aspectratio scalediffuse="false">stretch</aspectratio>
                            <texture fallback="colors/offblack.png" border="0">$INFO[Listitem.thumb]</texture>
                        </control>
                        <control type="label">
                            <posx>1-col-indent</posx>
                            <posy>0</posy>
                            <width>7-col-gutter</width>
                            <height>2-row</height>
                            <aligny>center</aligny>
                            <font>itemTitle</font>
                            <textcolor>textActive</textcolor>
                            <shadowcolor>-</shadowcolor>
                            <label>$INFO[ListItem.Label]</label>
                        </control>
                    </itemlayout>
                    <focusedlayout height="75" width="8-col">
                        <control type="image">
                            <posx>0</posx>
                            <posy>0</posy>
                            <width>69</width>
                            <height>69</height>
                            <aspectratio scalediffuse="false">stretch</aspectratio>
                            <texture fallback="colors/white.png" border="0">$INFO[Listitem.thumb]</texture>
                            <animation type="focus" loop="false" reversible="false">
                                <effect type="fade" time="500"/>
                                <effect type="rotatey" end="360" center="33" tween="back" easing="out" time="1000"/>
                            </animation>
                        </control>
                        <control type="image">
                            <posx>1-col</posx>
                            <posy>0</posy>
                            <width>490</width>
                            <height>69</height>
                            <aspectratio>stretch</aspectratio>
                            <texture>colors/white.png</texture>
                            <bordersize>0</bordersize>
                            <colordiffuse>ffffffff</colordiffuse>
                        </control>
                        <control type="label">
                            <posx>1-col-indent</posx>
                            <posy>0</posy>
                            <width>7-col-gutter</width>
                            <height>2-row</height>
                            <aligny>center</aligny>
                            <font>itemTitle</font>
                            <textcolor>black</textcolor>
                            <selectedcolor>black</selectedcolor>
                            <shadowcolor>-</shadowcolor>
                            <label>$INFO[ListItem.Label]</label>
                        </control>
                    </focusedlayout>
                </control>
            </control>
            <!--page scrollbar-->
            <control type="group" id="8000">
                <visible>Control.IsVisible(60)</visible>
                <animation effect="fade" start="100" end="70" time="100" condition="!controlgroup(8000).hasfocus">conditional</animation>
                <control type="scrollbar" id="60">
                    <right>2-col</right>
                    <posy>13-row</posy>
                    <height>14-row</height>
                    <onleft>9999</onleft>
                </control>
            </control>
        </control>
        <!--debugging-->
        <include>DebugGrid</include>
        <control type="label">
            <include>DialogID</include>
            <label>AddonBrowser.xml</label>
        </control>
    </controls>
</window>
