<?xml version="1.0" encoding="UTF-8"?>
<window type="dialog" id="5001">
    <defaultcontrol always="true">9876</defaultcontrol>
    <allowoverlay>no</allowoverlay>
    <onload condition="Skin.HasSetting(artistSlideshowActive)">RunScript(script.artistslideshow)</onload>
    <onunload>activateWindow(MusicLibrary)</onunload>
    <onunload>Skin.SetString(showRecentMusicItems,true)</onunload>
    <onunload>control.setfocus(9000)</onunload>
    <controls>
        <include>globalBackground</include>
        <control type="group">
            <include>fadeInOut</include>
            <control type="group">
                <!--fanart-->
                <control type="image">
                    <visible>!Skin.HasSetting(artistSlideshowActive)</visible>
                    <posx>0</posx>
                    <posy>0</posy>
                    <include>dimensionsFullscreen</include>
                    <fadetime>200</fadetime>
                    <texture background="true">$INFO[MusicPlayer.Property(Fanart_Image)]</texture>
                    <aspectratio align="left" aligny="top">stretch</aspectratio>
                    <include>kenBurnsey</include>
                    <colordiffuse>44ffffff</colordiffuse>
                </control>
                <control type="multiimage">
                    <visible>!isempty(Window(Visualisation).Property(ArtistSlideshow))</visible>
                    <posx>0</posx>
                    <posy>0</posy>
                    <include>dimensionsFullscreen</include>
                    <imagepath background="true">$INFO[Window(Visualisation).Property(ArtistSlideshow)]</imagepath>
                    <aspectratio>keep</aspectratio>
                    <timeperimage>10000</timeperimage>
                    <fadetime>1000</fadetime>
                    <randomize>true</randomize>
                    <include>kenBurnsey</include>
                    <colordiffuse>44ffffff</colordiffuse>
                </control>
                <!--visualisation-->
                <control type="visualisation" id="2">
                    <description>visualisation</description>
                    <posx>0</posx>
                    <posy>0</posy>
                    <include>dimensionsFullscreen</include>
                </control>
                <!--vignettes-->
                <control type="image">
                    <posx>0</posx>
                    <posy>0</posy>
                    <include>dimensionsFullscreen</include>
                    <texture>vignette.png</texture>
                    <colordiffuse>ffffffff</colordiffuse>
                    <aspectratio>stretch</aspectratio>
                </control>
            </control>
            <!--Track info-->
            <control type="group">
                <!--cover-->
                <control type="group">
                    <posx>col-1-begin</posx>
                    <posy>row-16-begin</posy>
                    <animation type="visible">
                        <include>listSlideIn</include>
                    </animation>
                    <animation type="hidden">
                        <effect type="fade" start="100" end="0" time="200"/>
                    </animation>
                    <!--album thumb and info-->
                    <control type="image">
                        <posx>0</posx>
                        <posy>0</posy>
                        <width>6-col</width>
                        <height>6-col</height>
                        <aspectratio>stretch</aspectratio>
                        <texture fallback="colors/offblack.png" border="0">$INFO[musicplayer.cover]</texture>
                        <bordertexture border="3" colordiffuse="33FFFFFF">colors/white.png</bordertexture>
                        <bordersize>3</bordersize>
                        <fadetime>500</fadetime>
                        <animation effect="rotateY" end="-7" center="auto,auto" time="0">windowopen</animation>
                    </control>
                </control>
                <!--track info-->
                <control type="group">
                    <posx>col-5-begin</posx>
                    <posy>row-22-begin</posy>
                    <control type="label">
                        <posx>3-col-indent</posx>
                        <posy>-8</posy>
                        <width>15-col</width>
                        <font>largeBlack</font>
                        <textcolor>textActive</textcolor>
                        <scroll>false</scroll>
                        <label>$INFO[MusicPlayer.Title]</label>
                        <shadowcolor>00000000</shadowcolor>
                   </control>
                    <control type="label">
                        <visible>!Pvr.IsPlayingRadio</visible>
                        <posx>3-col-indent</posx>
                        <posy>52</posy>
                        <width>15-col</width>
                        <font>regularStrong</font>
                        <textcolor>textActive</textcolor>
                        <scroll>false</scroll>
                        <label>[COLOR highlight]$INFO[MusicPlayer.artist,, ][/COLOR]$INFO[MusicPlayer.Album,, ]$INFO[MusicPlayer.year,(,)]</label>
                        <shadowcolor>00000000</shadowcolor>
                    </control>
                    <control type="label">
                        <visible>Pvr.IsPlayingRadio</visible>
                        <posx>3-col-indent</posx>
                        <posy>48</posy>
                        <width>15-col</width>
                        <font>regularStrong</font>
                        <textcolor>textActive</textcolor>
                        <scroll>false</scroll>
                        <label>$INFO[VideoPlayer.Plot]</label>
                        <shadowcolor>00000000</shadowcolor>
                    </control>
                    <control type="label">
                        <posx>3-col-indent</posx>
                        <posy>104</posy>
                        <width>12-col</width>
                        <font>pageTitle</font>
                        <align>left</align>
                        <textcolor>textActive</textcolor>
                        <scroll>false</scroll>
                        <shadowcolor>00000000</shadowcolor>
                        <label>$INFO[MusicPlayer.time,, / ]$INFO[MusicPlayer.duration]</label>
                    </control>
                    <control type="label">
                           <visible>!Pvr.IsPlayingRadio</visible>
                           <posx>7-col</posx>
                           <posy>104</posy>
                           <width>4-col</width>
                           <font>symbolLarge</font>
                           <textcolor>textActive</textcolor>
                           <label>$VAR[starRating]</label>
                           <shadowcolor>00000000</shadowcolor>
                       </control>
                    <control type="label">
                        <posx>3-col-indent</posx>
                        <posy>156</posy>
                        <width>12-col</width>
                        <font>itemTitle</font>
                        <align>left</align>
                        <textcolor>textActive</textcolor>
                        <scroll>false</scroll>
                        <shadowcolor>00000000</shadowcolor>
                        <label>$INFO[MusicPlayer.offset(1).Artist,[COLOR highlight]$LOCALIZE[19031][/COLOR] , - ]$INFO[MusicPlayer.offset(1).Title]</label>
                    </control>
                </control>
                <!-- side menu-->
                <control type="group" id="8765">
                    <animation type="Conditional" condition="controlgroup(8765).hasfocus">
                        <effect type="fade" start="0" end="100" time="300"/>
                        <effect type="slide" start="-200" end="0" tween="sine" easing="out" time="400"/>
                    </animation>
                    <animation type="Conditional" condition="!controlgroup(8765).hasfocus">
                        <effect type="fade" start="100" end="0" time="300"/>
                        <effect type="slide" start="0" end="-200" tween="sine" easing="out" time="400"/>
                    </animation>
                    <control type="image">
                        <posx>0</posx>
                        <posy>0</posy>
                        <width>col-7-begin</width>
                        <height>fullscreenHeight</height>
                        <texture>colors/white.png</texture>
                        <colordiffuse>highlight</colordiffuse>
                        <aspectratio>stretch</aspectratio>
                    </control>
                    <control type="image">
                        <posx>col-7-begin</posx>
                        <posy>0</posy>
                        <width>3</width>
                        <height>fullscreenHeight</height>
                        <texture>colors/black.png</texture>
                        <colordiffuse>33ffffff</colordiffuse>
                        <aspectratio>stretch</aspectratio>
                    </control>
                    <!--section logo-->
                    <control type="group">
                        <control type="label">
                            <posx>col-1-begin</posx>
                            <posy>row-1-begin</posy>
                            <width>1-col</width>
                            <height>1-col</height>
                            <font>symbolVeryLarge</font>
                            <aligny>center</aligny>
                            <textcolor>textActive</textcolor>
                            <shadowcolor>-</shadowcolor>
                            <label></label>
                        </control>
                    </control>
                    <control type="list" id="8002">
                        <posx>0</posx>
                        <posy>row-4-begin</posy>
                        <width>8-col</width>
                        <height>24-row</height>
                        <orientation>vertical</orientation>
                        <onleft>9002</onleft>
                        <onright>9876</onright>
                        <onback>activateWindow(home)</onback>
                        <itemlayout width="col-7-begin" height="2-row">
                            <control type="label">
                                <posx>col-1-begin</posx>
                                <posy>0</posy>
                                <width>7-col</width>
                                <height>2-row</height>
                                <font>menuTitle</font>
                                <aligny>center</aligny>
                                <textcolor>textActive</textcolor>
                                <shadowcolor>-</shadowcolor>
                                <label>$INFO[ListItem.label]</label>
                            </control>
                        </itemlayout>
                        <focusedlayout width="col-7-begin" height="2-row">
                            <control type="image">
                                <posx>0</posx>
                                <posy>0</posy>
                                <width>col-7-begin</width>
                                <height>2-row</height>
                                <texture>colors/white.png</texture>
                                <colordiffuse>textActive</colordiffuse>
                                <aspectratio>stretch</aspectratio>
                            </control>
                            <control type="label">
                                <posx>col-1-begin</posx>
                                <posy>0</posy>
                                <width>8-col</width>
                                <height>2-row</height>
                                <font>menuTitle</font>
                                <aligny>center</aligny>
                                <textcolor>highlight</textcolor>
                                <shadowcolor>-</shadowcolor>
                                <label>$INFO[ListItem.label]</label>
                            </control>
                        </focusedlayout>
                        <content>
                            <item>
                                <description>Playlist</description>
                                <label>31123</label>
                                <thumb>-</thumb>
                                <onclick>Dialog.Close(all,true)</onclick>
                                <onclick>activateWindow(musicplaylist)</onclick>
                            </item>
                            <item>
                                <description>Repeat</description>
                                <label>$VAR[repeatState]</label>
                                <thumb>-</thumb>
                                <onclick>PlayerControl(Repeat)</onclick>
                            </item>
                            <item>
                                <description>Shuffle</description>
                                <label>$VAR[shuffleState]</label>
                                <thumb>-</thumb>
                                <onclick>PlayerControl(Random)</onclick>
                            </item>
                            <item>
                                <description>Visualisation</description>
                                <label>31032</label>
                                <thumb>-</thumb>
                                <onclick>activateWindow(musicOSD)</onclick>
                            </item>
                            <item>
                                <visible>visualisation.enabled</visible>
                                <description>Visualisation Settings</description>
                                <label>$LOCALIZE[21417]</label>
                                <thumb>-</thumb>
                                <onclick>Addon.Default.OpenSettings(xbmc.player.musicviz)</onclick>
                            </item>
                        </content>
                    </control>
                </control>
            </control>
        </control>
        <!--hidden button to handle dialog autohide-->
        <control type="button" id="9876">
            <posx>-100</posx>
            <posy>-100</posy>
            <height>1-col</height>
            <width>1-col</width>
            <onup>increaseRating</onup>
            <ondown>decreaseRating</ondown>
            <onleft>8765</onleft>
        </control>
        <!--debugging-->
        <include>DebugGrid</include>
        <control type="label">
            <include>DialogID</include>
            <label>custom_musicPlayerFullscreen.xml</label>
        </control>
    </controls>
</window>
