<?xml version="1.0" encoding="UTF-8"?>
<window>
    <defaultcontrol always="true">20</defaultcontrol>
    <controls>
        <!--background-->
        <include>globalBackground</include>
        <control type="group">
            <posx>col-4-begin</posx>
            <posy>row-5-begin</posy>
            <!--animations-->
            <include>modalDialogInOutVertical</include>
            <control type="image">
                <posx>0</posx>
                <posy>0</posy>
                <width>18-col</width>
                <height>2-row</height>
                <texture>colors/white.png</texture>
                <colordiffuse>highlight</colordiffuse>
                <aspectratio>stretch</aspectratio>
            </control>
            <control type="image">
                <posx>0</posx>
                <posy>2-row</posy>
                <width>18-col</width>
                <height>18-row</height>
                <texture>colors/black.png</texture>
                <colordiffuse>overlay</colordiffuse>
                <aspectratio>stretch</aspectratio>
            </control>
            <control type="image">
                <posx>0</posx>
                <posy>2-row</posy>
                <width>14-col</width>
                <height>18-row</height>
                <texture>colors/black.png</texture>
                <colordiffuse>overlay</colordiffuse>
                <aspectratio>stretch</aspectratio>
            </control>
            <control type="label" id="1">
                <posx>24</posx>
                <posy>0</posy>
                <width>16-col</width>
                <height>2-row</height>
                <aligny>center</aligny>
                <font>dialogTitle</font>
                <label>$LOCALIZE[35000]</label>
                <textcolor>textActive</textcolor>
                <shadowcolor>-</shadowcolor>
            </control>
            <control type="panel" id="20">
                <posx>0</posx>
                <posy>2-row</posy>
                <width>14-col</width>
                <height>18-row</height>
                <onup>10</onup>
                <ondown>10</ondown>
                <onright>9000</onright>
                <itemlayout height="3-row" width="14-col">
                    <control type="label">
                        <description>Name</description>
                        <posx>24</posx>
                        <posy>3</posy>
                        <width>13-col</width>
                        <height>1-row</height>
                        <label>$INFO[ListItem.Label]</label>
                        <font>itemTitle</font>
                        <textcolor>textActive</textcolor>
                    </control>
                    <control type="label">
                        <description>Product ID Vendor ID</description>
                        <posx>24</posx>
                        <posy>42</posy>
                        <width>13-col</width>
                        <height>1-row</height>
                        <label>$LOCALIZE[35504]: [B]$INFO[ListItem.Property(Product)][/B]    $LOCALIZE[35503]: [B]$INFO[ListItem.Property(Vendor)][/B]</label>
                        <font>smallMedium</font>
                        <textcolor>textActive</textcolor>
                    </control>
                    <control type="label">
                        <description>class</description>
                        <posx>24</posx>
                        <posy>2-row</posy>
                        <width>13-col</width>
                        <height>1-row</height>
                        <label>$LOCALIZE[35501]: [B]$INFO[ListItem.Property(Class)][/B]     $LOCALIZE[19114]: [B]$INFO[ListItem.Property(Version)][/B]</label>
                        <font>smallMedium</font>
                        <textcolor>textActive</textcolor>
                    </control>
                </itemlayout>
                <focusedlayout height="3-row" width="14-col">
                    <control type="image">
                        <posx>0</posx>
                        <posy>0</posy>
                        <width>14-col</width>
                        <height>3-row</height>
                        <aspectratio>stretch</aspectratio>
                        <texture>colors/white.png</texture>
                    </control>
                    <control type="label">
                        <description>Name</description>
                        <posx>24</posx>
                        <posy>3</posy>
                        <width>13-col</width>
                        <height>1-row</height>
                        <label>$INFO[ListItem.Label]</label>
                        <font>itemTitle</font>
                        <textcolor>black</textcolor>
                    </control>
                    <control type="label">
                        <description>Product ID Vendor ID</description>
                        <posx>24</posx>
                        <posy>42</posy>
                        <width>13-col</width>
                        <height>1-row</height>
                        <label>$LOCALIZE[35504]: [B]$INFO[ListItem.Property(Product)][/B]    $LOCALIZE[35503]: [B]$INFO[ListItem.Property(Vendor)][/B]</label>
                        <font>smallMedium</font>
                        <textcolor>black</textcolor>
                    </control>
                    <control type="label">
                        <description>class</description>
                        <posx>24</posx>
                        <posy>2-row</posy>
                        <width>13-col</width>
                        <height>1-row</height>
                        <label>$LOCALIZE[35501]: [B]$INFO[ListItem.Property(Class)][/B]     $LOCALIZE[19114]: [B]$INFO[ListItem.Property(Version)][/B]</label>
                        <font>smallMedium</font>
                        <textcolor>black</textcolor>
                    </control>
                </focusedlayout>
            </control>
            <!--buttons-->
            <control type="panel" id="9000">
                <posx>14-col</posx>
                <posy>2-row</posy>
                <width>4-col</width>
                <height>6-row</height>
                <orientation>vertical</orientation>
                <onleft>20</onleft>
                <itemlayout width="6-col" height="2-row">
                    <control type="label">
                        <posx>0</posx>
                        <posy>0</posy>
                        <width>1-col</width>
                        <height>2-row</height>
                        <align>center</align>
                        <aligny>center</aligny>
                        <font>symbol</font>
                        <textcolor>textActive</textcolor>
                        <label>$INFO[ListItem.label2]</label>
                    </control>
                    <control type="label">
                        <posx>1-col-indent</posx>
                        <posy>-1</posy>
                        <width>3-col-gutter</width>
                        <height>2-row</height>
                        <aligny>center</aligny>
                        <font>buttonTitle</font>
                        <textcolor>textActive</textcolor>
                        <label>$INFO[ListItem.label]</label>
                    </control>
                </itemlayout>
                <focusedlayout width="6-col" height="2-row">
                    <control type="image">
                        <posx>0</posx>
                        <posy>0</posy>
                        <width>1-col-textbox</width>
                        <height>2-row</height>
                        <aspectratio>stretch</aspectratio>
                        <texture>colors/white.png</texture>
                        <colordiffuse>highlight</colordiffuse>
                        <include>spinFocusIcon</include>
                    </control>
                    <control type="image">
                        <posx>1-col</posx>
                        <posy>0</posy>
                        <width>3-col-textbox</width>
                        <height>2-row</height>
                        <aspectratio>stretch</aspectratio>
                        <texture>colors/white.png</texture>
                    </control>
                    <control type="label">
                        <posx>0</posx>
                        <posy>0</posy>
                        <width>1-col</width>
                        <height>2-row</height>
                        <align>center</align>
                        <aligny>center</aligny>
                        <font>symbol</font>
                        <textcolor>textActive</textcolor>
                        <label>$INFO[ListItem.label2]</label>
                        <shadowcolor>-</shadowcolor>
                    </control>
                    <control type="label">
                        <posx>1-col-indent</posx>
                        <posy>-1</posy>
                        <width>5-col-gutter</width>
                        <height>2-row</height>
                        <aligny>center</aligny>
                        <font>buttonTitle</font>
                        <textcolor>black</textcolor>
                        <label>$INFO[ListItem.label]</label>
                        <shadowcolor>-</shadowcolor>
                    </control>
                </focusedlayout>
                <content>
                    <item id="1">
                        <description>Ok Button</description>
                        <label>186</label>
                        <label2></label2>
                        <thumb>-</thumb>
                        <onclick>SendClick(10)</onclick>
                    </item>
                </content>
            </control>
        </control>
        <!--buttons-->
        <control type="group">
            <visible>false</visible>
            <control type="button" id="10">
                <description>OK button</description>
            </control>
        </control>
        <!--debugging-->
        <include>DebugGrid</include>
        <control type="label">
            <include>DialogID</include>
            <label>DialogPeripheralManager.xml</label>
        </control>
    </controls>
</window>
