<?xml version="1.0" encoding="UTF-8"?>
<window id="0">
    <defaultcontrol always="true">9000</defaultcontrol>
    <allowoverlay>yes</allowoverlay>
    <onload condition="Skin.hassetting(stopVideoOnMenu) + !Player.HasAudio">PlayerControl(stop)</onload>
    <onload>Skin.Reset(keepMusicMenuActive)</onload>
    <animation effect="fade" start="100" end="0" time="250">WindowClose</animation>
    <animation effect="fade" start="0" end="100" time="500" reversible="true">WindowOpen</animation>
    <controls>
        <include>globalBackground</include>
        <include>homeBackground</include>
        <!--browse controls-->
        <control type="group">
            <animation type="windowopen">
                <effect type="fade" start="0" end="100" delay="500" time="300"/>
                <effect type="slide" start="-200" end="0" tween="sine" easing="out" delay="500" time="400"/>
            </animation>
            <animation type="windowclose">
                <effect type="fade" start="100" end="0" time="300"/>
                <effect type="slide" start="0" end="-200" tween="sine" easing="out" time="400"/>
            </animation>

            <posx>0</posx>
            <posy>0</posy>
            <control type="image">
                <posx>0</posx>
                <posy>0</posy>
                <width>col-5-begin</width>
                <height>fullscreenHeight</height>
                <texture>colors/white.png</texture>
                <colordiffuse>highlight</colordiffuse>
                <aspectratio>stretch</aspectratio>
            </control>
            <control type="image">
                <posx>col-5-begin</posx>
                <posy>0</posy>
                <width>3</width>
                <height>fullscreenHeight</height>
                <texture>colors/black.png</texture>
                <colordiffuse>33ffffff</colordiffuse>
                <aspectratio>stretch</aspectratio>
            </control>
            <!--logo-->
            <control type="image">
                <posx>col-1-begin</posx>
                <posy>row-1-begin</posy>
                <width>1-col</width>
                <height>1-col</height>
                <texture>kodilogo.png</texture>
                <colordiffuse>textActive</colordiffuse>
                <aspectratio>stretch</aspectratio>
            </control>
            <control type="list" id="9000">
                <posx>0</posx>
                <posy>row-4-begin</posy>
                <width>col-5-begin</width>
                <height>24-row</height>
                <orientation>vertical</orientation>
                <itemlayout width="col-7-begin" height="2-row">
                    <control type="label">
                        <posx>col-1-begin</posx>
                        <posy>0</posy>
                        <width>7-col</width>
                        <height>2-row</height>
                        <font>menuTitle</font>
                        <aligny>center</aligny>
                        <textcolor>textActive</textcolor>
                        <shadowcolor>-</shadowcolor>
                        <label>$INFO[ListItem.label]</label>
                    </control>
                </itemlayout>
                <focusedlayout width="col-7-begin" height="2-row">
                    <control type="image">
                        <posx>0</posx>
                        <posy>0</posy>
                        <width>col-7-begin</width>
                        <height>2-row</height>
                        <texture>colors/white.png</texture>
                        <colordiffuse>textActive</colordiffuse>
                        <aspectratio>stretch</aspectratio>
                    </control>
                    <control type="label">
                        <posx>col-1-begin</posx>
                        <posy>0</posy>
                        <width>8-col</width>
                        <height>2-row</height>
                        <font>menuTitle</font>
                        <aligny>center</aligny>
                        <textcolor>highlight</textcolor>
                        <shadowcolor>-</shadowcolor>
                        <label>$INFO[ListItem.label]</label>
                    </control>
                </focusedlayout>
                <content>
                    <item id="10">
                        <visible>System.GetBool(pvrmanager.enabled)</visible>
                        <label>31006</label>
                        <label2/>
                        <onclick>ActivateWindow(TVChannels)</onclick>
                        <onclick>Control.SetFocus(50)</onclick>
                        <onclick>Skin.SetString(showRecentVideoItems,false)</onclick>
                    </item>
                    <item id="1">
                        <visible>!Skin.HasSetting(hideVideo)</visible>
                        <label>31000</label>
                        <label2></label2>
                        <thumb>-</thumb>
                        <onclick condition="!Library.HasContent(Video)">ActivateWindow(Videos,files)</onclick>
                        <onclick condition="!Library.HasContent(Video)">Skin.SetString(showRecentVideoItems,false)</onclick>
                        <onclick condition="Library.HasContent(Video)">ActivateWindow(Videos,videodb://)</onclick>
                        <onclick condition="Library.HasContent(Video)">Skin.SetString(showRecentVideoItems,true)</onclick>
                    </item>
                    <item id="2">
                        <visible>!Skin.HasSetting(hideMusic)</visible>
                        <label>31001</label>
                        <label2></label2>
                        <thumb>-</thumb>
                        <onclick condition="!Library.HasContent(Music)">ActivateWindow(MusicFiles,root)</onclick>
                        <onclick condition="!Library.HasContent(Music)">Skin.SetString(showRecentMusicItems,false)</onclick>
                        <onclick condition="Library.HasContent(Music)">ActivateWindow(musiclibrary)</onclick>
                        <onclick condition="Library.HasContent(Music)">Skin.SetString(showRecentMusicItems,true)</onclick>
                    </item>
                    <item id="3">
                        <visible>!Skin.HasSetting(hidePictures)</visible>
                        <label>31002</label>
                        <label2></label2>
                        <thumb>-</thumb>
                        <onclick>ActivateWindow(pictures)</onclick>
                    </item>
                    <item id="4">
                        <visible>!Skin.HasSetting(hideGames) + System.HasAddon(script.games.rom.collection.browser)</visible>
                        <label>31156</label>
                        <label2></label2>
                        <thumb>-</thumb>
                        <onclick>RunScript(script.games.rom.collection.browser,)</onclick>
                    </item>
                    <item id="9">
                        <label>31197</label>
                        <label2></label2>
                        <thumb>-</thumb>
                        <onclick>ActivateWindow(weather)</onclick>
                    </item>
                    <item id="6">
                        <visible>!Skin.HasSetting(hideSearch)</visible>
                        <label>137</label>
                        <label2></label2>
                        <thumb>-</thumb>
                        <onclick>RunScript(script.globalsearch)</onclick>
                        <onclick>Skin.SetString(showRecentMusicItems,false)</onclick>
                        <onclick>Skin.SetString(showRecentVideoItems,false)</onclick>
                    </item>
                    <item id="7">
                        <label>5</label>
                        <label2></label2>
                        <thumb>-</thumb>
                        <onclick>ActivateWindow(settings)</onclick>
                    </item>
                    <item id="9">
                        <label>31007</label>
                        <label2></label2>
                        <thumb>-</thumb>
                        <onclick>ActivateWindow(systeminfo)</onclick>
                    </item>
                    <item id="8">
                        <label>31004</label>
                        <label2></label2>
                        <thumb>-</thumb>
                        <onclick>ActivateWindow(ShutdownMenu)</onclick>
                    </item>
                </content>
            </control>
        </control>
        <!--Date / time and weather-->
        <control type="group">
            <posx>18-col</posx>
            <posy>row-21-begin</posy>
            <control type="label">
                <posx>8-col</posx>
                <posy>12</posy>
                <width>8-col</width>
                <height>4-row</height>
                <align>right</align>
                <font>veryLarge</font>
                <textcolor>selected</textcolor>
                <label>$INFO[System.Time]</label>
            </control>
            <control type="label">
                <posx>8-col</posx>
                <posy>3-row</posy>
                <width>12-col</width>
                <height>4-row</height>
                <align>right</align>
                <font>Large</font>
                <textcolor>selected</textcolor>
                <label>$INFO[System.Date(DDD)] [B]$INFO[System.Date(dd)][/B] $INFO[System.Date(MMM)]</label>
            </control>
            <control type="label">
                <posx>8-col</posx>
                <posy>182</posy>
                <width>12-col</width>
                <height>3-row</height>
                <align>right</align>
                <font>regular</font>
                <textcolor>selected</textcolor>
                <label>$INFO[weather.location] [B]$INFO[weather.temperature][/B] [LOWERCASE]$INFO[weather.conditions][/LOWERCASE]</label>
            </control>
        </control>
        <!--debugging-->
        <include>DebugGrid</include>
        <control type="label">
            <include>WindowID</include>
            <label>Home.xml</label>
        </control>
    </controls>
</window>
