<?xml version="1.0" encoding="UTF-8"?>
<window>
    <defaultcontrol always="true">4</defaultcontrol>
    <allowoverlay>yes</allowoverlay>
    <controls>
        <!--background-->
        <include>globalBackground</include>
        <control type="group">
            <posx>col-9-begin</posx>
            <posy>row-2-begin</posy>
            <!--animations-->
            <include>modalDialogInOutVertical</include>
            <animation type="conditional" condition="window.isactive(profilesettings)">
                <effect type="fade" start="100" end="0" time="300"/>
                <effect type="rotatey" start="0" end="90" center="960" tween="cubic" easing="out" time="500"/>
            </animation>
            <control type="image">
                <posx>0</posx>
                <posy>0</posy>
                <width>8-col</width>
                <height>2-row</height>
                <texture>colors/white.png</texture>
                <colordiffuse>highlight</colordiffuse>
                <aspectratio>stretch</aspectratio>
            </control>
            <control type="image">
                <posx>0</posx>
                <posy>2-row</posy>
                <width>8-col</width>
                <height>23-row</height>
                <texture>colors/black.png</texture>
                <colordiffuse>44ffffff</colordiffuse>
                <aspectratio>stretch</aspectratio>
            </control>
            <control type="label">
                <posx>24</posx>
                <posy>0</posy>
                <width>8-col</width>
                <height>2-row</height>
                <aligny>center</aligny>
                <font>dialogTitle</font>
                <label>31103</label>
                <textcolor>textActive</textcolor>
                <shadowcolor>-</shadowcolor>
            </control>
            <control type="image">
                <posx>0</posx>
                <posy>2-row</posy>
                <width>8-col</width>
                <height>4-col</height>
                <aspectratio aligny="center">scale</aspectratio>
                <texture>vignette.png</texture>
            </control>
            <control type="image">
                <description>profile image</description>
                <posx>156</posx>
                <posy>84</posy>
                <width>4-col-gutter</width>
                <height>4-col-gutter</height>
                <texture fallback="colors/offblack.png" border="0">$INFO[System.ProfileThumb]</texture>
                <aspectratio>scale</aspectratio>
            </control>
            <control type="image">
                <posx>0</posx>
                <posy>10-row</posy>
                <width>8-col</width>
                <height>2-row</height>
                <texture>colors/black.png</texture>
                <colordiffuse>textboxInactive</colordiffuse>
                <aspectratio>stretch</aspectratio>
            </control>
             <control type="label">
                <posx>0</posx>
                <posy>10-row</posy>
                <width>8-col</width>
                <height>2-row</height>
                <align>center</align>
                <aligny>center</aligny>
                <font>itemSubTitle</font>
                <label>$LOCALIZE[31107]: [COLOR highlight]$INFO[System.ProfileName][/COLOR]</label>
                <textcolor>textActive</textcolor>
                <shadowcolor>-</shadowcolor>
            </control>
            <!--dialog controls-->
            <control type="radiobutton" id="4">
                <description>Enable Login Screen</description>
                <posx>0</posx>
                <posy>12-row</posy>
                <width>8-col</width>
                <label>20096</label>
                <texturenofocus>colors/black.png</texturenofocus>
                <align>left</align>
                <ondown>2</ondown>
            </control>
            <control type="panel" id="2">
                <posx>12</posx>
                <posy>516</posy>
                <width>8-col-gutter</width>
                <height>8-row</height>
                <onup>4</onup>
                <itemlayout width="8-col" height="2-row">
                    <control type="image">
                        <posx>0</posx>
                        <posy>0</posy>
                        <width>69</width>
                        <height>69</height>
                        <aspectratio>stretch</aspectratio>
                        <texture fallback="colors/offblack.png">$INFO[listitem.icon]</texture>
                        <bordersize>0</bordersize>
                        <colordiffuse>ffffffff</colordiffuse>
                    </control>
                    <control type="image">
                        <posx>1-col</posx>
                        <posy>0</posy>
                        <width>7-col</width>
                        <height>69</height>
                        <aspectratio>stretch</aspectratio>
                        <texture>colors/black.png</texture>
                        <bordersize>0</bordersize>
                        <colordiffuse>overlay</colordiffuse>
                    </control>
                    <control type="label">
                        <posx>1-col-indent</posx>
                        <posy>0</posy>
                        <width>7-col</width>
                        <height>2-row</height>
                        <aligny>center</aligny>
                        <font>buttonTitle</font>
                        <textcolor>textActive</textcolor>
                        <label>$INFO[ListItem.label]</label>
                    </control>
                </itemlayout>
                <focusedlayout width="8-col" height="2-row">
                    <control type="image">
                        <posx>1-col</posx>
                        <posy>0</posy>
                        <width>7-col</width>
                        <height>69</height>
                        <aspectratio>stretch</aspectratio>
                        <texture>colors/white.png</texture>
                        <bordersize>0</bordersize>
                        <colordiffuse>ffffffff</colordiffuse>
                    </control>
                    <control type="image">
                        <posx>0</posx>
                        <posy>0</posy>
                        <width>69</width>
                        <height>69</height>
                        <aspectratio>stretch</aspectratio>
                        <texture fallback="colors/offblack.png">$INFO[listitem.icon]</texture>
                        <bordersize>0</bordersize>
                        <colordiffuse>ffffffff</colordiffuse>
                    </control>
                    <control type="label">
                        <posx>1-col-indent</posx>
                        <posy>0</posy>
                        <width>6-col</width>
                        <height>2-row</height>
                        <aligny>center</aligny>
                        <font>buttonTitle</font>
                        <textcolor>black</textcolor>
                        <label>$INFO[ListItem.label]</label>
                    </control>
                </focusedlayout>
            </control>
        </control>
        <!--debugging-->
        <include>DebugGrid</include>
        <control type="label">
            <include>DialogID</include>
            <label>settingsProfile.xml</label>
        </control>
    </controls>
</window>
