<?xml version="1.0" encoding="UTF-8"?>
<window>
    <defaultcontrol always="true">5</defaultcontrol>
    <allowoverlay>yes</allowoverlay>
    <include>fadeInOut</include>
    <controls>
        <control type="image">
            <include>dimensionsFullscreen</include>
            <texture>vignette.png</texture>
            <colordiffuse>ffffffff</colordiffuse>
            <aspectratio>stretch</aspectratio>
        </control>
        <control type="group">
            <visible>!Window.IsVisible(SliderDialog)</visible>
            <posx>col-7-begin</posx>
            <posy>row-3-begin</posy>
            <!--animations-->
            <include>modalDialogInOutVertical</include>
            <control type="image">
                <posx>-36</posx>
                <posy>-36</posy>
                <width>13-col</width>
                <height>25-row</height>
                <texture>colors/black.png</texture>
                <aspectratio>stretch</aspectratio>
                <colordiffuse>ccFFFFFF</colordiffuse>
            </control>

            <!--audio / video options selection-->
            <control type="panel" id="9123">
                <posx>24</posx>
                <posy>-24</posy>
                <width>12-col</width>
                <height>2-row</height>
                <ondown>5</ondown>
                <orientation>horizontal</orientation>
                <itemlayout width="4-col" height="2-row">
                    <control type="label">
                        <posx>0</posx>
                        <posy>0</posy>
                        <width>4-col</width>
                        <height>2-row</height>
                        <font>buttonTitle</font>
                        <aligny>center</aligny>
                        <textcolor>textActive</textcolor>
                        <shadowcolor>-</shadowcolor>
                        <label>[B]$INFO[ListItem.label][/B]</label>
                    </control>
                </itemlayout>
                <focusedlayout width="4-col" height="78">
                    <control type="image">
                        <posx>0</posx>
                        <posy>62</posy>
                        <width>4-col-gutter</width>
                        <height>9</height>
                        <texture>colors/white.png</texture>
                        <colordiffuse>highlight</colordiffuse>
                        <aspectratio>stretch</aspectratio>
                        <animation effect="fade" start="100" end="20" time="750" condition="Control.HasFocus(9123)" pulse="true">Conditional</animation>
                    </control>
                    <control type="label">
                        <posx>0</posx>
                        <posy>0</posy>
                        <width>4-col</width>
                        <height>2-row</height>
                        <font>buttonTitle</font>
                        <aligny>center</aligny>
                        <textcolor>textActive</textcolor>
                        <shadowcolor>-</shadowcolor>
                        <label>[B]$INFO[ListItem.label][/B]</label>
                    </control>
                </focusedlayout>
                <content>
                    <item id="1">
                        <label>$LOCALIZE[292] $LOCALIZE[5]</label>
                        <onclick>Dialog.close(all,True)</onclick>
                        <onclick>ActivateWindow(124)</onclick>
                    </item>
                    <item id="2">
                        <label>$LOCALIZE[3] $LOCALIZE[5]</label>
                        <onclick>Dialog.close(all,True)</onclick>
                        <onclick>ActivateWindow(123)</onclick>
                    </item>
                </content>
            </control>
            <!--current page marker-->
            <control type="image">
                <visible>window.isactive(124) + !control.hasfocus(9123)</visible>
                <posx>24</posx>
                <posy>38</posy>
                <width>4-col-gutter</width>
                <height>9</height>
                <texture>colors/white.png</texture>
                <colordiffuse>highlight</colordiffuse>
                <aspectratio>stretch</aspectratio>
            </control>
            <control type="image">
                <visible>window.isactive(123) + !control.hasfocus(9123)</visible>
                <posx>312</posx>
                <posy>38</posy>
                <width>4-col-gutter</width>
                <height>9</height>
                <texture>colors/white.png</texture>
                <colordiffuse>highlight</colordiffuse>
                <aspectratio>stretch</aspectratio>
            </control>
            <control type="grouplist" id="5">
                <description>Control Area</description>
                <posx>0</posx>
                <posy>2-row</posy>
                <width>12-col</width>
                <height>21-row</height>
                <orientation>vertical</orientation>
                <itemgap>3</itemgap>
                <onup>9123</onup>
            </control>
            <control type="button" id="7">
                <description>Default Button</description>
                <texturenofocus colordiffuse="overlay">colors/black.png</texturenofocus>
            </control>
            <control type="radiobutton" id="8">
                <description>Default RadioButton</description>
                <texturenofocus colordiffuse="overlay">colors/black.png</texturenofocus>
            </control>
            <control type="spincontrolex" id="9">
                <description>Default spincontrolex</description>
                <texturenofocus colordiffuse="overlay">colors/black.png</texturenofocus>
            </control>
            <control type="sliderex" id="13">
                <description>Default Slider</description>
                <texturenofocus colordiffuse="overlay">colors/black.png</texturenofocus>
            </control>
        </control>
        <!--debugging-->
        <include>DebugGrid</include>
        <control type="label">
            <include>DialogID</include>
            <label>VideoOSDSettings.xml</label>
        </control>
    </controls>
</window>
