<?xml version="1.0" encoding="UTF-8"?>
<includes>
    <include name="videoRecentItems">
        <control type="group">
            <include>fadeInOut</include>

            <!--fanart-->
            <control type="group">
                <control type="image">
                    <posx>0</posx>
                    <posy>0</posy>
                    <width>fullscreenWidth</width>
                    <height>fullscreenHeight</height>
                    <aspectratio scalediffuse="false" align="center">stretch</aspectratio>
                    <texture background="true" fallback="colors/offblack.png" border="0">$INFO[container(9998).listitem.art(fanart)]</texture>
                    <fadetime>500</fadetime>
                    <colordiffuse>66ffffff</colordiffuse>
                    <include>kenBurnsey</include>
                </control>
                <control type="image">
                    <include>dimensionsFullscreen</include>
                    <texture>vignette.png</texture>
                    <colordiffuse>ffffffff</colordiffuse>
                    <aspectratio>stretch</aspectratio>
                </control>
            </control>

            <control type="image">
                <posx>0</posx>
                <posy>row-20-begin</posy>
                <width>fullscreenWidth</width>
                <height>15-row</height>
                <aspectratio scalediffuse="false">stretch</aspectratio>
                <texture border="0">colors/black.png</texture>
                <colordiffuse>ccffffff</colordiffuse>
            </control>

            <!--titles-->
            <control type="group">
                <animation type="conditional" condition="!control.hasfocus(9998)">
                    <effect type="fade" start="100" end="0" time="200"/>
                </animation>
                <animation type="conditional" condition="control.hasfocus(9998)">
                    <effect type="slide" start="800" end="0" tween="cubic" easing="out" delay="600" time="400"/>
                    <effect type="fade" start="0" end="100" delay="600" time="200"/>
                </animation>

                <visible>!controlgroup(9000).hasfocus</visible>
                <posx>col-1-begin</posx>
                <posy>row-12-begin</posy>

                <control type="label">
                    <visible>Container(9123).HasFocus(1)</visible>
                    <posx>24-col</posx>
                    <posy>0</posy>
                    <width>24-col</width>
                    <height>8-row</height>
                    <align>right</align>
                    <font>veryLargeLight</font>
                    <textcolor>66ffffff</textcolor>
                    <shadowcolor>-</shadowcolor>
                    <wrapmultiline>true</wrapmultiline>
                    <label>[B]$INFO[container(9998).listitem.title][/B][CR]$INFO[container(9998).listitem.genre] $INFO[container(9998).listitem.year,,]</label>
                </control>

                <control type="label">
                    <visible>Container(9123).HasFocus(2)</visible>
                    <posx>24-col</posx>
                    <posy>0</posy>
                    <width>24-col</width>
                    <height>8-row</height>
                    <align>right</align>
                    <font>veryLargeLight</font>
                    <textcolor>66ffffff</textcolor>
                    <shadowcolor>-</shadowcolor>
                    <wrapmultiline>true</wrapmultiline>
                    <label>[B]$INFO[container(9998).listitem.tvshowtitle][/B][CR]$INFO[container(9998).listitem.season,$LOCALIZE[31011] ,,]</label>
                </control>
            </control>

            <!--content selector-->
            <control type="list" id="9123">
                <animation type="Conditional" condition="controlgroup(9000).hasfocus | controlgroup(9002).hasfocus | controlgroup(100).hasfocus">
                    <effect type="fade" start="100" end="0" time="200"/>
                </animation>
                <posx>72</posx>
                <posy>672</posy>
                <width>24-col</width>
                <height>84</height>
                <onleft>9000</onleft>
                <ondown>9998</ondown>
                <orientation>horizontal</orientation>
                <itemlayout width="4-col" height="2-row">
                    <control type="label">
                        <posx>12</posx>
                        <posy>0</posy>
                        <width>4-col</width>
                        <height>2-row</height>
                        <font>buttonTitle</font>
                        <aligny>center</aligny>
                        <textcolor>textActive</textcolor>
                        <shadowcolor>-</shadowcolor>
                        <label>[B]$INFO[ListItem.property(textTitle)][/B]</label>
                    </control>
                </itemlayout>
                <focusedlayout width="4-col" height="78">
                    <control type="image">
                        <posx>0</posx>
                        <posy>56</posy>
                        <width>4-col-textbox</width>
                        <height>9</height>
                        <texture>colors/white.png</texture>
                        <colordiffuse>highlight</colordiffuse>
                        <aspectratio>stretch</aspectratio>
                        <animation effect="fade" start="100" end="20" time="750" condition="Control.HasFocus(9123)" pulse="true">Conditional</animation>
                    </control>
                    <control type="label">
                        <posx>12</posx>
                        <posy>0</posy>
                        <width>4-col</width>
                        <height>2-row</height>
                        <font>buttonTitle</font>
                        <aligny>center</aligny>
                        <textcolor>textActive</textcolor>
                        <shadowcolor>-</shadowcolor>
                        <label>[B]$INFO[ListItem.property(textTitle)][/B]</label>
                    </control>
                </focusedlayout>
                <content>
                    <item id="1">
                        <visible>Library.HasContent(movies)</visible>
                        <label>recentmovies</label>
                        <property name="textTitle">31176</property>
                        <onclick>noop</onclick>
                    </item>
                    <item id="2">
                        <visible>Library.HasContent(tvshows)</visible>
                        <label>recentepisodes</label>
                        <property name="textTitle">31178</property>
                        <onclick>noop</onclick>
                    </item>
                </content>
            </control>

            <!--content listing-->
            <control type="panel" id="9998">
                <posx>72</posx>
                <posy>row-21-begin</posy>
                <width>1776</width>
                <height>9-row</height>
                <onup>9123</onup>
                <onleft>9000</onleft>
                <onback>activateWindow(home)</onback>
                <orientation>horizontal</orientation>
                <content>plugin://script.thedeadman.functions?type=$INFO[control.getlabel(9123)]</content>
                <itemlayout width="3-col" height="312">
                    <control type="image">
                        <posx>0</posx>
                        <posy>0</posy>
                        <width>3-col-gutter</width>
                        <height>288</height>
                        <aspectratio>stretch</aspectratio>
                        <texture border="3">colors/black.png</texture>
                        <bordertexture colordiffuse="ffFFFFFF">colors/offblack.png</bordertexture>
                        <bordersize>3</bordersize>
                        <colordiffuse>textboxInactive</colordiffuse>
                    </control>
                    <control type="label">
                        <visible>!controlgroup(9000).hasfocus + container(9123).hasfocus(1)</visible>
                        <posx>12</posx>
                        <posy>2-row</posy>
                        <width>168</width>
                        <height>2-row</height>
                        <align>center</align>
                        <aligny>center</aligny>
                        <font>regularStrong</font>
                        <textcolor>disabled</textcolor>
                        <label>$INFO[ListItem.title]</label>
                    </control>
                    <control type="label">
                        <visible>!controlgroup(9000).hasfocus + container(9123).hasfocus(2)</visible>
                        <posx>12</posx>
                        <posy>2-row</posy>
                        <width>168</width>
                        <height>2-row</height>
                        <align>center</align>
                        <aligny>center</aligny>
                        <font>regularStrong</font>
                        <textcolor>disabled</textcolor>
                        <label>$INFO[ListItem.tvshowtitle]</label>
                    </control>
                    <control type="label">
                        <visible>!controlgroup(9000).hasfocus + container(9123).hasfocus(1)</visible>
                        <posx>12</posx>
                        <posy>3-row</posy>
                        <width>168</width>
                        <height>2-row</height>
                        <align>center</align>
                        <aligny>center</aligny>
                        <font>buttonTitle</font>
                        <textcolor>disabled</textcolor>
                        <label>$INFO[ListItem.year]</label>
                    </control>
                    <control type="label">
                        <visible>!controlgroup(9000).hasfocus + container(9123).hasfocus(2)</visible>
                        <posx>12</posx>
                        <posy>3-row</posy>
                        <width>168</width>
                        <height>2-row</height>
                        <align>center</align>
                        <aligny>center</aligny>
                        <font>buttonTitle</font>
                        <textcolor>disabled</textcolor>
                        <label>$INFO[ListItem.season,$LOCALIZE[31011] ,]</label>
                    </control>
                    <control type="image">
                        <posx>0</posx>
                        <posy>0</posy>
                        <width>3-col-gutter</width>
                        <height>288</height>
                        <aspectratio>stretch</aspectratio>
                        <texture border="0">$INFO[ListItem.Art(poster)]</texture>
                        <bordertexture border="3" colordiffuse="33FFFFFF">colors/white.png</bordertexture>
                        <bordersize>3</bordersize>
                        <colordiffuse>ffffffff</colordiffuse>
                    </control>
                    <control type="image">
                        <posx>0</posx>
                        <posy>0</posy>
                        <width>3-col-gutter</width>
                        <height>288</height>
                        <aspectratio>stretch</aspectratio>
                        <texture border="0">$INFO[ListItem.property(season_poster)]</texture>
                        <bordertexture border="3" colordiffuse="33FFFFFF">colors/white.png</bordertexture>
                        <bordersize>3</bordersize>
                        <colordiffuse>ffffffff</colordiffuse>
                    </control>
                </itemlayout>
                <focusedlayout width="3-col" height="312">
                    <control type="group">
                        <animation type="focus" loop="false" reversible="false">
                            <effect type="rotatey" start="0" end="-15" center="132" tween="back" easing="out" time="300"/>
                            <effect type="rotatey" start="0" end="15" center="132" tween="back" easing="out" delay="300" time="300"/>
                            <effect type="zoom" start="95" end="110" center="auto" tween="back" easing="out" time="300"/>
                        </animation>
                        <control type="image">
                            <posx>0</posx>
                            <posy>0</posy>
                            <width>3-col-gutter</width>
                            <height>288</height>
                            <aspectratio>stretch</aspectratio>
                            <texture border="3">colors/black.png</texture>
                            <bordertexture colordiffuse="ffFFFFFF">colors/offblack.png</bordertexture>
                            <bordersize>3</bordersize>
                            <colordiffuse>textboxInactive</colordiffuse>
                        </control>
                        <control type="label">
                            <visible>!controlgroup(9000).hasfocus + container(9123).hasfocus(1)</visible>
                            <posx>12</posx>
                            <posy>2-row</posy>
                            <width>168</width>
                            <height>2-row</height>
                            <align>center</align>
                            <aligny>center</aligny>
                            <font>regularStrong</font>
                            <textcolor>textActive</textcolor>
                            <label>$INFO[ListItem.title]</label>
                        </control>
                        <control type="label">
                            <visible>!controlgroup(9000).hasfocus + container(9123).hasfocus(2)</visible>
                            <posx>12</posx>
                            <posy>2-row</posy>
                            <width>168</width>
                            <height>2-row</height>
                            <align>center</align>
                            <aligny>center</aligny>
                            <font>regularStrong</font>
                            <textcolor>textActive</textcolor>
                            <label>$INFO[ListItem.tvshowtitle]</label>
                        </control>
                        <control type="label">
                            <visible>!controlgroup(9000).hasfocus + container(9123).hasfocus(1)</visible>
                            <posx>12</posx>
                            <posy>3-row</posy>
                            <width>168</width>
                            <height>2-row</height>
                            <align>center</align>
                            <aligny>center</aligny>
                            <font>buttonTitle</font>
                            <textcolor>textActive</textcolor>
                            <label>$INFO[ListItem.year]</label>
                        </control>
                        <control type="label">
                            <visible>!controlgroup(9000).hasfocus + container(9123).hasfocus(2)</visible>
                            <posx>12</posx>
                            <posy>3-row</posy>
                            <width>168</width>
                            <height>2-row</height>
                            <align>center</align>
                            <aligny>center</aligny>
                            <font>buttonTitle</font>
                            <textcolor>textActive</textcolor>
                            <label>$INFO[ListItem.season,$LOCALIZE[31011] ,]</label>
                        </control>
                        <control type="image">
                            <posx>0</posx>
                            <posy>0</posy>
                            <width>3-col-gutter</width>
                            <height>288</height>
                            <aspectratio>stretch</aspectratio>
                            <texture border="0">$INFO[ListItem.Art(poster)]</texture>
                            <bordertexture border="3" colordiffuse="ffFFFFFF">colors/white.png</bordertexture>
                            <bordersize>3</bordersize>
                            <colordiffuse>ffffffff</colordiffuse>
                        </control>
                        <control type="image">
                            <posx>0</posx>
                            <posy>0</posy>
                            <width>3-col-gutter</width>
                            <height>288</height>
                            <aspectratio>stretch</aspectratio>
                            <texture border="0">$INFO[ListItem.property(season_poster)]</texture>
                            <bordertexture border="3" colordiffuse="ffFFFFFF">colors/white.png</bordertexture>
                            <bordersize>3</bordersize>
                            <colordiffuse>ffffffff</colordiffuse>
                        </control>
                    </control>
                </focusedlayout>
            </control>
        </control>
    </include>
</includes>