<?xml version="1.0" encoding="UTF-8"?>
<window type="dialog" id="1103">
	<!-- smartplaylisteditor -->
	<backgroundcolor>$VAR[BackgroundColor]</backgroundcolor>
	<defaultcontrol always="true">100</defaultcontrol>
	<onload>Control.Move(105,$INFO[Skin.String(Opacity)])</onload>
	<controls>
		<!-- Background -->
		<include>DialogBackgroundImage</include>
		<!-- Main group -->
		<control type="group" id="1000">
			<include content="DialogHeading">
				<param name="DialogHeaderId" value="-" />
				<param name="DialogHeaderLabel" value="$LOCALIZE[31064]" />
			</include>
			<!-- Left grouplist -->
			<control type="grouplist" id="100">
				<width>370</width>
				<height>775</height>
				<onright>9000</onright>
				<onleft>noop</onleft>
				<ondown>9000</ondown>
				<onup>noop</onup>
				<itemgap>25</itemgap>
				<control type="button" id="101">
					<label>Background Colour</label>
					<texturenofocus></texturenofocus>
					<onclick>RunScript(script.skin.helper.service,action=colorpicker,skinstring=BackgroundColor)</onclick>
				</control>
				<control type="button" id="102">
					<label>Secondary colour</label>
					<texturenofocus></texturenofocus>
					<onclick>RunScript(script.skin.helper.service,action=colorpicker,skinstring=SecondaryColor)</onclick>
				</control>
				<control type="list" id="105">
					<height>75</height>
					<onleft>noop</onleft>
					<onright>noop</onright>
					<scrolltime>0</scrolltime>
					<orientation>horizontal</orientation>
					<viewtype label="535">list</viewtype>
					<itemlayout height="75" width="370">
						<control type="image">
							<width>370</width>
							<height>75</height>
							<texture colordiffuse="$VAR[SecondaryColor]">views/white_100.png</texture>
							<visible>Control.HasFocus(105)</visible>
						</control>
						<control type="label">
							<left>10</left>
							<width>370</width>
							<height>75</height>
							<font>Font36</font>
							<textcolor>$VAR[TextColor]</textcolor>
							<label>Opacity: ‹ $INFO[ListItem.Label] ›</label>
						</control>
					</itemlayout>
					<focusedlayout height="75" width="370">
						<control type="button">
							<include>HiddenControl</include>
							<onfocus>Skin.SetString(Opacity,$INFO[Container(105).ListItem.Label2])</onfocus>
						</control>
						<control type="image">
							<width>370</width>
							<height>75</height>
							<texture colordiffuse="$VAR[BackgroundColor]">views/white_100.png</texture>
							<visible>Control.HasFocus(105)</visible>
						</control>
						<control type="label">
							<left>10</left>
							<width>370</width>
							<height>75</height>
							<font>Font36</font>
							<textcolor>$VAR[TextColor]</textcolor>
							<label>Opacity: $INFO[ListItem.Label]</label>
							<visible>!Control.HasFocus(105)</visible>
						</control>
						<control type="label">
							<left>10</left>
							<width>350</width>
							<height>75</height>
							<font>Font36</font>
							<textcolor>$VAR[TextColor]</textcolor>
							<label>Opacity: ‹ $INFO[ListItem.Label] ›</label>
							<visible>Control.HasFocus(105)</visible>
						</control>
					</focusedlayout>
					<content>
						<item>
							<onclick>Skin.SetString(Opacity,0)</onclick>
							<label>0%</label>
							<label2>$NUMBER[0]</label2>
						</item>
						<item>
							<onclick>Skin.SetString(Opacity,1)</onclick>
							<label>1%</label>
							<label2>$NUMBER[1]</label2>
						</item>
						<item>
							<onclick>Skin.SetString(Opacity,2)</onclick>
							<label>2%</label>
							<label2>$NUMBER[2]</label2>
						</item>
						<item>
							<onclick>Skin.SetString(Opacity,3)</onclick>
							<label>3%</label>
							<label2>$NUMBER[3]</label2>
						</item>
						<item>
							<onclick>Skin.SetString(Opacity,4)</onclick>
							<label>4%</label>
							<label2>$NUMBER[4]</label2>
						</item>
						<item>
							<onclick>Skin.SetString(Opacity,5)</onclick>
							<label>5%</label>
							<label2>$NUMBER[5]</label2>
						</item>
						<item>
							<onclick>Skin.SetString(Opacity,6)</onclick>
							<label>6%</label>
							<label2>$NUMBER[6]</label2>
						</item>
						<item>
							<onclick>Skin.SetString(Opacity,7)</onclick>
							<label>7%</label>
							<label2>$NUMBER[7]</label2>
						</item>
						<item>
							<onclick>Skin.SetString(Opacity,8)</onclick>
							<label>8%</label>
							<label2>$NUMBER[8]</label2>
						</item>
						<item>
							<onclick>Skin.SetString(Opacity,9)</onclick>
							<label>9%</label>
							<label2>$NUMBER[9]</label2>
						</item>
						<item>
							<onclick>Skin.SetString(Opacity,10)</onclick>
							<label>10%</label>
							<label2>$NUMBER[10]</label2>
						</item>
						<item>
							<onclick>Skin.SetString(Opacity,11)</onclick>
							<label>11%</label>
							<label2>$NUMBER[11]</label2>
						</item>
						<item>
							<onclick>Skin.SetString(Opacity,12)</onclick>
							<label>12%</label>
							<label2>$NUMBER[12]</label2>
						</item>
						<item>
							<onclick>Skin.SetString(Opacity,13)</onclick>
							<label>13%</label>
							<label2>$NUMBER[13]</label2>
						</item>
						<item>
							<onclick>Skin.SetString(Opacity,14)</onclick>
							<label>14%</label>
							<label2>$NUMBER[14]</label2>
						</item>
						<item>
							<onclick>Skin.SetString(Opacity,15)</onclick>
							<label>15%</label>
							<label2>$NUMBER[15]</label2>
						</item>
						<item>
							<onclick>Skin.SetString(Opacity,16)</onclick>
							<label>16%</label>
							<label2>$NUMBER[16]</label2>
						</item>
						<item>
							<onclick>Skin.SetString(Opacity,17)</onclick>
							<label>17%</label>
							<label2>$NUMBER[17]</label2>
						</item>
						<item>
							<onclick>Skin.SetString(Opacity,18)</onclick>
							<label>18%</label>
							<label2>$NUMBER[18]</label2>
						</item>
						<item>
							<onclick>Skin.SetString(Opacity,19)</onclick>
							<label>19%</label>
							<label2>$NUMBER[19]</label2>
						</item>
						<item>
							<onclick>Skin.SetString(Opacity,20)</onclick>
							<label>20%</label>
							<label2>$NUMBER[20]</label2>
						</item>
						<item>
							<onclick>Skin.SetString(Opacity,21)</onclick>
							<label>21%</label>
							<label2>$NUMBER[21]</label2>
						</item>
						<item>
							<onclick>Skin.SetString(Opacity,22)</onclick>
							<label>22%</label>
							<label2>$NUMBER[22]</label2>
						</item>
						<item>
							<onclick>Skin.SetString(Opacity,23)</onclick>
							<label>23%</label>
							<label2>$NUMBER[23]</label2>
						</item>
						<item>
							<onclick>Skin.SetString(Opacity,24)</onclick>
							<label>24%</label>
							<label2>$NUMBER[24]</label2>
						</item>
						<item>
							<onclick>Skin.SetString(Opacity,25)</onclick>
							<label>25%</label>
							<label2>$NUMBER[25]</label2>
						</item>
						<item>
							<onclick>Skin.SetString(Opacity,26)</onclick>
							<label>26%</label>
							<label2>$NUMBER[26]</label2>
						</item>
						<item>
							<onclick>Skin.SetString(Opacity,27)</onclick>
							<label>27%</label>
							<label2>$NUMBER[27]</label2>
						</item>
						<item>
							<onclick>Skin.SetString(Opacity,28)</onclick>
							<label>28%</label>
							<label2>$NUMBER[28]</label2>
						</item>
						<item>
							<onclick>Skin.SetString(Opacity,29)</onclick>
							<label>29%</label>
							<label2>$NUMBER[29]</label2>
						</item>
						<item>
							<onclick>Skin.SetString(Opacity,30)</onclick>
							<label>30%</label>
							<label2>$NUMBER[30]</label2>
						</item>
						<item>
							<onclick>Skin.SetString(Opacity,31)</onclick>
							<label>31%</label>
							<label2>$NUMBER[31]</label2>
						</item>
						<item>
							<onclick>Skin.SetString(Opacity,32)</onclick>
							<label>32%</label>
							<label2>$NUMBER[32]</label2>
						</item>
						<item>
							<onclick>Skin.SetString(Opacity,33)</onclick>
							<label>33%</label>
							<label2>$NUMBER[33]</label2>
						</item>
						<item>
							<onclick>Skin.SetString(Opacity,34)</onclick>
							<label>34%</label>
							<label2>$NUMBER[34]</label2>
						</item>
						<item>
							<onclick>Skin.SetString(Opacity,35)</onclick>
							<label>35%</label>
							<label2>$NUMBER[35]</label2>
						</item>
						<item>
							<onclick>Skin.SetString(Opacity,36)</onclick>
							<label>36%</label>
							<label2>$NUMBER[36]</label2>
						</item>
						<item>
							<onclick>Skin.SetString(Opacity,37)</onclick>
							<label>37%</label>
							<label2>$NUMBER[37]</label2>
						</item>
						<item>
							<onclick>Skin.SetString(Opacity,38)</onclick>
							<label>38%</label>
							<label2>$NUMBER[38]</label2>
						</item>
						<item>
							<onclick>Skin.SetString(Opacity,39)</onclick>
							<label>39%</label>
							<label2>$NUMBER[39]</label2>
						</item>
						<item>
							<onclick>Skin.SetString(Opacity,40)</onclick>
							<label>40%</label>
							<label2>$NUMBER[40]</label2>
						</item>
						<item>
							<onclick>Skin.SetString(Opacity,41)</onclick>
							<label>41%</label>
							<label2>$NUMBER[41]</label2>
						</item>
						<item>
							<onclick>Skin.SetString(Opacity,42)</onclick>
							<label>42%</label>
							<label2>$NUMBER[42]</label2>
						</item>
						<item>
							<onclick>Skin.SetString(Opacity,43)</onclick>
							<label>43%</label>
							<label2>$NUMBER[43]</label2>
						</item>
						<item>
							<onclick>Skin.SetString(Opacity,44)</onclick>
							<label>44%</label>
							<label2>$NUMBER[44]</label2>
						</item>
						<item>
							<onclick>Skin.SetString(Opacity,45)</onclick>
							<label>45%</label>
							<label2>$NUMBER[45]</label2>
						</item>
						<item>
							<onclick>Skin.SetString(Opacity,46)</onclick>
							<label>46%</label>
							<label2>$NUMBER[46]</label2>
						</item>
						<item>
							<onclick>Skin.SetString(Opacity,47)</onclick>
							<label>47%</label>
							<label2>$NUMBER[47]</label2>
						</item>
						<item>
							<onclick>Skin.SetString(Opacity,48)</onclick>
							<label>48%</label>
							<label2>$NUMBER[48]</label2>
						</item>
						<item>
							<onclick>Skin.SetString(Opacity,49)</onclick>
							<label>49%</label>
							<label2>$NUMBER[49]</label2>
						</item>
						<item>
							<onclick>Skin.SetString(Opacity,50)</onclick>
							<label>50%</label>
							<label2>$NUMBER[50]</label2>
						</item>
						<item>
							<onclick>Skin.SetString(Opacity,51)</onclick>
							<label>51%</label>
							<label2>$NUMBER[51]</label2>
						</item>
						<item>
							<onclick>Skin.SetString(Opacity,52)</onclick>
							<label>52%</label>
							<label2>$NUMBER[52]</label2>
						</item>
						<item>
							<onclick>Skin.SetString(Opacity,53)</onclick>
							<label>53%</label>
							<label2>$NUMBER[53]</label2>
						</item>
						<item>
							<onclick>Skin.SetString(Opacity,54)</onclick>
							<label>54%</label>
							<label2>$NUMBER[54]</label2>
						</item>
						<item>
							<onclick>Skin.SetString(Opacity,55)</onclick>
							<label>55%</label>
							<label2>$NUMBER[55]</label2>
						</item>
						<item>
							<onclick>Skin.SetString(Opacity,56)</onclick>
							<label>56%</label>
							<label2>$NUMBER[56]</label2>
						</item>
						<item>
							<onclick>Skin.SetString(Opacity,57)</onclick>
							<label>57%</label>
							<label2>$NUMBER[57]</label2>
						</item>
						<item>
							<onclick>Skin.SetString(Opacity,58)</onclick>
							<label>58%</label>
							<label2>$NUMBER[58]</label2>
						</item>
						<item>
							<onclick>Skin.SetString(Opacity,59)</onclick>
							<label>59%</label>
							<label2>$NUMBER[59]</label2>
						</item>
						<item>
							<onclick>Skin.SetString(Opacity,60)</onclick>
							<label>60%</label>
							<label2>$NUMBER[60]</label2>
						</item>
						<item>
							<onclick>Skin.SetString(Opacity,61)</onclick>
							<label>61%</label>
							<label2>$NUMBER[61]</label2>
						</item>
						<item>
							<onclick>Skin.SetString(Opacity,62)</onclick>
							<label>62%</label>
							<label2>$NUMBER[62]</label2>
						</item>
						<item>
							<onclick>Skin.SetString(Opacity,63)</onclick>
							<label>63%</label>
							<label2>$NUMBER[63]</label2>
						</item>
						<item>
							<onclick>Skin.SetString(Opacity,64)</onclick>
							<label>64%</label>
							<label2>$NUMBER[64]</label2>
						</item>
						<item>
							<onclick>Skin.SetString(Opacity,65)</onclick>
							<label>65%</label>
							<label2>$NUMBER[65]</label2>
						</item>
						<item>
							<onclick>Skin.SetString(Opacity,66)</onclick>
							<label>66%</label>
							<label2>$NUMBER[66]</label2>
						</item>
						<item>
							<onclick>Skin.SetString(Opacity,67)</onclick>
							<label>67%</label>
							<label2>$NUMBER[67]</label2>
						</item>
						<item>
							<onclick>Skin.SetString(Opacity,68)</onclick>
							<label>68%</label>
							<label2>$NUMBER[68]</label2>
						</item>
						<item>
							<onclick>Skin.SetString(Opacity,69)</onclick>
							<label>69%</label>
							<label2>$NUMBER[69]</label2>
						</item>
						<item>
							<onclick>Skin.SetString(Opacity,70)</onclick>
							<label>70%</label>
							<label2>$NUMBER[70]</label2>
						</item>
						<item>
							<onclick>Skin.SetString(Opacity,71)</onclick>
							<label>71%</label>
							<label2>$NUMBER[71]</label2>
						</item>
						<item>
							<onclick>Skin.SetString(Opacity,72)</onclick>
							<label>72%</label>
							<label2>$NUMBER[72]</label2>
						</item>
						<item>
							<onclick>Skin.SetString(Opacity,73)</onclick>
							<label>73%</label>
							<label2>$NUMBER[73]</label2>
						</item>
						<item>
							<onclick>Skin.SetString(Opacity,74)</onclick>
							<label>74%</label>
							<label2>$NUMBER[74]</label2>
						</item>
						<item>
							<onclick>Skin.SetString(Opacity,75)</onclick>
							<label>75%</label>
							<label2>$NUMBER[75]</label2>
						</item>
						<item>
							<onclick>Skin.SetString(Opacity,76)</onclick>
							<label>76%</label>
							<label2>$NUMBER[76]</label2>
						</item>
						<item>
							<onclick>Skin.SetString(Opacity,77)</onclick>
							<label>77%</label>
							<label2>$NUMBER[77]</label2>
						</item>
						<item>
							<onclick>Skin.SetString(Opacity,78)</onclick>
							<label>78%</label>
							<label2>$NUMBER[78]</label2>
						</item>
						<item>
							<onclick>Skin.SetString(Opacity,79)</onclick>
							<label>79%</label>
							<label2>$NUMBER[79]</label2>
						</item>
						<item>
							<onclick>Skin.SetString(Opacity,80)</onclick>
							<label>80%</label>
							<label2>$NUMBER[80]</label2>
						</item>
						<item>
							<onclick>Skin.SetString(Opacity,81)</onclick>
							<label>81%</label>
							<label2>$NUMBER[81]</label2>
						</item>
						<item>
							<onclick>Skin.SetString(Opacity,82)</onclick>
							<label>82%</label>
							<label2>$NUMBER[82]</label2>
						</item>
						<item>
							<onclick>Skin.SetString(Opacity,83)</onclick>
							<label>83%</label>
							<label2>$NUMBER[83]</label2>
						</item>
						<item>
							<onclick>Skin.SetString(Opacity,84)</onclick>
							<label>84%</label>
							<label2>$NUMBER[84]</label2>
						</item>
						<item>
							<onclick>Skin.SetString(Opacity,85)</onclick>
							<label>85%</label>
							<label2>$NUMBER[85]</label2>
						</item>
						<item>
							<onclick>Skin.SetString(Opacity,86)</onclick>
							<label>86%</label>
							<label2>$NUMBER[86]</label2>
						</item>
						<item>
							<onclick>Skin.SetString(Opacity,87)</onclick>
							<label>87%</label>
							<label2>$NUMBER[87]</label2>
						</item>
						<item>
							<onclick>Skin.SetString(Opacity,88)</onclick>
							<label>88%</label>
							<label2>$NUMBER[88]</label2>
						</item>
						<item>
							<onclick>Skin.SetString(Opacity,89)</onclick>
							<label>89%</label>
							<label2>$NUMBER[89]</label2>
						</item>
						<item>
							<onclick>Skin.SetString(Opacity,90)</onclick>
							<label>90%</label>
							<label2>$NUMBER[90]</label2>
						</item>
						<item>
							<onclick>Skin.SetString(Opacity,91)</onclick>
							<label>91%</label>
							<label2>$NUMBER[91]</label2>
						</item>
						<item>
							<onclick>Skin.SetString(Opacity,92)</onclick>
							<label>92%</label>
							<label2>$NUMBER[92]</label2>
						</item>
						<item>
							<onclick>Skin.SetString(Opacity,93)</onclick>
							<label>93%</label>
							<label2>$NUMBER[93]</label2>
						</item>
						<item>
							<onclick>Skin.SetString(Opacity,94)</onclick>
							<label>94%</label>
							<label2>$NUMBER[94]</label2>
						</item>
						<item>
							<onclick>Skin.SetString(Opacity,95)</onclick>
							<label>95%</label>
							<label2>$NUMBER[95]</label2>
						</item>
						<item>
							<onclick>Skin.SetString(Opacity,96)</onclick>
							<label>96%</label>
							<label2>$NUMBER[96]</label2>
						</item>
						<item>
							<onclick>Skin.SetString(Opacity,97)</onclick>
							<label>97%</label>
							<label2>$NUMBER[97]</label2>
						</item>
						<item>
							<onclick>Skin.SetString(Opacity,98)</onclick>
							<label>98%</label>
							<label2>$NUMBER[98]</label2>
						</item>
						<item>
							<onclick>Skin.SetString(Opacity,99)</onclick>
							<label>99%</label>
							<label2>$NUMBER[99]</label2>
						</item>
						<item>
							<onclick>Skin.SetString(Opacity,100)</onclick>
							<label>100%</label>
							<label2>$NUMBER[100]</label2>
						</item>
					</content>
				</control>
				<control type="button" id="103">
					<label>Diffuse Colour</label>
					<texturenofocus></texturenofocus>
					<onclick>RunScript(script.skin.helper.service,action=colorpicker,skinstring=DiffuseColor)</onclick>
				</control>
				<control type="button" id="104">
					<label>Text Colour</label>
					<texturenofocus></texturenofocus>
					<onclick>RunScript(script.skin.helper.service,action=colorpicker,skinstring=TextColor)</onclick>
				</control>
			</control>
			<!-- Views -->
			<control type="group">
				<left>434</left>
				<width>1289</width>
				<height>729</height>
				<!-- Background -->
				<control type="image">
					<width>1289</width>
					<height>729</height>
					<texture colordiffuse="ff000000">views/white_100.png</texture>
				</control>
				<!-- Home -->
				<control type="group">
					<left>3</left>
					<top>3</top>
					<width>640</width>
					<height>360</height>
					<!-- Background -->
					<control type="image">
						<width>640</width>
						<height>360</height>
						<texture colordiffuse="$VAR[BackgroundColor]">views/white_100.png</texture>
					</control>
					<!-- Clock -->
					<control type="grouplist">
						<top>14</top>
						<right>17</right>
						<width>133</width>
						<height>16</height>
						<align>right</align>
						<itemgap>0</itemgap>
						<orientation>horizontal</orientation>
						<include>HomeClockAnimation</include>
						<control type="label">
							<width>auto</width>
							<height>16</height>
							<font>Med16</font>
							<align>right</align>
							<textcolor>$VAR[SecondaryColor]</textcolor>
							<label>$INFO[System.Time(hh)]</label>
						</control>
						<control type="label">
							<width>auto</width>
							<height>16</height>
							<font>Light16</font>
							<align>right</align>
							<textcolor>$VAR[TextColor]</textcolor>
							<label>$INFO[System.Time(mm)]</label>
						</control>
					</control>
					<!-- Main list -->
					<control type="fixedlist">
						<left>17</left>
						<top>47</top>
						<width>303</width>
						<height>299</height>
						<focusposition>6</focusposition>
						<orientation>vertical</orientation>
						<viewtype label="535">list</viewtype>
						<itemlayout height="20" width="303">
							<control type="label">
								<width>303</width>
								<height>20</height>
								<font>Thin16</font>
								<align>right</align>
								<textcolor>$VAR[TextColor]</textcolor>
								<label>$INFO[ListItem.Label]</label>
							</control>
						</itemlayout>
						<focusedlayout height="24" width="303">
							<control type="label">
								<width>303</width>
								<height>24</height>
								<font>Med20</font>
								<align>right</align>
								<scroll>true</scroll>
								<textcolor>$VAR[SecondaryColor]</textcolor>
								<label>[UPPERCASE]‹ $INFO[ListItem.Label] ›[/UPPERCASE]</label>
							</control>
						</focusedlayout>
						<content>
							<item>
								<onclick>noop</onclick>
								<label>342</label>
							</item>
							<item>
								<onclick>noop</onclick>
								<label>20343</label>
							</item>
							<item>
								<onclick>noop</onclick>
								<label>3</label>
							</item>
							<item>
								<onclick>noop</onclick>
								<label>2</label>
							</item>
							<item>
								<onclick>noop</onclick>
								<label>1</label>
							</item>
							<item>
								<onclick>noop</onclick>
								<label>8</label>
							</item>
							<item>
								<onclick>noop</onclick>
								<label>5</label>
							</item>
						</content>
					</control>
				</control>
				<!-- List -->
				<control type="group">
					<left>646</left>
					<top>3</top>
					<width>640</width>
					<height>360</height>
					<!-- Fanart -->
					<control type="image">
						<width>640</width>
						<height>360</height>
						<texture>settings/fanart.jpg</texture>
					</control>
					<!-- Fanart diffuse -->
					<control type="image">
						<width>640</width>
						<height>360</height>
						<texture colordiffuse="$VAR[DiffuseColor]">views/white_100.png</texture>
					</control>
					<!-- Movie list -->
					<control type="fixedlist">
						<left>17</left>
						<top>47</top>
						<width>303</width>
						<height>310</height>
						<defaultcontrol>6</defaultcontrol>
						<focusposition>6</focusposition>
						<orientation>vertical</orientation>
						<viewtype label="535">list</viewtype>
						<itemlayout height="20" width="303">
							<control type="label">
								<width>303</width>
								<height>20</height>
								<font>Thin16</font>
								<align>right</align>
								<textcolor>$VAR[TextColor]</textcolor>
								<label>$INFO[ListItem.Label]</label>
							</control>
						</itemlayout>
						<focusedlayout height="24" width="303">
							<control type="label">
								<width>303</width>
								<height>24</height>
								<font>Med20</font>
								<align>right</align>
								<scroll>true</scroll>
								<textcolor>$VAR[TextColor]</textcolor>
								<label>$INFO[ListItem.Label]</label>
							</control>
						</focusedlayout>
						<content>
							<item>
								<onclick>noop</onclick>
								<label>Convergence</label>
							</item>
							<item>
								<onclick>noop</onclick>
								<label>Cooties</label>
							</item>
							<item>
								<onclick>noop</onclick>
								<label>Crank</label>
							</item>
							<item>
								<onclick>noop</onclick>
								<label>Crank: High Voltage</label>
							</item>
							<item>
								<onclick>noop</onclick>
								<label>Crouching Tiger, Hidden Dragon</label>
							</item>
							<item>
								<onclick>noop</onclick>
								<label>Batman Begins</label>
							</item>
							<item>
								<onclick>noop</onclick>
								<label>The Dark Knight</label>
							</item>
							<item>
								<onclick>noop</onclick>
								<label>The Dark Knight Rises</label>
							</item>
							<item>
								<onclick>noop</onclick>
								<label>Dark Places</label>
							</item>
							<item>
								<onclick>noop</onclick>
								<label>Dead Man's Shoes</label>
							</item>
							<item>
								<onclick>noop</onclick>
								<label>Death Proof</label>
							</item>
							<item>
								<onclick>noop</onclick>
								<label>Defiance</label>
							</item>
							<item>
								<onclick>noop</onclick>
								<label>Deja Vu</label>
							</item>
							<item>
								<onclick>noop</onclick>
								<label>Die Hard</label>
							</item>
							<item>
								<onclick>noop</onclick>
								<label>Die Hard 2</label>
							</item>
						</content>
					</control>
				</control>
				<!-- Context menu -->
				<control type="group">
					<left>3</left>
					<top>366</top>
					<width>640</width>
					<height>360</height>
					<!-- Fanart -->
					<control type="image">
						<width>640</width>
						<height>360</height>
						<texture>settings/fanart.jpg</texture>
					</control>
					<!-- Fanart diffuse -->
					<control type="image">
						<width>640</width>
						<height>360</height>
						<texture colordiffuse="$VAR[DiffuseColor]">views/white_100.png</texture>
					</control>
					<!-- Movie list -->
					<control type="fixedlist">
						<left>17</left>
						<top>47</top>
						<width>303</width>
						<height>310</height>
						<defaultcontrol>6</defaultcontrol>
						<focusposition>6</focusposition>
						<orientation>vertical</orientation>
						<viewtype label="535">list</viewtype>
						<itemlayout height="20" width="303">
							<control type="label">
								<width>303</width>
								<height>20</height>
								<font>Thin16</font>
								<align>right</align>
								<textcolor>$VAR[TextColor]</textcolor>
								<label>$INFO[ListItem.Label]</label>
							</control>
						</itemlayout>
						<focusedlayout height="24" width="303">
							<control type="label">
								<width>303</width>
								<height>24</height>
								<font>Med20</font>
								<align>right</align>
								<scroll>true</scroll>
								<textcolor>$VAR[TextColor]</textcolor>
								<label>$INFO[ListItem.Label]</label>
							</control>
						</focusedlayout>
						<content>
							<item>
								<onclick>noop</onclick>
								<label>Convergence</label>
							</item>
							<item>
								<onclick>noop</onclick>
								<label>Cooties</label>
							</item>
							<item>
								<onclick>noop</onclick>
								<label>Crank</label>
							</item>
							<item>
								<onclick>noop</onclick>
								<label>Crank: High Voltage</label>
							</item>
							<item>
								<onclick>noop</onclick>
								<label>Crouching Tiger, Hidden Dragon</label>
							</item>
							<item>
								<onclick>noop</onclick>
								<label>Batman Begins</label>
							</item>
							<item>
								<onclick>noop</onclick>
								<label>The Dark Knight</label>
							</item>
							<item>
								<onclick>noop</onclick>
								<label>The Dark Knight Rises</label>
							</item>
							<item>
								<onclick>noop</onclick>
								<label>Dark Places</label>
							</item>
							<item>
								<onclick>noop</onclick>
								<label>Dead Man's Shoes</label>
							</item>
							<item>
								<onclick>noop</onclick>
								<label>Death Proof</label>
							</item>
							<item>
								<onclick>noop</onclick>
								<label>Defiance</label>
							</item>
							<item>
								<onclick>noop</onclick>
								<label>Deja Vu</label>
							</item>
							<item>
								<onclick>noop</onclick>
								<label>Die Hard</label>
							</item>
							<item>
								<onclick>noop</onclick>
								<label>Die Hard 2</label>
							</item>
						</content>
					</control>
					<!-- Dialog background -->
					<control type="image">
						<width>640</width>
						<height>360</height>
						<texture colordiffuse="$VAR[SecondaryColor]">views/white_100.png</texture>
						<include>Opacity</include>
					</control>
					<control type="fixedlist">
						<left>343</left>
						<top>48</top>
						<width>286</width>
						<height>298</height>
						<movement>6</movement>
						<focusposition>6</focusposition>
						<orientation>vertical</orientation>
						<viewtype label="535">list</viewtype>
						<defaultcontrol always="true">0</defaultcontrol>
						<itemlayout height="20" width="860">
							<control type="label">
								<width>286</width>
								<height>20</height>
								<font>Thin16</font>
								<textcolor>$VAR[TextColor]</textcolor>
								<label>$INFO[ListItem.Label]</label>
							</control>
						</itemlayout>
						<focusedlayout height="23" width="286">
							<control type="label">
								<width>286</width>
								<height>23</height>
								<font>Light20</font>
								<textcolor>$VAR[TextColor]</textcolor>
								<label>[UPPERCASE]$INFO[ListItem.Label][/UPPERCASE]</label>
							</control>
						</focusedlayout>
						<content>
							<item>
								<onclick>noop</onclick>
								<label>13347</label>
							</item>
							<item>
								<onclick>noop</onclick>
								<label>13412</label>
							</item>
							<item>
								<onclick>noop</onclick>
								<label>14076</label>
							</item>
							<item>
								<onclick>noop</onclick>
								<label>10524</label>
							</item>
							<item>
								<onclick>noop</onclick>
								<label>16104</label>
							</item>
							<item>
								<onclick>noop</onclick>
								<label>16106</label>
							</item>
						</content>
					</control>
				</control>
				<!-- Dialog -->
				<control type="group">
					<left>646</left>
					<top>366</top>
					<width>640</width>
					<height>360</height>
					<!-- Fanart -->
					<control type="image">
						<width>640</width>
						<height>360</height>
						<texture>settings/fanart.jpg</texture>
					</control>
					<!-- Fanart diffuse -->
					<control type="image">
						<width>640</width>
						<height>360</height>
						<texture colordiffuse="$VAR[DiffuseColor]">views/white_100.png</texture>
					</control>
					<!-- Movie list -->
					<control type="fixedlist">
						<left>17</left>
						<top>47</top>
						<width>303</width>
						<height>310</height>
						<defaultcontrol>6</defaultcontrol>
						<focusposition>6</focusposition>
						<orientation>vertical</orientation>
						<viewtype label="535">list</viewtype>
						<itemlayout height="20" width="303">
							<control type="label">
								<width>303</width>
								<height>20</height>
								<font>Thin16</font>
								<align>right</align>
								<textcolor>$VAR[TextColor]</textcolor>
								<label>$INFO[ListItem.Label]</label>
							</control>
						</itemlayout>
						<focusedlayout height="24" width="303">
							<control type="label">
								<width>303</width>
								<height>24</height>
								<font>Med20</font>
								<align>right</align>
								<scroll>true</scroll>
								<textcolor>$VAR[TextColor]</textcolor>
								<label>$INFO[ListItem.Label]</label>
							</control>
						</focusedlayout>
						<content>
							<item>
								<onclick>noop</onclick>
								<label>Convergence</label>
							</item>
							<item>
								<onclick>noop</onclick>
								<label>Cooties</label>
							</item>
							<item>
								<onclick>noop</onclick>
								<label>Crank</label>
							</item>
							<item>
								<onclick>noop</onclick>
								<label>Crank: High Voltage</label>
							</item>
							<item>
								<onclick>noop</onclick>
								<label>Crouching Tiger, Hidden Dragon</label>
							</item>
							<item>
								<onclick>noop</onclick>
								<label>Batman Begins</label>
							</item>
							<item>
								<onclick>noop</onclick>
								<label>The Dark Knight</label>
							</item>
							<item>
								<onclick>noop</onclick>
								<label>The Dark Knight Rises</label>
							</item>
							<item>
								<onclick>noop</onclick>
								<label>Dark Places</label>
							</item>
							<item>
								<onclick>noop</onclick>
								<label>Dead Man's Shoes</label>
							</item>
							<item>
								<onclick>noop</onclick>
								<label>Death Proof</label>
							</item>
							<item>
								<onclick>noop</onclick>
								<label>Defiance</label>
							</item>
							<item>
								<onclick>noop</onclick>
								<label>Deja Vu</label>
							</item>
							<item>
								<onclick>noop</onclick>
								<label>Die Hard</label>
							</item>
							<item>
								<onclick>noop</onclick>
								<label>Die Hard 2</label>
							</item>
						</content>
					</control>
					<!-- Dialog background -->
					<control type="image">
						<width>640</width>
						<height>360</height>
						<texture colordiffuse="$VAR[SecondaryColor]">views/white_100.png</texture>
						<include>Opacity</include>
					</control>
					<!-- Dialog main -->
					<control type="image">
						<top>113</top>
						<width>640</width>
						<height>133</height>
						<texture colordiffuse="$VAR[SecondaryColor]">views/white_100.png</texture>
					</control>
					<!-- Heading -->
					<control type="label">
						<left>17</left>
						<top>130</top>
						<left>17</left>
						<height>23</height>
						<font>Med20Upper</font>
						<textcolor>$VAR[TextColor]</textcolor>
						<label>432</label>
					</control>
					<!-- Details -->
					<control type="textbox">
						<left>17</left>
						<top>160</top>
						<width>400</width>
						<height>74</height>
						<font>Thin16</font>
						<textcolor>$VAR[TextColor]</textcolor>
						<label>Would you really like to remove 'The Dark Knight' from library?</label>
					</control>
					<control type="grouplist">
						<right>17</right>
						<bottom>130</bottom>
						<width>400</width>
						<height>25</height>
						<itemgap>0</itemgap>
						<align>right</align>
						<orientation>horizontal</orientation>
						<control type="button">
							<height>25</height>
							<width>auto</width>
							<align>center</align>
							<font>Light12</font>
							<textoffsetx>13</textoffsetx>
							<label>No</label>
							<texturenofocus colordiffuse="$VAR[BackgroundColor]">views/white_100.png</texturenofocus>
						</control>
						<control type="button">
							<height>25</height>
							<width>auto</width>
							<align>center</align>
							<font>Light12</font>
							<textoffsetx>13</textoffsetx>
							<label>Yes</label>
							<texturenofocus></texturenofocus>
						</control>
					</control>
				</control>
			</control>
		</control>
		<!-- Button grouplist -->
		<control type="grouplist" id="9000">
			<right>50</right>
			<bottom>50</bottom>
			<width>1200</width>
			<height>75</height>
			<itemgap>0</itemgap>
			<onleft>1000</onleft>
			<onright>noop</onright>
			<onup>1000</onup>
			<ondown>noop</ondown>
			<align>right</align>
			<include>DialogAnimation</include>
			<orientation>horizontal</orientation>
			<control type="button" id="110">
				<width>auto</width>
				<align>center</align>
				<textoffsetx>40</textoffsetx>
				<label>31152</label>
				<texturenofocus></texturenofocus>
				<onclick>Skin.Reset(BackgroundColor)</onclick>
				<onclick>Skin.Reset(SecondaryColor)</onclick>
				<onclick>Skin.Reset(DiffuseColor)</onclick>
				<onclick>Skin.Reset(TextColor)</onclick>
				<onclick>Skin.SetString(Opacity,80)</onclick>
				<onclick>Control.Move(105,$INFO[Container(105).CurrentItem,-])</onclick>
				<onclick>Control.Move(105,1)</onclick>
				<onclick>Control.Move(105,$INFO[Skin.String(Opacity)])</onclick>
			</control>
			<!-- OK Button -->
			<control type="button" id="20">
				<width>auto</width>
				<align>center</align>
				<textoffsetx>40</textoffsetx>
				<label>186</label>
				<texturenofocus></texturenofocus>
				<onclick>Close</onclick>
			</control>
		</control>
	</controls>
</window>