<?xml version="1.0" encoding="UTF-8"?>
<window>
	<!-- systeminfo -->
	<defaultcontrol always="true">95</defaultcontrol>

	<controls>
		<!-- Fanart -->
		<control type="multiimage" id="7975">
			<include>FullscreenDimensions</include>
			<timeperimage>10000</timeperimage>
			<randomize>true</randomize>
			<colordiffuse>$VAR[FanartColor]</colordiffuse>
			<imagepath background="true">$VAR[HomeBackgroundImage]</imagepath>
			<animation effect="fade" start="100" end="80" condition="[Player.HasVideo + Skin.HasSetting(BackgroundVideo)] | [Player.HasAudio + Skin.HasSetting(BackgroundVisualisation) + !String.Contains(Window(Videos).Property(TvTunesIsAlive),True)]">Conditional</animation>
		</control>

		<!-- Curve -->
		<control type="image">
			<right>20</right>
			<top>20</top>
			<width>1520</width>
			<height>1040</height>
			<texture border="40,0,0,0">common/Curve.png</texture>
			<visible>Skin.HasSetting(ShowCurve)</visible>
		</control>

		<!-- Curve -->
		<control type="image">
			<right>20</right>
			<top>20</top>
			<width>1172</width>
			<height>1040</height>
			<texture border="40,0,0,0">common/Curve.png</texture>
			<visible>Skin.HasSetting(ShowCurve)</visible>
			<animation effect="fade" start="100" end="0" time="0" condition="!ControlGroup(500).HasFocus">Conditional</animation>
		</control>

			<!-- Clock -->
			<include>Clock</include>

		<!-- Dummy list -->
		<control type="grouplist" id="9000">
			<left>120</left>
			<top>120</top>
			<width>300</width>
			<height>870</height>
			<itemgap>34</itemgap>
			<orientation>vertical</orientation>

			<!-- Appearance -->
			<control type="button">
				<width>300</width>
				
				<label>480</label>
				<font>Font42</font>
				<textcolor>$VAR[UnFocusedColor]</textcolor>
			</control>
			<!-- Videos -->
			<control type="button">
				<width>300</width>
				
				<label>3</label>
				<font>Font42</font>
				<textcolor>$VAR[UnFocusedColor]</textcolor>
			</control>
			<!-- Music -->
			<control type="button">
				<width>300</width>
				
				<label>2</label>
				<font>Font42</font>
				<textcolor>$VAR[UnFocusedColor]</textcolor>
			</control>
			<!-- Pictures -->
			<control type="button">
				<width>300</width>
				
				<label>1</label>
				<font>Font42</font>
				<textcolor>$VAR[UnFocusedColor]</textcolor>
			</control>
			<!-- Weather -->
			<control type="button">
				<width>300</width>
				
				<label>8</label>
				<font>Font42</font>
				<textcolor>$VAR[UnFocusedColor]</textcolor>
			</control>
			<!-- System -->
			<control type="button">
				<width>300</width>
				
				<label>13000</label>
				<font>Font42</font>
				<textcolor>$VAR[UnFocusedColor]</textcolor>
			</control>
			<!-- Service -->
			<control type="button">
				<width>300</width>
				
				<label>14036</label>
				<font>Font42</font>
				<textcolor>$VAR[UnFocusedColor]</textcolor>
			</control>
			<!-- PVR -->
			<control type="button">
				<width>300</width>
				
				<label>31015</label>
				<font>Font42</font>
				<textcolor>$VAR[UnFocusedColor]</textcolor>
			</control>
			<!-- System info -->
			<control type="button">
				<width>300</width>
				
				<label>130</label>
				<font>Font42</font>
				<textcolor>$VAR[FocusedColor]</textcolor>
			</control>
			<!-- More -->
			<control type="button">
				<width>300</width>
				
				<label>22082</label>
				<font>Font42</font>
				<textcolor>$VAR[UnFocusedColor]</textcolor>
			</control>

		</control>

		<!-- Main list -->
		<control type="grouplist" id="50">
			<left>480</left>
			<top>244</top>
			<width>1680</width>
			<height>726</height>
			<itemgap>34</itemgap>
			<onleft>ReplaceWindow(settings)</onleft>
			<onright>noop</onright>
			<onup>noop</onup>
			<ondown>noop</ondown>
			<orientation>vertical</orientation>

			<!-- Summary -->
			<control type="button" id="95">
				<width>970</width>
				
				<font>Font33</font>
				<label>20037</label>
				<textcolor>$VAR[SystemInfoButton95]</textcolor>
				<focusedcolor>$VAR[FocusedColor]</focusedcolor>
				<invalidcolor>$VAR[DisabledColor]</invalidcolor>
				<disabledcolor>$VAR[DisabledColor]</disabledcolor>
				<onright>SetFocus(500)</onright>
				<onclick>SetFocus(500)</onclick>
			</control>
			<!-- Storage -->
			<control type="togglebutton" id="94">
				<width>970</width>
				
				<font>Font33</font>
				<label>13277</label>
				<textcolor>$VAR[SystemInfoButton94]</textcolor>
				<focusedcolor>$VAR[FocusedColor]</focusedcolor>
				<disabledcolor>$VAR[DisabledColor]</disabledcolor>
				<onright>SetFocus(500)</onright>
				<onclick>SetFocus(500)</onclick>
			</control>
			<!-- Network -->
			<control type="button" id="96">
				<width>970</width>
				
				<font>Font33</font>
				<label>13279</label>
				<textcolor>$VAR[SystemInfoButton96]</textcolor>
				<focusedcolor>$VAR[FocusedColor]</focusedcolor>
				<invalidcolor>$VAR[DisabledColor]</invalidcolor>
				<disabledcolor>$VAR[DisabledColor]</disabledcolor>
				<onright>SetFocus(500)</onright>
				<onclick>SetFocus(500)</onclick>
			</control>
			<!-- Video -->
			<control type="button" id="97">
				<width>970</width>
				
				<font>Font33</font>
				<label>13280</label>
				<textcolor>$VAR[SystemInfoButton97]</textcolor>
				<focusedcolor>$VAR[FocusedColor]</focusedcolor>
				<invalidcolor>$VAR[DisabledColor]</invalidcolor>
				<disabledcolor>$VAR[DisabledColor]</disabledcolor>
				<onright>SetFocus(500)</onright>
				<onclick>SetFocus(500)</onclick>
			</control>
			<!-- Hardware -->
			<control type="button" id="98">
				<width>970</width>
				
				<font>Font33</font>
				<label>13281</label>
				<textcolor>$VAR[SystemInfoButton98]</textcolor>
				<focusedcolor>$VAR[FocusedColor]</focusedcolor>
				<invalidcolor>$VAR[DisabledColor]</invalidcolor>
				<disabledcolor>$VAR[DisabledColor]</disabledcolor>
				<onright>SetFocus(500)</onright>
				<onclick>SetFocus(500)</onclick>
			</control>
			<!-- PVR -->
			<control type="button" id="99">
				<width>970</width>
				
				<font>Font33</font>
				<label>19191</label>
				<textcolor>$VAR[SystemInfoButton99]</textcolor>
				<focusedcolor>$VAR[FocusedColor]</focusedcolor>
				<invalidcolor>$VAR[DisabledColor]</invalidcolor>
				<disabledcolor>$VAR[DisabledColor]</disabledcolor>
				<onright>SetFocus(500)</onright>
				<onclick>SetFocus(500)</onclick>
			</control>
		</control>

		<!-- Main list indicator -->
		<control type="image">
			<left>442</left>
			<top>248</top>
			<width>20</width>
			<height>60</height>
			<colordiffuse>$VAR[UnFocusedColor]</colordiffuse>
			<texture border="6,1,8,1">common/ScrollBackground.png</texture>
			<animation effect="fade" start="100" end="50" time="0" condition="!ControlGroup(50).HasFocus">Conditional</animation>
		</control>

		<!-- Default list -->
		<control type="grouplist" id="500">
			<left>830</left>
			<top>244</top>
			<width>970</width>
			<height>726</height>
			<itemgap>34</itemgap>
			<onleft>50</onleft>
			<onright>noop</onright>
			<onup>noop</onup>
			<ondown>noop</ondown>
			<orientation>vertical</orientation>
			<defaultcontrol always="true">102</defaultcontrol>
			<animation effect="fade" start="100" end="0" time="0" condition="!ControlGroup(500).HasFocus">Conditional</animation>

			<control type="button" id="102">
				<width>900</width>
				
				<font>Font33</font>
				<textcolor>$VAR[UnFocusedColor]</textcolor>
				<label>$INFO[Control.GetLabel(2)]</label>
				<visible>!String.IsEmpty(Control.GetLabel(2))</visible>
			</control>

			<control type="button" id="103">
				<width>1220</width>
				
				<font>Font33</font>
				<textcolor>$VAR[UnFocusedColor]</textcolor>
				<label>$INFO[Control.GetLabel(3)]</label>
				<visible>!String.IsEmpty(Control.GetLabel(3))</visible>
			</control>

			<control type="button" id="104">
				<width>1220</width>
				
				<font>Font33</font>
				<textcolor>$VAR[UnFocusedColor]</textcolor>
				<label>$INFO[Control.GetLabel(4)]</label>
				<visible>!String.IsEmpty(Control.GetLabel(4))</visible>
			</control>

			<control type="button" id="105">
				<width>1220</width>
				
				<font>Font33</font>
				<textcolor>$VAR[UnFocusedColor]</textcolor>
				<label>$INFO[Control.GetLabel(5)]</label>
				<visible>!String.IsEmpty(Control.GetLabel(5))</visible>
			</control>

			<control type="button" id="106">
				<width>1220</width>
				
				<font>Font33</font>
				<textcolor>$VAR[UnFocusedColor]</textcolor>
				<label>$INFO[Control.GetLabel(6)]</label>
				<visible>!String.IsEmpty(Control.GetLabel(6))</visible>
			</control>

			<control type="button" id="107">
				<width>1220</width>
				
				<font>Font33</font>
				<textcolor>$VAR[UnFocusedColor]</textcolor>
				<label>$INFO[Control.GetLabel(7)]</label>
				<visible>!String.IsEmpty(Control.GetLabel(7))</visible>
			</control>

			<control type="button" id="108">
				<width>1220</width>
				
				<font>Font33</font>
				<textcolor>$VAR[UnFocusedColor]</textcolor>
				<label>$INFO[Control.GetLabel(8)]</label>
				<visible>!String.IsEmpty(Control.GetLabel(8))</visible>
			</control>

			<control type="button" id="109">
				<width>1220</width>
				
				<font>Font33</font>
				<textcolor>$VAR[UnFocusedColor]</textcolor>
				<label>$INFO[Control.GetLabel(9)]</label>
				<visible>!String.IsEmpty(Control.GetLabel(9))</visible>
			</control>

			<control type="button" id="110">
				<width>1220</width>
				
				<font>Font33</font>
				<textcolor>$VAR[UnFocusedColor]</textcolor>
				<label>$INFO[Control.GetLabel(10)]</label>
				<visible>!String.IsEmpty(Control.GetLabel(10))</visible>
			</control>

			<control type="button" id="111">
				<width>1220</width>
				
				<font>Font33</font>
				<textcolor>$VAR[UnFocusedColor]</textcolor>
				<label>$INFO[Control.GetLabel(11)]</label>
				<visible>!String.IsEmpty(Control.GetLabel(11))</visible>
			</control>

		</control>

		<!-- Sub list indicator -->
		<control type="image">
			<left>792</left>
			<top>248</top>
			<width>20</width>
			<height>60</height>
			<colordiffuse>$VAR[UnFocusedColor]</colordiffuse>
			<texture border="6,1,8,1">common/ScrollBackground.png</texture>
			<animation effect="fade" start="100" end="0" time="0" condition="!ControlGroup(500).HasFocus">Conditional</animation>
		</control>

		<!-- XBMC info -->
		<control type="textbox">
			<left>830</left>
			<top>856</top>
			<width>970</width>
			<height>118</height>
			<label>$INFO[Control.GetLabel(52)][CR]$LOCALIZE[13271] $INFO[System.CPUUsage][CR]$LOCALIZE[31059] $INFO[system.memory(used.percent)]</label>
			<textcolor>$VAR[FocusedColor]</textcolor>
			<shadowcolor>$VAR[DisabledColor]</shadowcolor>
			<animation effect="fade" start="100" end="0" time="0" condition="!ControlGroup(500).HasFocus">Conditional</animation>
		</control>

		<!-- Hidden labels for grouplist 500 -->
		<control type="label" id="2">
			<font></font>
		</control>
		<control type="label" id="3">
			<font></font>
		</control>
		<control type="label" id="4">
			<font></font>
		</control>
		<control type="label" id="5">
			<font></font>
		</control>
		<control type="label" id="6">
			<font></font>
		</control>
		<control type="label" id="7">
			<font></font>
		</control>
		<control type="label" id="8">
			<font></font>
		</control>
		<control type="label" id="9">
			<font></font>
		</control>
		<control type="label" id="10">
			<font></font>
		</control>
		<control type="label" id="11">
			<font></font>
		</control>
		<control type="label" id="52">
			<font></font>
		</control>

	</controls>

</window>
