<?xml version="1.0" encoding="utf-8"?>
<window>
	<!-- settingscategory -->
	<onload condition="String.IsEmpty(Window(settings).Property(ChangeSettingsLevel))">SetFocus(3)</onload>
	<onload condition="!String.IsEmpty(Window(settings).Property(ChangeSettingsLevel))">SetFocus(20)</onload>
	<onload condition="Window.Previous(skinsettings)">Right</onload>


	<controls>
		<!-- Fanart -->
		<control type="multiimage" id="7975">
			<include>FullscreenDimensions</include>
			<timeperimage>10000</timeperimage>
			<randomize>true</randomize>
			<colordiffuse>$VAR[FanartColor]</colordiffuse>
			<imagepath background="true">$VAR[HomeBackgroundImage]</imagepath>
			<animation effect="fade" start="100" end="80" condition="[Player.HasVideo + Skin.HasSetting(BackgroundVideo)] | [Player.HasAudio + Skin.HasSetting(BackgroundVisualisation) + !String.Contains(Window(Videos).Property(TvTunesIsAlive),True)]">Conditional</animation>
		</control>

		<!-- Curve -->
		<control type="image">
			<right>20</right>
			<top>20</top>
			<width>1520</width>
			<height>1040</height>
			<texture border="40,0,0,0">common/Curve.png</texture>
			<visible>Skin.HasSetting(ShowCurve)</visible>
		</control>

		<!-- Curve -->
		<control type="image">
			<right>20</right>
			<top>20</top>
			<width>1172</width>
			<height>1040</height>
			<texture border="40,0,0,0">common/Curve.png</texture>
			<visible>Skin.HasSetting(ShowCurve)</visible>
			<animation effect="fade" start="100" end="0" time="0" condition="!ControlGroup(5).HasFocus + String.IsEmpty(Window(settings).Property(ChangeSettingsLevel))">Conditional</animation>
		</control>

			<!-- Clock -->
			<include>Clock</include>

		<!-- Dummy list -->
		<control type="grouplist" id="9000">
			<left>120</left>
			<top>120</top>
			<width>300</width>
			<height>870</height>
			<itemgap>34</itemgap>
			<orientation>vertical</orientation>

			<!-- Appearance -->
			<control type="button">
				<width>300</width>
				
				<label>480</label>
				<font>Font42</font>
				
				<visible>Window.IsActive(appearancesettings) + String.IsEmpty(Window(settings).Property(ChangeSettingsLevel))</visible>
			</control>
			<control type="button">
				<width>300</width>
				
				<label>480</label>
				<font>Font42</font>
				
				<visible>!Window.IsActive(appearancesettings) | !String.IsEmpty(Window(settings).Property(ChangeSettingsLevel))</visible>
			</control>
			<!-- Videos -->
			<control type="button">
				<width>300</width>
				
				<label>3</label>
				<font>Font42</font>
				
				<visible>Window.IsActive(videossettings)</visible>
			</control>
			<control type="button">
				<width>300</width>
				
				<label>3</label>
				<font>Font42</font>
				
				<visible>!Window.IsActive(videossettings)</visible>
			</control>
			<!-- Music -->
			<control type="button">
				<width>300</width>
				
				<label>2</label>
				<font>Font42</font>
				
				<visible>Window.IsActive(musicsettings)</visible>
			</control>
			<control type="button">
				<width>300</width>
				
				<label>2</label>
				<font>Font42</font>
				
				<visible>!Window.IsActive(musicsettings)</visible>
			</control>
			<!-- Pictures -->
			<control type="button">
				<width>300</width>
				
				<label>1</label>
				<font>Font42</font>
				
				<visible>Window.IsActive(picturessettings)</visible>
			</control>
			<control type="button">
				<width>300</width>
				
				<label>1</label>
				<font>Font42</font>
				
				<visible>!Window.IsActive(picturessettings)</visible>
			</control>
			<!-- Weather -->
			<control type="button">
				<width>300</width>
				
				<label>8</label>
				<font>Font42</font>
				
				<visible>Window.IsActive(weathersettings)</visible>
			</control>
			<control type="button">
				<width>300</width>
				
				<label>8</label>
				<font>Font42</font>
				
				<visible>!Window.IsActive(weathersettings)</visible>
			</control>
			<!-- System -->
			<control type="button">
				<width>300</width>
				
				<label>13000</label>
				<font>Font42</font>
				
				<visible>Window.IsActive(systemsettings)</visible>
			</control>
			<control type="button">
				<width>300</width>
				
				<label>13000</label>
				<font>Font42</font>
				
				<visible>!Window.IsActive(systemsettings)</visible>
			</control>
			<!-- Service -->
			<control type="button">
				<width>300</width>
				
				<label>14036</label>
				<font>Font42</font>
				
				<visible>Window.IsActive(servicesettings)</visible>
			</control>
			<control type="button">
				<width>300</width>
				
				<label>14036</label>
				<font>Font42</font>
				
				<visible>!Window.IsActive(servicesettings)</visible>
			</control>
			<!-- PVR -->
			<control type="button">
				<width>300</width>
				
				<label>31015</label>
				<font>Font42</font>
				
				<visible>Window.IsActive(pvrsettings)</visible>
			</control>
			<control type="button">
				<width>300</width>
				
				<label>31015</label>
				<font>Font42</font>
				
				<visible>!Window.IsActive(pvrsettings)</visible>
			</control>
			<!-- System info -->
			<control type="button">
				<width>300</width>
				
				<label>130</label>
				<font>Font42</font>
				
				<visible>Window.IsActive(systeminfo)</visible>
			</control>
			<control type="button">
				<width>300</width>
				
				<label>130</label>
				<font>Font42</font>
				
				<visible>!Window.IsActive(systeminfo)</visible>
			</control>
			<!-- More -->
			<control type="button">
				<width>300</width>
				
				<label>22082</label>
				<font>Font42</font>
				
				<visible>String.IsEmpty(Window(settings).Property(ChangeSettingsLevel))</visible>
			</control>
			<!-- More -->
			<control type="button">
				<width>300</width>
				
				<label>22082</label>
				<font>Font42</font>
				
				<visible>!String.IsEmpty(Window(settings).Property(ChangeSettingsLevel))</visible>
			</control>

		</control>

		<!-- Main list -->
		<control type="grouplist" id="3">
			<left>480</left>
			<top>244</top>
			<width>1680</width>
			<height>726</height>
			<itemgap>34</itemgap>
			<onleft>ActivateWindow(settings)</onleft>
			<onright>5</onright>
			<onup>noop</onup>
			<ondown>noop</ondown>
			<orientation>vertical</orientation>
			<visible>String.IsEmpty(Window(settings).Property(ChangeSettingsLevel))</visible>
		</control>

		<!-- Dummy main list -->
		<control type="grouplist">
			<left>480</left>
			<top>244</top>
			<width>300</width>
			<height>726</height>
			<itemgap>34</itemgap>
			<orientation>vertical</orientation>
			<visible>!String.IsEmpty(Window(settings).Property(ChangeSettingsLevel))</visible>

			<!-- Addons -->
			<control type="button">
				<width>300</width>
				
				<label>24001</label>
				<font>Font33</font>
				
			</control>
			<!-- Profiles -->
			<control type="button">
				<width>300</width>
				
				<label>13200</label>
				<font>Font33</font>
				
			</control>
			<!-- File manager -->
			<control type="button">
				<width>300</width>
				
				<label>7</label>
				<font>Font33</font>
				
			</control>
			<!-- Settings level -->
			<control type="button">
				<width>300</width>
				
				<label>31016</label>
				<font>Font33</font>
				
			</control>

		</control>

		<!-- Main list indicator -->
		<control type="image">
			<left>442</left>
			<top>248</top>
			<width>20</width>
			<height>60</height>
			<colordiffuse>$VAR[UnFocusedColor]</colordiffuse>
			<texture border="6,1,8,1">common/ScrollBackground.png</texture>
			<animation effect="fade" start="100" end="50" time="0" condition="ControlGroup(5).HasFocus | !String.IsEmpty(Window(settings).Property(ChangeSettingsLevel))">Conditional</animation>
		</control>

		<!-- Sub list -->
		<control type="grouplist" id="5">
			<left>830</left>
			<top>244</top>
			<width>970</width>
			<height>574</height>
			<itemgap>34</itemgap>
			<onleft>3</onleft>
			<onright>998</onright>
			<onup>noop</onup>
			<ondown>noop</ondown>
			<orientation>vertical</orientation>
			<animation effect="fade" start="100" end="0" time="0" condition="!ControlGroup(5).HasFocus">Conditional</animation>
		</control>

		<!-- Settings level button -->
		<control type="button" id="20">
			<left>830</left>
			<top>244</top>
			<width>970</width>
			
			<font>Font33</font>
			<label>10037</label>
			<onleft>ReplaceWindow(settings)</onleft>
			<onright>noop</onright>
			<onup>noop</onup>
			<ondown>noop</ondown>
			<onclick>SettingsLevelChange</onclick>
			
			
			<invalidcolor>$VAR[DisabledColor]</invalidcolor>
			<disabledcolor>$VAR[DisabledColor]</disabledcolor>
			<visible allowhiddenfocus="true">!String.IsEmpty(Window(settings).Property(ChangeSettingsLevel))</visible>
		</control>

		<!-- Settings level button arrow -->
		<control type="image">
			<left>1764</left>
			<top>232</top>
			<width>35</width>
			<height>66</height>
			<texture>common/ArrowDownFO.png</texture>
			<visible>!String.IsEmpty(Window(settings).Property(ChangeSettingsLevel))</visible>
		</control>

		<!-- Sub list indicator -->
		<control type="image">
			<left>792</left>
			<top>248</top>
			<width>20</width>
			<height>60</height>
			<colordiffuse>$VAR[UnFocusedColor]</colordiffuse>
			<texture border="6,1,8,1">common/ScrollBackground.png</texture>
			<animation effect="fade" start="100" end="0" time="0" condition="!ControlGroup(5).HasFocus + String.IsEmpty(Window(settings).Property(ChangeSettingsLevel))">Conditional</animation>
		</control>

		<!-- Settings description -->
		<control type="textbox" id="6">
			<left>830</left>
			<top>856</top>
			<width>970</width>
			<height>118</height>
			
			<shadowcolor>$VAR[DisabledColor]</shadowcolor>
			<visible>ControlGroup(5).HasFocus</visible>
		</control>
		<control type="textbox">
			<left>830</left>
			<top>856</top>
			<width>970</width>
			<height>118</height>
			<label>10047</label>
			
			<shadowcolor>$VAR[DisabledColor]</shadowcolor>
			<visible>!String.IsEmpty(Window(settings).Property(ChangeSettingsLevel))</visible>
		</control>

		<!-- Default group button -->
		<control type="button" id="10">
			<width>970</width>
			
			<font>Font33</font>
			<onclick>SetFocus(5)</onclick>
			
			<invalidcolor>$VAR[DisabledColor]</invalidcolor>
			<disabledcolor>$VAR[DisabledColor]</disabledcolor>
		</control>

		<!-- Default button -->
		<control type="button" id="7">
			<width>970</width>
			
			<font>Font33</font>
			<textwidth>900</textwidth>
			
			
			<invalidcolor>$VAR[DisabledColor]</invalidcolor>
			<disabledcolor>$VAR[DisabledColor]</disabledcolor>
		</control>

		<!-- Default radiobutton -->
		<control type="radiobutton" id="8">
			<width>970</width>
			
			<font>Font33</font>
			<textwidth>900</textwidth>
			
			
			<disabledcolor>$VAR[DisabledColor]</disabledcolor>
		</control>

		<!-- Default spincontrolex -->
		<control type="spincontrolex" id="9">
			<width>970</width>
			
			<font>Font33</font>
			<textwidth>900</textwidth>
			
			
			<disabledcolor>$VAR[DisabledColor]</disabledcolor>
		</control>

		<!-- Default sliderex -->
		<control type="sliderex" id="13">
			<width>970</width>
			
			<font>Font33</font>
			<textwidth>900</textwidth>
			
			
			<disabledcolor>$VAR[DisabledColor]</disabledcolor>
		</control>

		<!-- Default image -->
		<control type="image" id="11">
			<width>970</width>
			<height>-42</height>
			<texture border="2">common/Divider.png</texture>
		</control>

		<!-- Default header -->
		<control type="label" id="14">
			<width>1200</width>
			<height>66</height>
			<label></label>
		</control>

	</controls>

</window>