<?xml version="1.0" encoding="UTF-8"?>
<includes>
	<include name="Viewtype_534_WallDiscart">
		<control type="group">
			<visible>Control.IsVisible(534)</visible>
			<!-- List -->
			<control type="panel" id="534">
				<width>1920</width>
				<height>1080</height>
				<onleft>534</onleft>
				<onright>534</onright>
				<onup>3000</onup>
				<ondown>60</ondown>
				<pagecontrol>60</pagecontrol>
				<preloaditems>2</preloaditems>
				<orientation>horizontal</orientation>
				<viewtype label="31534">list</viewtype>
				<scrolltime tween="sine" easing="inout">360</scrolltime>
				<visible>Container.Content(movies) + Skin.HasSetting(EnableDiscart)</visible>
				<visible>String.Contains(Container.FolderPath,videodb://) | String.Contains(Container.FolderPath,special://) | String.Contains(Container.FolderPath,addons://) | String.Contains(Container.FolderPath,musicdb://) | String.Contains(Container.FolderPath,androidapp://)</visible>
				<include>MediaInfoHideAnimation</include>
				<itemlayout height="540" width="540">
					<control type="group">
						<visible>!Window.IsVisible(contextmenu)</visible>
						<control type="image">
							<width>540</width>
							<height>540</height>
							<texture background="true">$INFO[ListItem.Icon]</texture>
							<visible>String.Contains(ListItem.Icon,Default)</visible>
						</control>
						<control type="group">
							<visible>!String.Contains(ListItem.Icon,Default)</visible>
							<control type="image">
								<width>540</width>
								<height>540</height>
								<texture background="true">$INFO[ListItem.Art(discart)]</texture>
								<visible>!String.IsEmpty(ListItem.Art(discart))</visible>
							</control>
							<control type="group">
								<visible>String.IsEmpty(ListItem.Art(discart))</visible>
								<control type="image">
									<width>540</width>
									<height>540</height>
									<aspectratio scalediffuse="false">scale</aspectratio>
									<texture background="true" diffuse="views/discart_overlay_diffuse.png">$VAR[DiscArtImage]</texture>
								</control>
								<control type="image">
									<left>141</left>
									<top>390</top>
									<width>258</width>
									<height>100</height>
									<aspectratio scalediffuse="false">keep</aspectratio>
									<texture background="true">$INFO[ListItem.Art(clearlogo)]</texture>
								</control>
								<control type="image">
									<width>540</width>
									<height>540</height>
									<texture>views/discart_overlay.png</texture>
								</control>
							</control>
							<control type="image">
								<width>540</width>
								<height>540</height>
								<texture colordiffuse="$VAR[DiffuseColor]" diffuse="views/discart_diffuse.png">views/white_50.png</texture>
							</control>
							<include>DiscWatchedIndicator</include>
						</control>
						<animation effect="fade" start="0" end="100" time="200" delay="0">Visible</animation>
					</control>
				</itemlayout>
				<focusedlayout height="540" width="540">
					<control type="button">
						<visible>false</visible>
						<onfocus condition="Container.Column(0)">SetProperty(CurrentColumn,0,home)</onfocus>
						<onfocus condition="Container.Column(1)">SetProperty(CurrentColumn,1,home)</onfocus>
						<onfocus condition="Container.Column(2)">SetProperty(CurrentColumn,2,home)</onfocus>
						<onfocus condition="Container.Row(0)">SetProperty(CurrentRow,0,home)</onfocus>
						<onfocus condition="Container.Row(1)">SetProperty(CurrentRow,1,home)</onfocus>
					</control>
					<control type="image">
						<width>540</width>
						<height>540</height>
						<texture background="true">$INFO[ListItem.Icon]</texture>
						<visible>String.Contains(ListItem.Icon,Default)</visible>
					</control>
					<control type="group">
						<visible>!String.Contains(ListItem.Icon,Default)</visible>
						<width>540</width>
						<height>540</height>
						<animation effect="rotate" end="-360" center="auto" time="3600" loop="true" reversible="false" condition="System.IdleTime(1) + !Window.IsVisible(movieinformation)">Conditional</animation>
						<control type="image">
							<width>540</width>
							<height>540</height>
							<texture background="true">$INFO[ListItem.Art(discart)]</texture>
							<visible>!String.IsEmpty(ListItem.Art(discart))</visible>
						</control>
						<control type="group">
							<visible>String.IsEmpty(ListItem.Art(discart))</visible>
							<control type="image">
								<width>540</width>
								<height>540</height>
								<aspectratio scalediffuse="false">scale</aspectratio>
								<texture background="true" diffuse="views/discart_overlay_diffuse.png">$VAR[DiscArtImage]</texture>
							</control>
							<control type="image">
								<left>141</left>
								<top>390</top>
								<width>258</width>
								<height>100</height>
								<aspectratio scalediffuse="false">keep</aspectratio>
								<texture background="true">$INFO[ListItem.Art(clearlogo)]</texture>
							</control>
							<control type="image">
								<width>540</width>
								<height>540</height>
								<texture>views/discart_overlay.png</texture>
							</control>
						</control>
						<control type="image">
							<width>540</width>
							<height>540</height>
							<texture colordiffuse="$VAR[DiffuseColor]" diffuse="views/discart_diffuse.png">views/white_50.png</texture>
							<animation center="auto" condition="Control.HasFocus(534)" easing="inout" effect="fade" end="0" start="100" time="300" tween="sine">Focus</animation>
							<animation center="auto" condition="Control.HasFocus(534)" easing="inout" effect="fade" end="100" start="0" time="300" tween="sine">UnFocus</animation>
						</control>
						<include>DiscWatchedIndicator</include>
						<control type="image">
							<width>540</width>
							<height>540</height>
							<texture colordiffuse="$VAR[TextColor]">$VAR[DiscArtBorderFO]</texture>
							<animation center="auto" condition="Control.HasFocus(534)" easing="inout" effect="fade" end="100" start="0" time="300" tween="sine">Focus</animation>
							<animation center="auto" condition="Control.HasFocus(534)" easing="inout" effect="fade" end="0" start="100" time="300" tween="sine">UnFocus</animation>
						</control>
					</control>
				</focusedlayout>
			</control>
		</control>
	</include>
</includes>