<?xml version="1.0" encoding="UTF-8"?>
<includes>
	<include name="Viewtype_523_RowThumb">
		<control type="group">
			<visible>Control.IsVisible(523)</visible>
			<!-- List -->
			<control type="fixedlist" id="523">
				<left>-860</left>
				<top>270</top>
				<width>2780</width>
				<height>540</height>
				<onleft>523</onleft>
				<onright>523</onright>
				<onup>3000</onup>
				<ondown>60</ondown>
				<pagecontrol>60</pagecontrol>
				<preloaditems>2</preloaditems>
				<focusposition>1</focusposition>
				<orientation>horizontal</orientation>
				<viewtype label="31523">list</viewtype>
				<scrolltime tween="sine" easing="inout">360</scrolltime>
				<visible>[Container.Content(movies) | Container.Content(tvshows) | Container.Content(seasons)] + Skin.HasSetting(EnableThumb)</visible>
				<visible>String.Contains(Container.FolderPath,videodb://) | String.Contains(Container.FolderPath,special://) | String.Contains(Container.FolderPath,addons://) | String.Contains(Container.FolderPath,musicdb://) | String.Contains(Container.FolderPath,androidapp://)</visible>
				<include>MediaInfoHideAnimation</include>
				<itemlayout height="540" width="960">
					<control type="group">
						<visible>!Window.IsVisible(contextmenu)</visible>
						<control type="image">
							<width>960</width>
							<height>540</height>
							<aspectratio>scale</aspectratio>
							<texture background="true">$VAR[ThumbIcon]</texture>
						</control>
						<control type="image">
							<centerleft>480</centerleft>
							<bottom>10</bottom>
							<width>480</width>
							<height>270</height>
							<aspectratio>keep</aspectratio>
							<texture background="true">$INFO[ListItem.Art(clearlogo)]</texture>
							<visible>IsEmpty(ListItem.Art(landscape))</visible>
						</control>
						<control type="image">
							<width>960</width>
							<height>540</height>
							<texture colordiffuse="$VAR[DiffuseColor]">views/white_50.png</texture>
						</control>
						<include>WatchedIndicator</include>
						<animation effect="fade" start="0" end="100" time="200" delay="0">Visible</animation>
					</control>
				</itemlayout>
				<focusedlayout height="540" width="960">
					<control type="image">
						<width>960</width>
						<height>540</height>
						<aspectratio>scale</aspectratio>
						<texture background="true">$VAR[ThumbIcon]</texture>
					</control>
					<control type="image">
						<centerleft>480</centerleft>
						<top>260</top>
						<width>480</width>
						<height>270</height>
						<aspectratio>keep</aspectratio>
						<texture background="true">$INFO[ListItem.Art(clearlogo)]</texture>
						<visible>IsEmpty(ListItem.Art(landscape))</visible>
					</control>
					<control type="image">
						<width>960</width>
						<height>540</height>
						<texture colordiffuse="$VAR[DiffuseColor]">views/white_50.png</texture>
						<animation center="auto" condition="Control.HasFocus(523)" easing="inout" effect="fade" end="0" start="100" time="300" tween="sine">Focus</animation>
						<animation center="auto" condition="Control.HasFocus(523)" easing="inout" effect="fade" end="100" start="0" time="300" tween="sine">UnFocus</animation>
					</control>
					<include>WatchedIndicator</include>
					<control type="image">
						<width>960</width>
						<height>540</height>
						<texture colordiffuse="$VAR[TextColor]" border="11,43,43,11">$VAR[BorderImage]</texture>
						<animation center="auto" condition="Control.HasFocus(523)" easing="inout" effect="fade" end="100" start="0" time="300" tween="sine">Focus</animation>
						<animation center="auto" condition="Control.HasFocus(523)" easing="inout" effect="fade" end="0" start="100" time="300" tween="sine">UnFocus</animation>
						<visible>!Control.HasFocus(60) + !Control.HasFocus(3000) + !String.Contains(ListItem.Icon,default)</visible>
					</control>
				</focusedlayout>
			</control>
		</control>
	</include>
</includes>