<?xml version="1.0" encoding="UTF-8"?>
<window>
	<!-- filemanager -->
	<backgroundcolor>$VAR[BackgroundColor]</backgroundcolor>
	<defaultcontrol always="true">20</defaultcontrol>

	<controls>


		<!-- Curve -->
		<control type="image">
			<right>20</right>
			<top>20</top>
			<width>1520</width>
			<height>1040</height>
			<texture border="40,0,0,0">common/Curve.png</texture>
			<visible>Skin.HasSetting(ShowCurve)</visible>
		</control>

			<!-- Clock -->
			<include>Clock</include>

		<!-- Dummy list -->
		<control type="grouplist" id="9000">
			<left>120</left>
			<top>240</top>
			<width>300</width>
			<height>870</height>
			<itemgap>34</itemgap>
			<orientation>vertical</orientation>

			<!-- Appearance -->
			<control type="button">
				<width>300</width>
				<height>42</height>
				<label>480</label>
				<font>Font42</font>
				<textcolor>$VAR[UnFocusedColor]</textcolor>
			</control>
			<!-- Videos -->
			<control type="button">
				<width>300</width>
				<height>42</height>
				<label>3</label>
				<font>Font42</font>
				<textcolor>$VAR[UnFocusedColor]</textcolor>
			</control>
			<!-- Music -->
			<control type="button">
				<width>300</width>
				<height>42</height>
				<label>2</label>
				<font>Font42</font>
				<textcolor>$VAR[UnFocusedColor]</textcolor>
			</control>
			<!-- Pictures -->
			<control type="button">
				<width>300</width>
				<height>42</height>
				<label>1</label>
				<font>Font42</font>
				<textcolor>$VAR[UnFocusedColor]</textcolor>
			</control>
			<!-- Weather -->
			<control type="button">
				<width>300</width>
				<height>42</height>
				<label>8</label>
				<font>Font42</font>
				<textcolor>$VAR[UnFocusedColor]</textcolor>
			</control>
			<!-- System -->
			<control type="button">
				<width>300</width>
				<height>42</height>
				<label>13000</label>
				<font>Font42</font>
				<textcolor>$VAR[UnFocusedColor]</textcolor>
			</control>
			<!-- Service -->
			<control type="button">
				<width>300</width>
				<height>42</height>
				<label>14036</label>
				<font>Font42</font>
				<textcolor>$VAR[UnFocusedColor]</textcolor>
			</control>
			<!-- PVR -->
			<control type="button">
				<width>300</width>
				<height>42</height>
				<label>31015</label>
				<font>Font42</font>
				<textcolor>$VAR[UnFocusedColor]</textcolor>
			</control>
			<!-- System info -->
			<control type="button">
				<width>300</width>
				<height>42</height>
				<label>130</label>
				<font>Font42</font>
				<textcolor>$VAR[UnFocusedColor]</textcolor>
			</control>
			<!-- More -->
			<control type="button">
				<width>300</width>
				<height>42</height>
				<label>22082</label>
				<font>Font42</font>
				<textcolor>$VAR[FocusedColor]</textcolor>
			</control>

		</control>

		<!-- Dummy main list -->
		<control type="grouplist">
			<left>480</left>
			<top>244</top>
			<width>1680</width>
			<height>726</height>
			<itemgap>34</itemgap>
			<orientation>vertical</orientation>

			<!-- Addons -->
			<control type="button">
				<width>300</width>
				<height>42</height>
				<label>24001</label>
				<font>Font33</font>
				<textcolor>$VAR[UnFocusedColor]</textcolor>
			</control>
			<!-- Profiles -->
			<control type="button">
				<width>300</width>
				<height>42</height>
				<label>13200</label>
				<font>Font33</font>
				<textcolor>$VAR[UnFocusedColor]</textcolor>
			</control>
			<!-- File manager -->
			<control type="button">
				<width>300</width>
				<height>42</height>
				<label>7</label>
				<font>Font33</font>
				<textcolor>$VAR[FocusedColor]</textcolor>
			</control>
			<!-- Settings level -->
			<control type="button">
				<width>300</width>
				<height>42</height>
				<label>31016</label>
				<font>Font33</font>
				<textcolor>$VAR[UnFocusedColor]</textcolor>
			</control>

		</control>

		<!-- Dummy main list indicator -->
		<control type="image">
			<left>442</left>
			<top>248</top>
			<width>20</width>
			<height>60</height>
			<colordiffuse>$VAR[UnFocusedColor]</colordiffuse>
			<texture border="6,1,8,1">common/ScrollBackground.png</texture>
			<animation effect="fade" start="100" end="50" time="0" condition="true">Conditional</animation>
		</control>

		<!-- Main group -->
		<control type="group">
			<include>DialogZoomAnimation</include>

			<!-- Background -->
			<include>DialogBackgroundImage</include>

			<!-- Heading -->
			<control type="label">
				<left>150</left>
				<top>96</top>
				<width>1620</width>
				<height>72</height>
				<font>Font72</font>
				<label>7</label>
			</control>

			<!-- Left group -->
			<control type="group">
				<left>150</left>
				<top>228</top>

				<!-- Root label -->
				<control type="label" id="101">
					<width>770</width>
					<height>66</height>
					<haspath>true</haspath>
					<textcolor>$VAR[FocusedColor]</textcolor>
				</control>

				<!-- Seperator -->
				<control type="image">
					<top>66</top>
					<width>770</width>
					<height>20</height>
					<texture border="1,12,1,1" colordiffuse="DialogOverlayColorNF">common/ScrollBackgroundHorizontal.png</texture>
				</control>

				<!-- Left list -->
				<control type="list" id="20">
					<top>86</top>
					<width>770</width>
					<height>594</height>
					<onleft>noop</onleft>
					<onright>21</onright>
					<onup>noop</onup>
					<ondown>noop</ondown>

					<itemlayout height="66" width="770">
						<control type="label">
							<width>770</width>
							<textcolor>$VAR[UnFocusedColor]</textcolor>
							<label>$INFO[ListItem.Label]</label>
						</control>
						<control type="label">
							<width>770</width>
							<align>right</align>
							<textcolor>$VAR[UnFocusedColor]</textcolor>
							<label>$INFO[ListItem.Label2]</label>
						</control>
					</itemlayout>

					<focusedlayout height="66" width="770">
						<control type="group">
							<animation effect="fade" start="100" end="75" time="200" tween="cubic" easing="out" reversible="true" condition="!Control.HasFocus(20)">Conditional</animation>
							<control type="label">
								<width>770</width>
								<textcolor>$VAR[FocusedColor]</textcolor>
								<label>$INFO[ListItem.Label]</label>
							</control>
							<control type="label">
								<width>770</width>
								<align>right</align>
								<textcolor>$VAR[FocusedColor]</textcolor>
								<label>$INFO[ListItem.Label2]</label>
							</control>
						</control>
					</focusedlayout>

				</control>

				<!-- Number label -->
				<control type="grouplist">
					<top>698</top>
					<width>770</width>
					<height>44</height>
					<align>right</align>
					<itemgap>6</itemgap>
					<orientation>horizontal</orientation>
					<usecontrolcoords>true</usecontrolcoords>
					<control type="label">
						<top>3</top>
						<width>auto</width>
						<height>44</height>
						<align>right</align>
						<font>Font25</font>
						<label>$INFO[Container(20).NumItems]</label>
						<textcolor>$VAR[UnFocusedColor]</textcolor>
					</control>
					<control type="label">
						<width>auto</width>
						<height>44</height>
						<align>right</align>
						<label>31000</label>
						<font>Font33</font>
						<textcolor>$VAR[UnFocusedColor]</textcolor>
						<visible>!Integer.IsGreater(Container(20).NumItems,1)</visible>
					</control>
					<control type="label">
						<width>auto</width>
						<height>44</height>
						<align>right</align>
						<label>31001</label>
						<font>Font33</font>
						<textcolor>$VAR[UnFocusedColor]</textcolor>
						<visible>Integer.IsGreater(Container(20).NumItems,1)</visible>
					</control>
				</control>

			</control>

			<!-- Right group -->
			<control type="group">
				<left>1000</left>
				<top>228</top>

				<!-- Root label -->
				<control type="label" id="102">
					<width>770</width>
					<height>66</height>
					<haspath>true</haspath>
					<textcolor>$VAR[FocusedColor]</textcolor>
				</control>

				<!-- Seperator -->
				<control type="image">
					<top>66</top>
					<width>770</width>
					<height>20</height>
					<texture border="1,12,1,1" colordiffuse="DialogOverlayColorNF">common/ScrollBackgroundHorizontal.png</texture>
				</control>

				<!-- Right list -->
				<control type="list" id="21">
					<top>86</top>
					<width>770</width>
					<height>594</height>
					<onleft>20</onleft>
					<onright>noop</onright>
					<onup>noop</onup>
					<ondown>noop</ondown>

					<itemlayout height="66" width="770">
						<control type="label">
							<width>770</width>
							<textcolor>$VAR[UnFocusedColor]</textcolor>
							<label>$INFO[ListItem.Label]</label>
						</control>
						<control type="label">
							<width>770</width>
							<align>right</align>
							<textcolor>$VAR[UnFocusedColor]</textcolor>
							<label>$INFO[ListItem.Label2]</label>
						</control>
					</itemlayout>

					<focusedlayout height="66" width="770">
						<control type="group">
							<animation effect="fade" start="100" end="75" time="200" tween="cubic" easing="out" reversible="true" condition="!Control.HasFocus(21)">Conditional</animation>
							<control type="label">
								<width>770</width>
								<textcolor>$VAR[FocusedColor]</textcolor>
								<label>$INFO[ListItem.Label]</label>
							</control>
							<control type="label">
								<width>770</width>
								<align>right</align>
								<textcolor>$VAR[FocusedColor]</textcolor>
								<label>$INFO[ListItem.Label2]</label>
							</control>
						</control>
					</focusedlayout>

				</control>

				<!-- Number label -->
				<control type="grouplist">
					<top>698</top>
					<width>770</width>
					<height>44</height>
					<align>right</align>
					<itemgap>6</itemgap>
					<orientation>horizontal</orientation>
					<usecontrolcoords>true</usecontrolcoords>
					<control type="label">
						<top>3</top>
						<width>auto</width>
						<height>44</height>
						<align>right</align>
						<font>Font25</font>
						<label>$INFO[Container(21).NumItems]</label>
						<textcolor>$VAR[UnFocusedColor]</textcolor>
					</control>
					<control type="label">
						<width>auto</width>
						<height>44</height>
						<align>right</align>
						<label>31000</label>
						<font>Font33</font>
						<textcolor>$VAR[UnFocusedColor]</textcolor>
						<visible>!Integer.IsGreater(Container(21).NumItems,1)</visible>
					</control>
					<control type="label">
						<width>auto</width>
						<height>44</height>
						<align>right</align>
						<label>31001</label>
						<font>Font33</font>
						<textcolor>$VAR[UnFocusedColor]</textcolor>
						<visible>Integer.IsGreater(Container(21).NumItems,1)</visible>
					</control>
				</control>

			</control>

		</control>

	</controls>

</window>