<?xml version="1.0" encoding="UTF-8"?>
<window>
	<defaultcontrol always="true">26</defaultcontrol>
	<controls>
		<include>Time</include>
		<control type="image">
			<posx>36</posx>
			<posy>60</posy>
			<width>1848</width>
			<height>1020</height>
			<texture>dialogs/FileManagerPanel.png</texture>
			<colordiffuse>$VAR[DialogBGColor]</colordiffuse>
		</control>
		<control type="group">
			<control type="group">
				<animation effect="fade" delay="400" start="0" end="100" time="200">WindowOpen</animation>
				<animation effect="fade" start="100" end="0" time="200">WindowClose</animation>
				<control type="label">
					<description>header label</description>
					<posx>36</posx>
					<posy>100</posy>
					<width>1848</width>
					<height>35</height>
					<label>$LOCALIZE[19143]</label>
					<align>center</align>
					<aligny>center</aligny>
					<textcolor>$VAR[HighlightColor]</textcolor>
				</control>
				<control type="group">
					<description>Group list</description>
					<posx>65</posx>
					<posy>150</posy>
					<control type="label">
						<description>name label</description>
						<width>570</width>
						<height>105</height>
						<label>$LOCALIZE[31506]</label>
						<align>center</align>
						<aligny>center</aligny>
					</control>
					<control type="list" id="13">
						<posy>120</posy>
						<width>570</width>
						<height>617</height>
						<onup>9000</onup>
						<ondown>9000</ondown>
						<onleft>11</onleft>
						<onright>73</onright>
						<onback>9000</onback>
						<pagecontrol>73</pagecontrol>
						<scrolltime>200</scrolltime>
						<itemlayout height="68">
							<control type="image">
								<width>570</width>
								<height>68</height>
								<texture border="3">buttons/ButtonNF.png</texture>
							</control>
                            <control type="image">
								<width>48</width>
								<height>48</height>
								<posx>8</posx>
								<posy>6</posy>
								<texture>$INFO[ListItem.Icon]</texture>
								<aspectratio align="center" aligny="center">keep</aspectratio>
							</control>
							<control type="label">
								<posx>60</posx>
								<width>510</width>
								<height>60</height>
								<align>left</align>
								<aligny>center</aligny>
								<info>ListItem.Label</info>
							</control>
						</itemlayout>
						<focusedlayout height="68">
							<control type="image">
								<width>570</width>
								<height>68</height>
								<texture border="3">buttons/ButtonNF.png</texture>
								<visible>!Control.HasFocus(13)</visible>
							</control>
							<control type="image">
								<width>570</width>
								<height>68</height>
								<texture border="4" colordiffuse="$VAR[HighlightColor]">WhiteRoundedcbxST2.png</texture>
								<visible>Control.HasFocus(13)</visible>
							</control>
                            <control type="image">
								<width>48</width>
								<height>48</height>
								<posx>8</posx>
								<posy>6</posy>
								<texture>$INFO[ListItem.Icon]</texture>
								<aspectratio align="center" aligny="center">keep</aspectratio>
							</control>
							<control type="label">
								<posx>60</posx>
								<width>510</width>
								<height>60</height>
								<align>left</align>
								<aligny>center</aligny>
								<textcolor>$VAR[LabelTextColor]</textcolor>
								<shadowcolor>$VAR[DiffuseColor]</shadowcolor>
								<info>ListItem.Label</info>
								<visible>!Control.HasFocus(13)</visible>
							</control>
							<control type="label">
								<posx>60</posx>
								<width>510</width>
								<height>60</height>
								<align>left</align>
								<aligny>center</aligny>
								<textcolor>$VAR[FocusedTextColor]</textcolor>
								<shadowcolor>$VAR[DiffuseColor]</shadowcolor>
								<info>ListItem.Label</info>
								<visible>Control.HasFocus(13)</visible>
							</control>
						</focusedlayout>
					</control>
					<control type="scrollbar" id="73">
						<posx>560</posx>
						<posy>120</posy>
						<width>38</width>
						<height>625</height>
						<texturesliderbackground></texturesliderbackground>
						<texturesliderbar></texturesliderbar>
						<texturesliderbarfocus></texturesliderbarfocus>
						<textureslidernib border="18">OSD/ScrollbarNibNF.png</textureslidernib>
						<textureslidernibfocus border="18" colordiffuse="$VAR[HighlightColor]">OSD/ScrollbarNibFO.png</textureslidernibfocus>
						<onleft>13</onleft>
						<onright>12</onright>
						<ondown>73</ondown>
						<onup>73</onup>
						<showonepage>false</showonepage>
						<orientation>vertical</orientation>
					</control>
				</control>
				<control type="group">
					<description>Grouped Channels list</description>
					<posx>675</posx>
					<posy>150</posy>
					<control type="label" id="22">
						<description>name label</description>
						<width>570</width>
						<height>105</height>
						<align>center</align>
						<aligny>center</aligny>
					</control>
					<control type="list" id="12">
						<posy>120</posy>
						<width>570</width>
						<height>617</height>
						<onup>9000</onup>
						<ondown>9000</ondown>
						<onleft>13</onleft>
						<onright>72</onright>
						<onback>9000</onback>
						<pagecontrol>72</pagecontrol>
						<scrolltime>200</scrolltime>
						<itemlayout height="68">
							<control type="image">
								<width>570</width>
								<height>68</height>
								<texture border="3">buttons/ButtonNF.png</texture>
							</control>
							<control type="image">
								<width>48</width>
								<height>48</height>
								<posx>8</posx>
								<posy>6</posy>
								<texture>$INFO[ListItem.Icon]</texture>
								<aspectratio align="center" aligny="center">keep</aspectratio>
							</control>
							<control type="label">
								<posx>60</posx>
								<width>510</width>
								<height>60</height>
								<align>left</align>
								<aligny>center</aligny>
								<label>$INFO[ListItem.ChannelNumberLabel,, - ]$INFO[ListItem.ChannelName]</label>
							</control>
						</itemlayout>
						<focusedlayout height="68">
							<control type="image">
								<width>570</width>
								<height>68</height>
								<texture border="3">buttons/ButtonNF.png</texture>
								<visible>!Control.HasFocus(12)</visible>
							</control>
							<control type="image">
								<width>570</width>
								<height>68</height>
								<texture border="4" colordiffuse="$VAR[HighlightColor]">WhiteRoundedcbxST2.png</texture>
								<visible>Control.HasFocus(12)</visible>
							</control>
							<control type="image">
								<width>48</width>
								<height>48</height>
								<posx>8</posx>
								<posy>6</posy>
								<texture>$INFO[ListItem.Icon]</texture>
								<aspectratio align="center" aligny="center">keep</aspectratio>
							</control>
							<control type="label">
								<posx>60</posx>
								<width>510</width>
								<height>60</height>
								<align>left</align>
								<aligny>center</aligny>
								<textcolor>$VAR[LabelTextColor]</textcolor>
								<shadowcolor>$VAR[DiffuseColor]</shadowcolor>
								<label>$INFO[ListItem.ChannelNumberLabel,, - ]$INFO[ListItem.ChannelName]</label>
								<visible>!Control.HasFocus(12)</visible>
							</control>
							<control type="label">
								<posx>60</posx>
								<width>510</width>
								<height>60</height>
								<align>left</align>
								<aligny>center</aligny>
								<textcolor>$VAR[FocusedTextColor]</textcolor>
								<shadowcolor>$VAR[DiffuseColor]</shadowcolor>
								<label>$INFO[ListItem.ChannelNumberLabel,, - ]$INFO[ListItem.ChannelName]</label>
								<visible>Control.HasFocus(12)</visible>
							</control>
						</focusedlayout>
					</control>
					<control type="scrollbar" id="72">
						<posx>560</posx>
						<posy>120</posy>
						<width>38</width>
						<height>625</height>
						<texturesliderbackground></texturesliderbackground>
						<texturesliderbar></texturesliderbar>
						<texturesliderbarfocus></texturesliderbarfocus>
						<textureslidernib border="18">OSD/ScrollbarNibNF.png</textureslidernib>
						<textureslidernibfocus border="18" colordiffuse="$VAR[HighlightColor]">OSD/ScrollbarNibFO.png</textureslidernibfocus>
						<onleft>12</onleft>
						<onright>11</onright>
						<ondown>72</ondown>
						<onup>72</onup>
						<showonepage>false</showonepage>
						<orientation>vertical</orientation>
					</control>
				</control>
				<control type="group">
					<description>Channels list</description>
					<posx>1285</posx>
					<posy>150</posy>
					<control type="label" id="21">
						<width>570</width>
						<height>105</height>
						<align>center</align>
						<aligny>center</aligny>
					</control>
					<control type="list" id="11">
						<posy>120</posy>
						<width>570</width>
						<height>617</height>
						<onup>9000</onup>
						<ondown>9000</ondown>
						<onleft>12</onleft>
						<onright>71</onright>
						<onback>9000</onback>
						<pagecontrol>71</pagecontrol>
						<scrolltime>200</scrolltime>
						<itemlayout height="68">
							<control type="image">
								<width>570</width>
								<height>68</height>
								<texture border="3">buttons/ButtonNF.png</texture>
							</control>
							<control type="image">
								<width>48</width>
								<height>48</height>
								<posx>8</posx>
								<posy>6</posy>
								<aspectratio align="center" aligny="center">keep</aspectratio>
								<texture>$INFO[ListItem.Icon]</texture>
							</control>
							<control type="label">
								<posx>60</posx>
								<width>510</width>
								<height>60</height>
								<align>left</align>
								<aligny>center</aligny>
								<label>$INFO[ListItem.ChannelNumberLabel,, - ]$INFO[ListItem.ChannelName]</label>
							</control>
						</itemlayout>
						<focusedlayout height="68">
							<control type="image">
								<width>570</width>
								<height>68</height>
								<texture border="3">buttons/ButtonNF.png</texture>
								<visible>!Control.HasFocus(11)</visible>
							</control>
							<control type="image">
								<width>570</width>
								<height>68</height>
								<texture border="4" colordiffuse="$VAR[HighlightColor]">WhiteRoundedcbxST2.png</texture>
								<visible>Control.HasFocus(11)</visible>
							</control>
							<control type="image">
								<width>48</width>
								<height>48</height>
								<posx>8</posx>
								<posy>6</posy>
								<texture>$INFO[ListItem.Icon]</texture>
								<aspectratio align="center" aligny="center">keep</aspectratio>
							</control>
							<control type="label">
								<posx>60</posx>
								<width>510</width>
								<height>60</height>
								<align>left</align>
								<aligny>center</aligny>
								<textcolor>$VAR[FocusedTextColor]</textcolor>
								<shadowcolor>$VAR[DiffuseColor]</shadowcolor>
								<label>$INFO[ListItem.ChannelNumberLabel,, - ]$INFO[ListItem.ChannelName]</label>
								<visible>Control.HasFocus(11)</visible>
							</control>
							<control type="label">
								<posx>60</posx>
								<width>510</width>
								<height>60</height>
								<align>left</align>
								<aligny>center</aligny>
								<textcolor>$VAR[LabelTextColor]</textcolor>
								<shadowcolor>$VAR[DiffuseColor]</shadowcolor>
								<label>$INFO[ListItem.ChannelNumberLabel,, - ]$INFO[ListItem.ChannelName]</label>
								<visible>!Control.HasFocus(11)</visible>
							</control>
						</focusedlayout>
					</control>
					<control type="scrollbar" id="71">
						<posx>560</posx>
						<posy>120</posy>
						<width>38</width>
						<height>625</height>
						<texturesliderbackground></texturesliderbackground>
						<texturesliderbar></texturesliderbar>
						<texturesliderbarfocus></texturesliderbarfocus>
						<textureslidernib border="18">OSD/ScrollbarNibNF.png</textureslidernib>
						<textureslidernibfocus border="18" colordiffuse="$VAR[HighlightColor]">OSD/ScrollbarNibFO.png</textureslidernibfocus>
						<onleft>11</onleft>
						<onright>13</onright>
						<ondown>71</ondown>
						<onup>71</onup>
						<showonepage>false</showonepage>
						<orientation>vertical</orientation>
					</control>
				</control>
				<control type="grouplist" id="9000">
					<posx>65</posx>
					<posy>920</posy>
					<width>1790</width>
					<height>60</height>
					<itemgap>6</itemgap>
					<align>center</align>
					<orientation>horizontal</orientation>
					<onleft>9000</onleft>
					<onright>9000</onright>
					<onup>13</onup>
					<ondown>13</ondown>
                    <control type="button" id="26">
						<description>Add Group</description>
						<width>215</width>
						<label>$LOCALIZE[31503]</label>
                        <font>ListDetails</font>
						<align>center</align>
					</control>
					<control type="button" id="27">
						<description>Rename Group</description>
						<width>215</width>
						<label>$LOCALIZE[31504]</label>
                        <font>ListDetails</font>
						<align>center</align>
					</control>
					<control type="radiobutton" id="25">
						<description>Hide Group</description>
						<width>265</width>
						<label>$LOCALIZE[19289]</label>
                        <font>ListDetails</font>
						<align>left</align>
						<texturenofocus border="4">WhiteRoundedcbxST2.png</texturenofocus>
					</control>
					<control type="button" id="28">
						<description>Delete Group</description>
						<width>215</width>
						<label>$LOCALIZE[31505]</label>
                        <font>ListDetails</font>
						<align>center</align>
					</control>
                    <control type="togglebutton" id="34">
					    <description>TV/Radio toggle</description>
					    <width>325</width>
					    <font>ListDetails</font>
                        <align>center</align>
					    <label>$LOCALIZE[19174]</label>
					    <altlabel>$LOCALIZE[19173]</altlabel>
                        <texturenofocus border="4">WhiteRoundedcbxST2.png</texturenofocus>
                        <alttexturenofocus border="4">WhiteRoundedcbxST2.png</alttexturenofocus>
					    <usealttexture>!String.IsEmpty(Window.Property(IsRadio))</usealttexture>
				    </control>
					
					<!-- Begin Matrix change -->
					
					<control type="button" id="35">
					    <description>Regenerate thumbnails for channel groups</description>
					    <width>325</width>
					    <font>ListDetails</font>
                        <align>center</align>
					    <label>$LOCALIZE[13315]</label>
				    </control>
					
					<!-- End Matrix change -->
					
					<control type="button" id="29">
						<description>OK</description>
						<width>185</width>
						<label>$LOCALIZE[186]</label>
                        <font>ListDetails</font>
						<align>center</align>
					</control>
				</control>
			</control>
			<control type="label" id="20">
				<description>Fake Label used to pass on name label</description>
				<visible>false</visible>
			</control>
		</control>
	</controls>
</window>