<?xml version="1.0" encoding="UTF-8"?>
<window>
	<defaultcontrol always="true">11</defaultcontrol>
	<coordinates>
		<posx>810</posx>
		<posy>-30</posy>
	</coordinates>
	<controls>
		<include>PVRChannelNumberInput</include>
		<control type="group" description="Content">
			<include>DialogOpenClose</include>
			<control type="image">
				<posx>290</posx>
				<posy>120</posy>
				<width>750</width>
				<height>980</height>
				<texture border="90,0,90,0">dialogs/DialogBG.png</texture>
				<colordiffuse>eeaaaaaa</colordiffuse>
			</control>
			<control type="label">
				<posx>340</posx>
				<posy>155</posy>
				<width>630</width>
				<height>36</height>
				<textcolor>$VAR[HighlightColor]</textcolor>
				<font>InfoTitle</font>
				<align>center</align>
				<label>$VAR[PVRChannelsOSDHeader]</label>
			</control>
			<control type="label">
				<posx>340</posx>
				<posy>195</posy>
				<width>630</width>
				<height>36</height>
				<textcolor>$VAR[HighlightColor]</textcolor>
				<align>center</align>
				<label>$INFO[System.Date] • $INFO[System.Time]</label>
			</control>
			<control type="list" id="11" description="CHANNELS">
				<posx>320</posx>
				<posy>240</posy>
				<width>680</width>
				<height>794</height>
				<onleft>NextChannelGroup</onleft>
				<onright>61</onright>
				<onup>11</onup>
				<ondown>11</ondown>
				<pagecontrol>61</pagecontrol>
				<scrolltime tween="sine" easing="inout">280</scrolltime>
				<itemlayout height="99">
					<control type="image">
						<height>99</height>
						<width>660</width>
						<texture flipy="true" border="3">list/ListNF.png</texture>
					</control>
					<include>RecOverlay</include>
					<control type="label" description="Number">
						<height>99</height>
						<width>80</width>
						<align>center</align>
						<aligny>center</aligny>
						<info>ListItem.ChannelNumberLabel</info>
					</control>
					<control type="label" description="Main Label">
						<posx>160</posx>
						<top>-10</top>
						<height>73</height>
						<width>500</width>
						<scroll>false</scroll>
						<label>$INFO[ListItem.Label,[B],[/B]]</label>
					</control>
					<control type="label">
						<posx>160</posx>
						<posy>53</posy>
						<width>500</width>
						<height>30</height>
						<align>left</align>
						<aligny>center</aligny>
						<label>$INFO[ListItem.Title]</label>
						<visible>String.IsEmpty(Listitem.Icon)</visible>
					</control>
					<control type="label">
						<posx>160</posx>
						<posy>53</posy>
						<width>500</width>
						<height>30</height>
						<align>left</align>
						<aligny>center</aligny>
						<label>$INFO[ListItem.Title]</label>
						<visible>!String.IsEmpty(Listitem.Icon)</visible>
					</control>
					<control type="progress">
						<posx>160</posx>
						<posy>90</posy>
						<width>500</width>
						<height>5</height>
						<texturebg border="0,0,0,0" colordiffuse="$VAR[LabelTextColor]">img/AmberDotBG.png</texturebg>
						<midtexture colordiffuse="Red" border="0,0,0,0">img/AmberDot.png</midtexture>
						<info>ListItem.Progress</info>
						<visible>ListItem.HasEpg</visible>
						<visible>ListItem.IsRecording</visible>
					</control>
					<control type="progress">
						<posx>160</posx>
						<posy>90</posy>
						<width>500</width>
						<height>5</height>
						<texturebg border="0,0,0,0" colordiffuse="$VAR[LabelTextColor]">img/AmberDotBG.png</texturebg>
						<midtexture border="0,0,0,0" colordiffuse="$VAR[HighlightColor]">img/AmberDot.png</midtexture>
						<info>ListItem.Progress</info>
						<visible>ListItem.HasEpg</visible>
						<visible>!ListItem.IsRecording</visible>
					</control>
					<control type="image">
						<left>80</left>
						<top>16</top>
						<width>70</width>
						<height>70</height>
						<texture>$INFO[ListItem.Icon]</texture>
						<aspectratio>keep</aspectratio>
					</control>
				</itemlayout>
				<focusedlayout height="99">
					<control type="image">
						<posy>3</posy>
						<width>680</width>
						<height>96</height>
						<texture border="4" colordiffuse="$VAR[HighlightColor]">WhiteRoundedcbxST2.png</texture>
					</control>
					<include>RecOverlay</include>
					<control type="label" description="Number">
						<height>99</height>
						<width>80</width>
						<align>center</align>
						<aligny>center</aligny>
						<textcolor>$VAR[FocusedTextColor]</textcolor>
						<shadowcolor>$VAR[DiffuseColor]</shadowcolor>
						<selectedcolor>$VAR[FocusedTextColor]</selectedcolor>
						<info>ListItem.ChannelNumberLabel</info>
					</control>
					<control type="label" description="Main Label">
						<posx>160</posx>
						<top>-10</top>
						<height>73</height>
						<width>500</width>
						<textcolor>$VAR[FocusedTextColor]</textcolor>
						<shadowcolor>$VAR[DiffuseColor]</shadowcolor>
						<selectedcolor>$VAR[FocusedTextColor]</selectedcolor>
						<label>$INFO[ListItem.Label,[B],[/B]]</label>
					</control>
					<control type="label">
						<posx>160</posx>
						<posy>53</posy>
						<width>500</width>
						<height>30</height>
						<textcolor>$VAR[FocusedTextColor]</textcolor>
						<shadowcolor>$VAR[DiffuseColor]</shadowcolor>
						<selectedcolor>$VAR[FocusedTextColor]</selectedcolor>
						<align>left</align>
						<aligny>center</aligny>
						<label>$INFO[ListItem.Title]</label>
						<visible>String.IsEmpty(Listitem.Icon)</visible>
					</control>
					<control type="label">
						<posx>160</posx>
						<posy>53</posy>
						<width>500</width>
						<height>30</height>
						<textcolor>$VAR[FocusedTextColor]</textcolor>
						<shadowcolor>$VAR[DiffuseColor]</shadowcolor>
						<selectedcolor>$VAR[FocusedTextColor]</selectedcolor>
						<align>left</align>
						<aligny>center</aligny>
						<label>$INFO[ListItem.Title]</label>
						<visible>!String.IsEmpty(Listitem.Icon)</visible>
					</control>
					<control type="progress">
						<posx>160</posx>
						<posy>90</posy>
						<width>500</width>
						<height>5</height>
						<texturebg colordiffuse="$VAR[LabelTextColor]" border="0,0,0,0">img/AmberDot.png</texturebg>
						<midtexture colordiffuse="Red" border="0,0,0,0">img/AmberDot.png</midtexture>
						<info>ListItem.Progress</info>
						<visible>ListItem.HasEpg</visible>
						<visible>ListItem.IsRecording</visible>
					</control>
					<control type="progress">
						<posx>160</posx>
						<posy>90</posy>
						<width>500</width>
						<height>5</height>
						<texturebg colordiffuse="$VAR[LabelTextColor]" border="0,0,0,0">img/AmberDot.png</texturebg>
						<midtexture colordiffuse="$VAR[FocusedTextColor]" border="0,0,0,0">img/AmberDot.png</midtexture>
						<info>ListItem.Progress</info>
						<visible>ListItem.HasEpg</visible>
						<visible>!ListItem.IsRecording</visible>
					</control>
					<control type="image">
						<left>80</left>
						<top>16</top>
						<width>70</width>
						<height>70</height>
						<texture>$INFO[ListItem.Icon]</texture>
						<aspectratio>keep</aspectratio>
					</control>
				</focusedlayout>
			</control>
			<control type="scrollbar" id="61">
				<animation effect="slide" start="0,0" end="-8,0" time="150">Focus</animation>
				<animation effect="slide" start="-8,0" end="0,0" time="300">UnFocus</animation>
				<posx>1003</posx>
				<posy>240</posy>
				<width>36</width>
				<height>750</height>
				<onleft>11</onleft>
				<onright>NextChannelGroup</onright>
				<ondown>61</ondown>
				<onup>61</onup>
				<texturesliderbackground></texturesliderbackground>
				<texturesliderbar></texturesliderbar>
				<texturesliderbarfocus></texturesliderbarfocus>
				<textureslidernib border="18">OSD/ScrollbarNibNF.png</textureslidernib>
				<textureslidernibfocus border="18" colordiffuse="$VAR[HighlightColor]">OSD/ScrollbarNibFO.png</textureslidernibfocus>
				<showonepage>false</showonepage>
				<orientation>vertical</orientation>
			</control>
		</control>
	</controls>
</window>
