<colors>
	<color name="maintext">FFE8E8E8</color>
	<color name="disabled">FF606060</color>
	<color name="black">FF000000</color>
	<color name="invalid">FFFF6666</color>
	<color name="highlight">FF23729B</color>	
	<color name="shadow">AA000000</color>
	<color name="background">FF0A1F2A</color>
	<color name="dialog">FF57A4CB</color>
	<color name="white11">11FFFFFF</color>
	<color name="blue">FF6db9e5</color>
	<color name="selectedRed">FFE10101</color>
	<color name="selectedOrange">ffD6A51E</color>
	<color name="red">FFFF0000</color>
	<color name="green">FF00FF00</color>
	<color name="yellow">fff5de50</color>
</colors>