<includes>
	<include name="DialogHeading">
		<left>50</left>
		<top>155</top>
		<width>1820</width>
		<height>775</height>
		<include>DialogAnimation</include>
		<!-- Heading -->
		<control type="label" id="$PARAM[DialogHeaderId]">
			<top>-115</top>
			<height>70</height>
			<font>Med60Upper</font>
			<textcolor>$VAR[TextColor]</textcolor>
			<label>$PARAM[DialogHeaderLabel]</label>
		</control>
	</include>
	<include name="DialogGrouplist">
		<centerleft>50%</centerleft>
		<centertop>50%</centertop>
		<height>775</height>
		<onright>noop</onright>
		<onleft>noop</onleft>
		<ondown>9000</ondown>
		<onup>noop</onup>
		<itemgap>25</itemgap>
		<align>center</align>
	</include>				
	<include name="DialogButtons">
		<control type="grouplist" id="9000">
			<right>50</right>
			<bottom>50</bottom>
			<width>1200</width>
			<height>75</height>
			<itemgap>0</itemgap>
			<onleft>1000</onleft>
			<onright>noop</onright>
			<onup>1000</onup>
			<ondown>noop</ondown>
			<align>right</align>
			<orientation>horizontal</orientation>
			<include>DialogAnimation</include>
			<control type="button" id="$PARAM[Button4ID]">
				<width>auto</width>
				<align>center</align>
				<textoffsetx>40</textoffsetx>
				<label>$PARAM[Button4Label]</label>
				
				<visible>$PARAM[Button4Visible]</visible>
			</control>
			<control type="button" id="$PARAM[Button3ID]">
				<width>auto</width>
				<align>center</align>
				<textoffsetx>40</textoffsetx>
				<label>$PARAM[Button3Label]</label>
				
				<visible>$PARAM[Button3Visible]</visible>
			</control>
			<control type="button" id="$PARAM[Button2ID]">
				<width>auto</width>
				<align>center</align>
				<textoffsetx>40</textoffsetx>
				<label>$PARAM[Button2Label]</label>
				
				<visible>$PARAM[Button2Visible]</visible>
			</control>
			<control type="button" id="$PARAM[Button1ID]">
				<width>auto</width>
				<align>center</align>
				<textoffsetx>40</textoffsetx>
				<label>$PARAM[Button1Label]</label>
				
				<visible>$PARAM[Button1Visible]</visible>
			</control>
		</control>
	</include>
</includes>