<?xml version="1.0" encoding="UTF-8" standalone="yes"?>
<addon id="repository.thedeadman" name="theDeadman Add-ons" version="1.0.0" provider-name="theDeadman">
    <extension point="xbmc.addon.repository" name="theDeadman Add-ons">
        <info compressed="true">https://github.com/chrisbevan/repository.thedeadman/raw/master/addons.xml</info>
        <checksum>https://github.com/chrisbevan/repository.thedeadman/raw/master/addons.xml.md5</checksum>
        <datadir zip="true">https://raw.githubusercontent.com/chrisbevan/repository.thedeadman/master/</datadir>
    </extension>
    <extension point="xbmc.addon.metadata">
        <summary>theDeadMan's Kodi skins and supporting scripts</summary>
        <description>theDeadMan's Kodi skins and supporting scripts</description>
        <platform>all</platform>
    </extension>
</addon>