<?xml version="1.0" encoding="UTF-8" standalone="yes"?>
<addon id="repository.BADMS" name="badaas Add-ons" version="1.0.0" provider-name="badaas">
    <extension point="xbmc.addon.repository" name="badaas Add-ons">
        <info compressed="true">https://github.com/BADMS/repository.BADMS/raw/master/addons.xml</info>
        <checksum>https://github.com/BADMS/repository.BADMS/raw/master/addons.xml.md5</checksum>
        <datadir zip="true">https://github.com/BADMS/repository.BADMS/</datadir>
    </extension>
    <extension point="xbmc.addon.metadata">
        <summary>badaas' Kodi skins and supporting scripts</summary>
        <description>badaas' Kodi skins and supporting scripts</description>
        <platform>all</platform>
    </extension>
</addon>