<?xml version="1.0" encoding="UTF-8"?>
<window>
	<defaultcontrol always="true">50</defaultcontrol>
	<menucontrol>9000</menucontrol>
	<allowoverlay>no</allowoverlay>
	<views>50</views>
	<onload>SetProperty(Colorbox_shuffle,2,home)</onload>
	<onload condition="System.HasAddon(script.colorbox)">RunScript(script.colorbox,info=shuffle,id=$NUMBER[10],var=$NUMBER[120])</onload>
	<onload>ClearProperty(SkinHelper.ListItem.Art.ClearLogo,Home)</onload>
	<onload>ClearProperty(MediaMenu,Home)</onload>
	<onload>ClearProperty(WideToggle,Home)</onload>
	<onunload>SetProperty(Colorbox_shuffle,2,home)</onunload>
	<onunload>ClearProperty(WideToggle,Home)</onunload>
	<onunload>Skin.SetString(background_fx,$INFO[Window(home).Property(cfa_daemon_set)])</onunload>
	<onunload>Skin.SetString(focus_fx,$INFO[Window(home).Property(FIVE_daemon_set)])</onunload>
	<onunload>ClearProperty(MediaMenu,Home)</onunload>
	
	<controls>
		<control type="image" id="7355"><left>2117</left><texture>$VAR[ThumbVar]</texture></control>
		<control type="multiimage" id="7975">
			<left>-2160</left>
			<imagepath background="true">$VAR[ThumbVar]</imagepath>
			<visible>!String.IsEmpty(Control.GetLabel(7355))</visible>
		</control>
		<control type="multiimage" id="7975">
			<left>-2160</left>
			<imagepath background="true">special://skin/media/adonic.jpg</imagepath>
			<visible>String.IsEmpty(Control.GetLabel(7355))</visible>
		</control>
		<control type="group">
			<visible>!String.IsEqual(Window(Home).Property(Colorbox_shuffle),2)</visible>
			<control type="group">
	            <animation effect="fade" end="0" time="400" tween="cubic">WindowClose</animation>
	            <animation effect="fade" start="0" end="0" time="0" tween="cubic" delay="0" condition="!String.IsEqual(Window(Home).Property(Colorbox_shuffle),0)" reversible="false">Conditional</animation>
	            <animation effect="fade" start="0" end="100" time="400" tween="cubic" delay="400" condition="String.IsEqual(Window(Home).Property(Colorbox_shuffle),0)" reversible="false">Conditional</animation>
				<control type="multiimage">
					<description>Normal Default Background Image</description>
					<left>0</left>
					<top>0</top>
					<width>FullScreenWidth</width>
					<height>1080</height>
					<imagepath background="true">$VAR[GlobalBackgroundVar]</imagepath>
				</control>
				<include>CommonBackground</include>
			</control>
			<control type="group">
				<include>View_50_Square</include>
				<!-- view id = 50 -->
			</control>
			<control type="group">
				<left>-400</left>
				<include>SideBladeLeft</include>
				<control type="grouplist" id="9050">
					<include>MediaMenuTop</include>
					<control type="radiobutton" id="7">
						<description>Hide foreign</description>
						<include>ButtonCommonValues</include>
						<label>25001</label>
					</control>
					<control type="radiobutton" id="8">
						<description>Hide foreign</description>
						<include>ButtonCommonValues</include>
						<label>24999</label>
					</control>
					<control type="label" id="10">
						<width>400</width>
						<height>60</height>
						
						<font>font13_title</font>
						<textcolor>$VAR[ColorHighlightVar]</textcolor>
						<label>31301</label>
					</control>
					<control type="label" id="11">
						<width>400</width>
						<height>60</height>
						
						<label>$INFO[Window.Property(Updated)]</label>
					</control>
					<control type="label" id="201">
						<width>400</width>
						<height>60</height>
						
						<font>font13_title</font>
						<textcolor>$VAR[ColorHighlightVar]</textcolor>
						<label>31039</label>
					</control>
					<control type="button" id="5">
						<description>Auto update</description>
						<include>ButtonCommonValues</include>
						<label>5</label>
					</control>
					<control type="button" id="9">
						<description>Check for updates</description>
						<include>ButtonCommonValues</include>
						<label>24034</label>
					</control>
					<include>PlaylistButtons</include>
				</control>
			</control>
			<control type="group" id="97631">
				<visible>!Window.IsActive(movieinformation) + !Window.IsActive(DialogVideoInfo.xml)</visible>
				<animation effect="slide" tween="cubic" time="600" start="0,700" end="0,0" reversible="false">WindowOpen</animation>
				<animation effect="slide" tween="cubic" time="300" start="0,0" end="0,700" reversible="false">WindowClose</animation>
				<animation effect="slide" tween="cubic" time="600" start="0,700" end="0,0" reversible="false">Visible</animation>
				<animation effect="slide" tween="cubic" time="300" start="0,0" end="0,700" reversible="false">Hidden</animation>



				<animation effect="slide" time="300" delay="100" start="0" end="0,483" tween="cubic" reversible="true" condition="!Window.IsVisible(DialogConfirm.xml) + !Window.IsVisible(DialogTextViewer.xml) + !Window.IsVisible(DialogSettings.xml) + !Window.IsVisible(DialogButtonMenu.xml) + !Window.IsVisible(DialogKeyboard.xml) + !Window.IsVisible(DialogNumeric.xml) + !Window.IsVisible(DialogAddonInfo.xml) + !Window.IsVisible(DialogContextMenu.xml) + !Window.IsVisible(DialogAddonSettings.xml) + !Window.IsVisible(FileBrowser.xml) + !Window.IsVisible(DialogSelect.xml) + !Window.IsVisible(DialogMediaSource.xml) + [Integer.IsLessOrEqual(System.CurrentControlID, 6002) | Integer.IsGreaterOrEqual(System.CurrentControlID, 9050)] + !String.StartsWith(System.CurrentControlID, 8011) + [[String.IsEqual(Container(9000).ListItem.Property(widget),weather) + Weather.IsFetched] | [!Control.IsVisible(12345) + !String.IsEqual(Container(9000).ListItem.Property(widget),weather) + !String.IsEmpty(Container(9000).ListItem.Property(widgetName))]]">Conditional</animation>
				
				<animation effect="slide" time="300" delay="100" start="0" end="0,163" tween="cubic" reversible="true" condition="!Window.IsVisible(DialogConfirm.xml) + !Window.IsVisible(DialogTextViewer.xml) + !Window.IsVisible(DialogSettings.xml) + !Window.IsVisible(DialogButtonMenu.xml) + !Window.IsVisible(DialogKeyboard.xml) + !Window.IsVisible(DialogNumeric.xml) + !Window.IsVisible(DialogAddonInfo.xml) + !Window.IsVisible(DialogContextMenu.xml) + !Window.IsVisible(DialogAddonSettings.xml) + !Window.IsVisible(FileBrowser.xml) + !Window.IsVisible(DialogSelect.xml) + !Window.IsVisible(DialogMediaSource.xml) + [Integer.IsLessOrEqual(System.CurrentControlID, 6002) | Integer.IsGreaterOrEqual(System.CurrentControlID, 9050)] + !String.StartsWith(System.CurrentControlID, 8011) + [String.IsEmpty(Container(9000).ListItem.Property(widgetName))]">Conditional</animation>

				<control type="group">
					<include>HomeDefault</include>
				</control>
				<control type="group">
					<left>-140</left>
					<top>195</top>
					<include>MenuHome3D</include>
				</control>
			</control>
        </control>
		<!--
		<control type="group">
			<visible>String.IsEqual(Window(Home).Property(Colorbox_shuffle),1)</visible>
			<include>Screen_Blockers_In</include>
		</control>
		-->
		<control type="group">
			<visible>String.IsEqual(Window(Home).Property(Colorbox_shuffle),1)</visible>
			<include>Screen_Blockers_Out</include>
		</control>
	</controls>
</window>