<?xml version="1.0" encoding="UTF-8"?>
<window>
	<defaultcontrol always="true">10</defaultcontrol>
	<allowoverlay>no</allowoverlay>
	<onload condition="String.IsEmpty(Skin.String(background_fx))">Skin.SetString(background_fx,blur)</onload>
	<onload condition="String.IsEmpty(Skin.String(focus_fx))">Skin.SetString(focus_fx,blur)</onload>
	<onload>SetProperty(adonic_loaded,1,home)</onload>
	<onload>Skin.SetBool(SkinHelper.EnableMusicArt)</onload>
	<onload>Skin.SetBool(SkinHelper.EnableExtraFanart)</onload>
	<onload>Skin.SetBool(Overlay.Unwatched)</onload>
	<onload>Skin.SetBool(Overlay.Watched)</onload>
	<onload>Skin.SetBool(Overlay.Resumable)</onload>
	<onload>SetProperty(cfa_daemon_set,$INFO[Skin.String(background_fx)],home)</onload>
	<onload>SetProperty(FIVE_daemon_set,$INFO[Skin.String(focus_fx)],home)</onload>
	<onload>SetProperty(EIGHT_daemon_set,$INFO[Skin.String(focus_fx)],home)</onload>
	<onload>SetProperty(SEVEN_daemon_set,True,home)</onload>
	<onload>SetProperty(FIVE_daemon_fallback,adonic.jpg,home)</onload>
	<onload>SetProperty(EIGHT_daemon_fallback,adonic.jpg,home)</onload>
	<onload>Skin.SetString(SkinHelper.RandomFanartDelay,3)</onload>
	<onload>SetProperty(ImageFilterFIVE,adonic.jpg,home)</onload>
	<onload condition="System.HasAddon(service.smartish.widgets)">Skin.SetBool(enable.smartish.widgets)</onload>
	<!--
	<onload condition="System.HasAddon(script.colorbox)">RunScript(script.colorbox,daemon=True,multis=$NUMBER[7988]:MYMULTI_ONE.:blur:5|$NUMBER[7989]:MYMULTI_TOO.:pixelate:1)</onload>
	<onload>RunScript(script.colorbox,var=quality,set=$INFO[Skin.String(colorbox_quality)])</onload>
	<onload>RunScript(script.colorbox,var=blursize,set=$INFO[Skin.String(colorbox_blursize)])</onload>
	<onload>RunScript(script.colorbox,var=bitsize,set=$INFO[Skin.String(colorbox_bitsize)])</onload>
	<onload>RunScript(script.colorbox,var=pixelsize,set=$INFO[Skin.String(colorbox_pixelsize)])</onload>
	<onload>RunScript(script.colorbox,var=black,set=$INFO[Skin.String(colorbox_black)])</onload>
	<onload>RunScript(script.colorbox,var=white,set=$INFO[Skin.String(colorbox_white)])</onload>
	<onload>RunScript(script.colorbox,info=blur,id=$VAR[PICTURE_LOCATION],prefix=mypic1,blursize=1,quality=8)</onload>
	-->
	<onunload>Skin.SetString(OSDCast,0)</onunload>
	<onunload>SetProperty(Colorbox_shuffle,2,home)</onunload>
	<controls>
		<control type="button" id="10">
			<description>trigger with startup Playlist</description>
			<onfocus condition="String.IsEmpty(Skin.String(Colorbox.header))">Skin.SetBool(Colorbox.header)</onfocus>
			<onfocus condition="String.IsEmpty(Skin.String(Colorbox.background))">Skin.SetBool(Colorbox.background)</onfocus>
			<onfocus condition="String.IsEmpty(Skin.String(MenuDefaultIconsPath))">Skin.SetString(MenuDefaultIconsPath,special://skin/extras/icons/)</onfocus>
			<onfocus condition="String.IsEmpty(Skin.String(colorbox_quality))">Skin.SetString(colorbox_quality,8)</onfocus>
			<onfocus>Skin.SetString(colorbox_main,main:)</onfocus>
			<onfocus>Skin.SetString(colorbox_comp,main:hls*0.33;0;0@hsv*0;-0.1;0.3)</onfocus>
			<onfocus condition="String.IsEmpty(Skin.String(colorbox_blursize))">Skin.SetString(colorbox_blursize,5)</onfocus>
			<onfocus condition="String.IsEmpty(Skin.String(colorbox_desat))">Skin.SetString(colorbox_desat,30)</onfocus>
			<onfocus condition="String.IsEmpty(Skin.String(colorbox_sharp))">Skin.SetString(colorbox_sharp,0)</onfocus>
			<onfocus condition="String.IsEmpty(Skin.String(colorbox_bitsize))">Skin.SetString(colorbox_bitsize,1)</onfocus>
			<onfocus condition="String.IsEmpty(Skin.String(colorbox_pixelsize))">Skin.SetString(colorbox_pixelsize,12)</onfocus>
			<onfocus condition="String.IsEmpty(Skin.String(colorbox_black))">Skin.SetString(colorbox_black,000000)</onfocus>
			<onfocus condition="String.IsEmpty(Skin.String(colorbox_white))">Skin.SetString(colorbox_white,ffffff)</onfocus>
			<onfocus condition="String.IsEmpty(Skin.String(highlightcolor.name))">Skin.SetString(highlightcolor.name,FFD1D1D1)</onfocus>
			<onfocus condition="String.IsEmpty(Skin.String(backgroundcolor.name))">Skin.SetString(backgroundcolor.name,FF7D6D4)</onfocus>
			<onfocus condition="Skin.HasSetting(Text.Shadow.Enable)">Skin.SetString(Text.Shadow.Colour,ff000000)</onfocus>
			<onfocus condition="!Skin.HasSetting(Text.Shadow.Enable)">Skin.SetString(Text.Shadow.Colour,-)</onfocus>
			<onfocus condition="System.HasAddon(script.colorbox)">RunScript(script.colorbox,daemon=True)</onfocus>
			<onfocus condition="System.HasAddon(script.skin.info.service)">RunScript(script.skin.info.service)</onfocus>
			<onfocus condition="Skin.HasSetting(Use_Startup_Playlist)">PlayMedia($INFO[Skin.String(Startup_Playlist_Path)])</onfocus>
			<onfocus condition="System.HasAddon(script.colorbox)">AlarmClock(nms1,SetProperty(NINE_manual_set,"var=desat,set=$INFO[Skin.String(colorbox_desat)]|var=sharp,set=$INFO[Skin.String(colorbox_sharp)]|var=lgsteps,set=20|var=main,set=$INFO[Skin.String(colorbox_main)]|var=comp,set=$INFO[Skin.String(colorbox_comp)]|var=quality,set=$INFO[Skin.String(colorbox_quality)]|var=blursize,set=$INFO[Skin.String(colorbox_blursize)]|var=bitsize,set=$INFO[Skin.String(colorbox_bitsize)]|var=pixelsize,set=$INFO[Skin.String(colorbox_pixelsize)]|var=black,set=$INFO[Skin.String(colorbox_black)]|var=white,set=$INFO[Skin.String(colorbox_white)]",home),00:05,true)</onfocus>
			<onfocus>ReplaceWindow($INFO[System.StartupWindow])</onfocus>
			<texturenofocus>-</texturenofocus>
			<texturefocus>-</texturefocus>
		</control>
	</controls>
</window>