<?xml version="1.0" encoding="UTF-8"?>
<window>
    <onload condition="Window.isactive(videolibrary) | window.isactive(videoplaylist) | Window.isactive(pvr) window.isactive(musiclibrary) | window.isactive(musicplaylist)">SetFocus(9000,0)</onload>
    <controls>
        <control type="group">
            <posx>col-19-begin</posx>
            <posy>row-2-begin</posy>
            <include condition="!window.isactive(progressdialog)">progressPosition1</include>
            <include condition="window.isactive(progressdialog)">progressPosition2</include>
            <!--<visible>!Window.IsActive(fullscreenvideo)</visible>-->
            <!--animations-->
            <animation type="Windowclose">
                <effect type="fade" start="100" end="0" time="400" tween="sine"/>
            </animation>
            <control type="group">
                <!--animations-->
                <animation type="Windowopen">
                    <effect type="slide" start="1000,0" end="0,0" time="400" tween="sine"/>
                </animation>
                <control type="image">
                    <posx>0</posx>
                    <posy>0</posy>
                    <width>8-col</width>
                    <height>3-row</height>
                    <texture>colors/white.png</texture>
                    <colordiffuse>FFFFFFFF</colordiffuse>
                    <bordertexture colordiffuse="highlight">colors/white.png</bordertexture>
                    <bordersize>6,0,0,0</bordersize>
                </control>
            </control>
            <control type="label" id="401">
                <description>heading</description>
                <visible>!StringCompare(control.getlabel(401),control.getlabel(402))</visible>
                <posx>24</posx>
                <posy>0</posy>
                <font>itemSubTitle</font>
                <width>468</width>
                <height>60</height>
                <aligny>center</aligny>
                <label>-</label>
                <textcolor>black</textcolor>
                <shadowcolor>-</shadowcolor>
                <!--animations-->
                <animation type="Windowopen">
                    <effect type="fade" start="0" end="100" delay="400" time="400" tween="sine"/>
                </animation>
            </control>
            <control type="label">
                <visible>StringCompare(control.getlabel(401),control.getlabel(402))</visible>
                <posx>24</posx>
                <posy>0</posy>
                <font>itemSubTitle</font>
                <width>468</width>
                <height>60</height>
                <aligny>center</aligny>
                <label>31023</label>
                <textcolor>black</textcolor>
                <shadowcolor>-</shadowcolor>
                <!--animations-->
                <animation type="Windowopen">
                    <effect type="fade" start="0" end="100" delay="400" time="400" tween="sine"/>
                </animation>
            </control>
            <control type="label" id="402">
                <description>message</description>
                <posx>24</posx>
                <posy>1-row</posy>
                <font>dialogTitle</font>
                <textcolor>black</textcolor>
                <width>468</width>
                <height>2-row</height>
                <aligny>center</aligny>
                <label>-</label>
                <!--animations-->
                <animation type="Windowopen">
                    <effect type="fade" start="0" end="100" delay="600" time="400" tween="sine"/>
                </animation>
            </control>
        </control>
        <!--debugging-->
        <include>DebugGrid</include>
        <control type="label">
            <include>WindowID</include>
            <label>DialogKaiToast.xml</label>
        </control>
    </controls>
</window>
