<?xml version="1.0" encoding="UTF-8"?>
<window>
    <defaultcontrol always="true">5</defaultcontrol>

    <include>fadeInOut</include>
    <controls>
        <include>modalDialog</include>
        <control type="group">
            <posx>col-8-begin</posx>
            <posy>row-3-begin</posy>
            <!--animations-->
            <include>modalDialogInOut</include>
            <control type="image">
                <posx>0</posx>
                <posy>0</posy>
                <width>8-col</width>
                <height>-</height>
                <aspectratio align="left" aligny="top">keep</aspectratio>
                <texture>$INFO[listitem.thumb]</texture>
            </control>
            <control type="panel" id="5">
                <posx>0</posx>
                <posy>11-row</posy>
                <width>12-col</width>
                <height>12-row</height>
                <itemlayout width="8-col" height="36">
                    <control type="label">
                        <posx>0</posx>
                        <width>4-col-gutter</width>
                        <label>$INFO[ListItem.Label]</label>
                        <font>smallStrong</font>
                    </control>
                    <control type="label">
                        <posx>3-col</posx>
                        <width>9-col-gutter</width>
                        <align>left</align>
                        <label>[B]$INFO[ListItem.Label2][/B]</label>
                        <font>smallStrong</font>
                    </control>
                </itemlayout>
                <focusedlayout width="8-col" height="36">
                    <control type="label">
                        <posx>0</posx>
                        <width>4-col-gutter</width>
                        <info>ListItem.Label</info>
                        <font>smallStrong</font>
                    </control>
                    <control type="label">
                        <posx>3-col</posx>
                        <width>9-col-gutter</width>
                        <align>left</align>
                        <info>ListItem.Label2</info>
                        <font>smallMedium</font>
                    </control>
                </focusedlayout>
            </control>
        </control>
        <!--debugging-->
        <include>DebugGrid</include>
        <control type="label">
            <include>DialogID</include>
            <label>DialogPictureInfo.xml</label>
        </control>
    </controls>
</window>
