<?xml version="1.0" encoding="UTF-8"?>
<window>
    <defaultcontrol always="true">8000</defaultcontrol>
    <controls>
        <control type="group">
            <!--background-->
            <control type="group">
                <include>fadeInOut</include>
                <control type="image">
                    <include>dimensionsFullscreen</include>
                    <texture>colors/black.png</texture>
                    <colordiffuse>eeFFFFFF</colordiffuse>
                    <aspectratio>stretch</aspectratio>
                </control>
            </control>
            <!--content-->
            <control type="group">
                <posx>col-7-begin</posx>
                <posy>row-5-begin</posy>
                <include>modalDialogInOut</include>
                <!--titles-->
                <control type="label">
                    <description>Episode title</description>
                    <posx>0</posx>
                    <posy>0</posy>
                    <width>12-col-gutter</width>
                    <height>3-row</height>
                    <align>left</align>
                    <aligny>center</aligny>
                    <font>mediumStrong</font>
                    <textcolor>highlight</textcolor>
                    <shadowcolor>-</shadowcolor>
                    <label>$INFO[ListItem.Label]</label>
                    <wrapmultiline>true</wrapmultiline>
                </control>
                <control type="label">
                    <posx>0</posx>
                    <posy>4-row</posy>
                    <width>12-col-gutter</width>
                    <align>left</align>
                    <aligny>center</aligny>
                    <font>itemTitle</font>
                    <textcolor>textActive</textcolor>
                    <shadowcolor>-</shadowcolor>
                    <label>[COLOR highlight]$LOCALIZE[31214][/COLOR] $INFO[ListItem.channelname]</label>
                </control>
                <control type="label">
                    <posx>0</posx>
                    <posy>5-row</posy>
                    <width>12-col-gutter</width>
                    <align>left</align>
                    <aligny>center</aligny>
                    <font>itemTitle</font>
                    <textcolor>textActive</textcolor>
                    <shadowcolor>-</shadowcolor>
                    <label>[COLOR highlight]$LOCALIZE[31192][/COLOR] $INFO[ListItem.startdate]</label>
                </control>
                <control type="label">
                    <posx>0</posx>
                    <posy>6-row</posy>
                    <width>12-col-gutter</width>
                    <align>left</align>
                    <aligny>center</aligny>
                    <font>itemTitle</font>
                    <textcolor>textActive</textcolor>
                    <shadowcolor>-</shadowcolor>
                    <label>[COLOR highlight]$LOCALIZE[31193][/COLOR] $INFO[ListItem.duration]</label>
                </control>
                <!--synopsis-->
                <control type="textbox">
                    <posx>0</posx>
                    <posy>8-row</posy>
                    <font>textbox</font>
                    <width>12-col</width>
                    <align>left</align>
                    <textcolor>textActive</textcolor>
                    <shadowcolor>-</shadowcolor>
                    <height>200</height>
                    <label>$INFO[ListItem.plot]</label>
                    <autoscroll delay="10000" time="1000" repeat="10000"/>
                </control>
                <!--dialog controls-->
                <control type="list" id="8000">
                    <posx>0</posx>
                    <posy>16-row</posy>
                    <width>12-col</width>
                    <height>2-row</height>
                    <orientation>horizontal</orientation>
                    <itemlayout width="4-col" height="2-row">
                        <control type="image">
                            <posx>0</posx>
                            <posy>0</posy>
                            <width>4-col</width>
                            <height>2-row</height>
                            <aspectratio>stretch</aspectratio>
                            <texture>colors/black.png</texture>
                        </control>
                        <control type="label">
                            <posx>0</posx>
                            <posy>0</posy>
                            <width>1-col</width>
                            <height>2-row</height>
                            <aligny>center</aligny>
                            <align>center</align>
                            <font>symbolLarge</font>
                            <textcolor>textActive</textcolor>
                            <label>$INFO[ListItem.label2]</label>
                            <shadowcolor>-</shadowcolor>
                        </control>
                        <control type="label">
                            <posx>1-col-indent</posx>
                            <posy>0</posy>
                            <width>3-col</width>
                            <height>2-row</height>
                            <aligny>center</aligny>
                            <font>buttonTitle</font>
                            <textcolor>textActive</textcolor>
                            <label>$INFO[ListItem.label]</label>
                            <shadowcolor>-</shadowcolor>
                        </control>
                    </itemlayout>
                    <focusedlayout width="4-col" height="2-row">
                        <control type="image">
                            <posx>0</posx>
                            <posy>0</posy>
                            <width>1-col-textbox</width>
                            <height>2-row</height>
                            <aspectratio>stretch</aspectratio>
                            <texture>colors/white.png</texture>
                            <colordiffuse>highlight</colordiffuse>
                            <include>spinFocusIcon</include>
                        </control>
                        <control type="image">
                            <posx>1-col</posx>
                            <posy>0</posy>
                            <width>3-col</width>
                            <height>2-row</height>
                            <aspectratio>stretch</aspectratio>
                            <texture>colors/white.png</texture>
                        </control>
                        <control type="label">
                            <posx>0</posx>
                            <posy>0</posy>
                            <width>1-col</width>
                            <height>2-row</height>
                            <aligny>center</aligny>
                            <align>center</align>
                            <font>symbolLarge</font>
                            <textcolor>textActive</textcolor>
                            <label>$INFO[ListItem.label2]</label>
                            <shadowcolor>-</shadowcolor>
                        </control>
                        <control type="label">
                            <posx>1-col-indent</posx>
                            <posy>0</posy>
                            <width>3-col</width>
                            <height>2-row</height>
                            <aligny>center</aligny>
                            <font>buttonTitle</font>
                            <textcolor>black</textcolor>
                            <label>$INFO[ListItem.label]</label>
                            <shadowcolor>-</shadowcolor>
                        </control>
                    </focusedlayout>
                    <content>
                        <item id="1">
                            <label>31075</label>
                            <label2></label2>
                            <thumb>-</thumb>
                            <onclick>sendclick(2003,8)</onclick>
                        </item>
                        <item id="2">
                            <label>264</label>
                            <label2></label2>
                            <thumb>-</thumb>
                            <onclick>SendClick(2003,6)</onclick>
                        </item>
                        <item id="3">
                            <label>31073</label>
                            <label2></label2>
                            <thumb>-</thumb>
                            <onclick>dialog.close(all,true)</onclick>
                            <onclick>ActivateWindow(TVGuide)</onclick>
                            <onclick>Control.SetFocus(10)</onclick>
                        </item>
                    </content>
                </control>
            </control>
        </control>
        <!--buttons-->
        <control type="group">
            <visible>false</visible>
            <control type="button" id="4">
                <description>Find similar</description>
                <label>19003</label>
            </control>
            <control type="button" id="5">
                <description>Switch to Channel</description>
                <label>19165</label>
            </control>
            <control type="button" id="6">
                <description>Record</description>
            </control>
            <control type="button" id="8">
                <description>Play recording</description>
                <label>19687</label>
            </control>
        </control>
        <!--debugging-->
        <include>DebugGrid</include>
        <control type="label">
            <include>WindowID</include>
            <label>DialogPVRInfo.xml</label>
        </control>
    </controls>
</window>
