<?xml version="1.0" encoding="UTF-8"?>
<window>
    <defaultcontrol always="false">9000</defaultcontrol>

    <onload condition="window.previous(0)">setfocus(9000)</onload>
    <previouswindow>home</previouswindow>
    <controls>

        <include>globalBackground</include>

        <!--page container group-->
        <control type="group">

            <!--window fader-->
            <animation type="conditional" condition="window.next(0) | window.next(1)">
                <effect type="fade" start="100" end="0" time="300"/>
            </animation>
            <!--shift page for certain modal dialogs-->
            <include>modalDialogContentShift</include>

            <!--Main content listing-->
            <control type="group" id="9999">
                <!--recent items-->
                <control type="group">
                    <visible>Library.HasContent(Music) + SubString(skin.string(showRecentMusicItems),true)</visible>
                    <onleft>9000</onleft>
                    <include>musicRecentItems</include>
                </control>
                <!--source content-->
                <control type="group" id="9500">
                    <visible>skin.string(showRecentMusicItems) + SubString(skin.string(showRecentMusicItems),false)</visible>
                    <include>artist</include>
                    <include>album</include>
                    <include>artistalbums</include>
                    <include>song</include>
                    <include>musicgenre</include>
                    <include>musicfiles</include>
                    <include>musicaddons</include>
                </control>
            </control>

            <!--page scrollbar-->
            <control type="group" id="8000">
                <visible>Control.IsVisible(60) + SubString(skin.string(showRecentMusicItems),false)</visible>
                <animation effect="fade" start="100" end="0" time="100" condition="!controlgroup(8000).hasfocus">conditional</animation>
                <control type="scrollbar" id="60">
                    <posx>48r</posx>
                    <posy>276</posy>
                    <height>672</height>
                    <onleft>9999</onleft>
                    <onright>9002</onright>
                    <onback>9999</onback>
                </control>
            </control>

            <!--Folder titles-->
            <control type="group">
                <posx>0</posx>
                <posy>0</posy>
                <animation type="Conditional" condition="IntegerGreaterThan(container.numitems,0)">
                    <effect type="fade" start="0" end="100" time="300"/>
                </animation>
                <!--source title-->
                <control type="label">
                    <posx>col-1-begin</posx>
                    <posy>row-1-begin</posy>
                    <width>14-col</width>
                    <font>pageTitle</font>
                    <label>$VAR[listTitle]</label>
                    <textcolor>textActive</textcolor>
                </control>
                <!--source subtitle-->
                <control type="label">
                    <posx>col-1-begin</posx>
                    <posy>96</posy>
                    <width>auto</width>
                    <font>pageSubTitle</font>
                    <label>$VAR[listSubTitle]</label>
                    <textcolor>textActive</textcolor>
                </control>
                <!--dateTime-->
                <include>dateTime</include>
            </control>
        </control>
        <!--hub menu-->
        <include>hubMenu</include>
        <include>hubOptions</include>
        <!--loading indicator-->
        <include>loadingIndicator</include>
        <!--debugging-->
        <include>DebugGrid</include>
        <control type="label">
            <include>WindowID</include>
            <label>MyMusicNav.xml</label>
        </control>
    </controls>
</window>
