<?xml version="1.0" encoding="UTF-8"?>
<window>
    <defaultcontrol always="false">9999</defaultcontrol>

    <onload condition="!Player.HasAudio">PlayerControl(stop)</onload>
    <onunload>Skin.SetString(showRecentVideoItems,true)</onunload>
    <controls>
        <include>globalBackground</include>

        <!--page container group-->
        <control type="group">

            <!--window fader-->
            <animation type="conditional" condition="window.next(0) | window.next(1)">
                <effect type="fade" start="100" end="0" time="300"/>
            </animation>

            <!--shift page for certain modal dialogs-->
            <include>modalDialogContentShift</include>

            <!--initial animation-->
            <animation type="Windowopen">
                <effect type="fade" start="0" end="100" time="300"/>
            </animation>

            <!--Main content listing-->
            <control type="group" id="9999">
                <include>liveTVChannels</include>
            </control>

            <!--page scrollbar-->
            <control type="group" id="9400">
                <visible>Control.IsVisible(60) + !control.isvisible(10)</visible>
                <animation effect="fade" start="100" end="0" time="100" condition="!controlgroup(9400).hasfocus">conditional</animation>
                <control type="scrollbar" id="60">
                    <posx>51r</posx>
                    <posy>row-5-begin</posy>
                    <height>22-row</height>
                    <onleft>9999</onleft>
                    <onright>9002</onright>
                    <onback>9999</onback>
                </control>
            </control>

            <!--Folder titles-->
            <control type="group">
                <posx>col-1-begin</posx>
                <posy>row-1-begin</posy>
                <!--source title-->
                <control type="label">
                    <visible>window.isactive(tvchannels)</visible>
                    <posx>0</posx>
                    <posy>0</posy>
                    <width>14-col</width>
                    <font>pageTitle</font>
                    <label>$LOCALIZE[31006] [COLOR highlight]$LOCALIZE[31078][/COLOR]</label>
                    <textcolor>textActive</textcolor>
                </control>
                <control type="label">
                    <visible>window.isactive(radiochannels)</visible>
                    <posx>0</posx>
                    <posy>0</posy>
                    <width>14-col</width>
                    <font>pageTitle</font>
                    <label>$LOCALIZE[31164] [COLOR highlight]$LOCALIZE[31078][/COLOR]</label>
                    <textcolor>textActive</textcolor>
                </control>
                <control type="label">
                    <posx>0</posx>
                    <posy>48</posy>
                    <width>14-col</width>
                    <font>pageSubTitle</font>
                    <label>$INFO[Pvr.BackendChannels] $LOCALIZE[31017]</label>
                    <textcolor>textActive</textcolor>
                </control>
            </control>

            <!--dateTime-->
            <include>dateTime</include>
        </control>

        <!--hub menu-->
        <include>hubMenu</include>
        <include>hubOptions</include>
        <!--debugging-->
        <include>DebugGrid</include>
        <control type="label">
            <include>DialogID</include>
            <label>MyPVRChannels.xml</label>
        </control>
    </controls>
</window>
