<?xml version="1.0" encoding="UTF-8"?>
<includes>
    <include name="videoaddons">

        <control type="group">
            <visible>container.content(addons)</visible>
            <control type="panel" id="59">
                <visible>!isempty(container.folderpath) + !StringCompare(container.foldername,files) + !container.content(movies) + !container.content(tvshows) + !container.content(episodes) + !container.content(seasons) + !Substring(Container.folderpath,plugin)</visible>
                <posx>78</posx>
                <posy>row-5-begin</posy>
                <width>1800</width>
                <height>24-row</height>
                <onleft>9000</onleft>
                <onright>60</onright>
                <ondown>59</ondown>
                <onup>59</onup>
                <onback>9000</onback>
                <pagecontrol>60</pagecontrol>
                <scrolltime tween="cubic" easing="out">600</scrolltime>
                <itemlayout width="300" height="300">
                    <control type="image">
                        <posx>0</posx>
                        <posy>0</posy>
                        <width>4-col-gutter</width>
                        <height>4-col-gutter</height>
                        <aspectratio>stretch</aspectratio>
                        <texture border="6">defaultAlbumCover.png</texture>
                        <bordertexture border="6" colordiffuse="overlay">colors/black.png</bordertexture>
                        <bordersize>6</bordersize>
                        <colordiffuse>textboxInactive</colordiffuse>
                    </control>
                    <control type="label">
                        <visible>!controlgroup(9000).hasfocus</visible>
                        <posx>12</posx>
                        <posy>2-row</posy>
                        <width>240</width>
                        <height>2-row</height>
                        <align>center</align>
                        <aligny>center</aligny>
                        <font>regularStrong</font>
                        <textcolor>textDisabled</textcolor>
                        <label>$INFO[ListItem.label]</label>
                    </control>
                    <control type="label">
                        <visible>!controlgroup(9000).hasfocus</visible>
                        <posx>12</posx>
                        <posy>3-row</posy>
                        <width>240</width>
                        <height>2-row</height>
                        <align>center</align>
                        <aligny>center</aligny>
                        <font>buttonTitle</font>
                        <textcolor>textDisabled</textcolor>
                        <label>$INFO[ListItem.Property(Addon.Summary)]</label>
                    </control>
                    <control type="image">
                        <posx>0</posx>
                        <posy>0</posy>
                        <width>4-col-gutter</width>
                        <height>4-col-gutter</height>
                        <aspectratio>stretch</aspectratio>
                        <texture border="6">$INFO[Listitem.thumb]</texture>
                        <bordertexture border="6" colordiffuse="overlay">colors/black.png</bordertexture>
                        <bordersize>6</bordersize>
                        <colordiffuse>ffFFFFFF</colordiffuse>
                    </control>
                </itemlayout>
                <focusedlayout width="4-col" height="4-col">
                    <control type="group">
                        <animation type="focus" loop="false" reversible="false">
                            <effect type="rotatey" start="0" end="-15" center="132" tween="back" easing="out" time="300"/>
                            <effect type="rotatey" start="0" end="15" center="132" tween="back" easing="out" delay="300" time="300"/>
                            <effect type="zoom" start="95" end="110" center="auto" tween="back" easing="out" time="300"/>
                        </animation>
                        <control type="image">
                            <posx>0</posx>
                            <posy>0</posy>
                            <width>4-col-gutter</width>
                            <height>4-col-gutter</height>
                            <aspectratio>stretch</aspectratio>
                            <texture fallback="defaultAlbumCover.png" border="6">$INFO[Listitem.thumb]</texture>
                            <bordertexture border="6" colordiffuse="FFFFFFFF">colors/white.png</bordertexture>
                            <bordersize>6</bordersize>
                            <colordiffuse>ff666666</colordiffuse>
                        </control>
                        <control type="label">
                            <posx>12</posx>
                            <posy>2-row</posy>
                            <width>240</width>
                            <height>2-row</height>
                            <align>center</align>
                            <aligny>center</aligny>
                            <font>regularStrong</font>
                            <textcolor>textActive</textcolor>
                            <label>$INFO[ListItem.label]</label>
                        </control>
                        <control type="label">
                            <posx>12</posx>
                            <posy>3-row</posy>
                            <width>240</width>
                            <height>2-row</height>
                            <align>center</align>
                            <aligny>center</aligny>
                            <font>buttonTitle</font>
                            <textcolor>textActive</textcolor>
                            <label>$INFO[ListItem.Property(Addon.Summary)]</label>
                        </control>
                        <control type="grouplist">
                            <visible>!isempty(ListItem.Property(Addon.Name))</visible>
                            <posx>42</posx>
                            <posy>5-row</posy>
                            <width>4-col-gutter</width>
                            <orientation>horizontal</orientation>
                            <control type="label">
                                <width>24</width>
                                <height>2-row</height>
                                <aligny>center</aligny>
                                <font>symbol</font>
                                <textcolor>textActive</textcolor>
                                <label></label>
                            </control>
                            <control type="label">
                                <width>1-col</width>
                                <height>2-row</height>
                                <aligny>center</aligny>
                                <font>smallStrong</font>
                                <textcolor>textActive</textcolor>
                                <label>$LOCALIZE[31185]</label>
                            </control>
                            <control type="label">
                                <width>24</width>
                                <height>2-row</height>
                                <aligny>center</aligny>
                                <font>symbol</font>
                                <textcolor>textActive</textcolor>
                                <label></label>
                            </control>
                            <control type="label">
                                <width>1-col</width>
                                <height>2-row</height>
                                <aligny>center</aligny>
                                <font>smallStrong</font>
                                <textcolor>textActive</textcolor>
                                <label>$LOCALIZE[31184]</label>
                            </control>
                        </control>
                    </control>
                </focusedlayout>
            </control>
        </control>
    </include>
</includes>
