<?xml version="1.0" encoding="UTF-8"?>
<includes>
    <include name="musicRecentItems">
        <control type="group">
            <include>fadeInOut</include>

            <!--fanart-->
            <control type="group">
                <control type="image">
                    <posx>0</posx>
                    <posy>0</posy>
                    <width>fullscreenWidth</width>
                    <height>fullscreenHeight</height>
                    <aspectratio scalediffuse="false" align="center">stretch</aspectratio>
                    <texture background="true" fallback="colors/offblack.png" border="0">$INFO[container(9998).listitem.art(fanart)]</texture>
                    <fadetime>500</fadetime>
                    <colordiffuse>77FFFFFF</colordiffuse>
                    <include>kenBurnsey</include>
                </control>
                <control type="image">
                    <include>dimensionsFullscreen</include>
                    <texture>vignette.png</texture>
                    <colordiffuse>ffffffff</colordiffuse>
                    <aspectratio>stretch</aspectratio>
                </control>
            </control>

            <control type="group">
                <animation type="Conditional" condition="controlgroup(9000).hasfocus | controlgroup(9002).hasfocus | controlgroup(100).hasfocus">
                    <effect type="fade" start="100" end="0" time="200"/>
                </animation>
                <control type="image">
                    <posx>0</posx>
                    <posy>row-20-begin</posy>
                    <width>fullscreenWidth</width>
                    <height>15-row</height>
                    <aspectratio scalediffuse="false">stretch</aspectratio>
                    <texture border="0">colors/black.png</texture>
                    <colordiffuse>ccffffff</colordiffuse>
                </control>
                <!--titles-->
                <control type="group">
                    <posx>col-1-begin</posx>
                    <posy>row-12-begin</posy>
                    <control type="label">
                        <posx>24-col</posx>
                        <posy>0</posy>
                        <width>24-col</width>
                        <height>6-row</height>
                        <align>right</align>
                        <font>veryLargeLight</font>
                        <textcolor>66ffffff</textcolor>
                        <shadowcolor>-</shadowcolor>
                        <wrapmultiline>true</wrapmultiline>
                        <label>[B]$INFO[container(9998).listitem.artist][/B][CR]$INFO[container(9998).listitem.title] $INFO[container(9998).listitem.year,(,)]</label>
                    </control>
                </control>
            </control>

            <!--content listing-->
            <control type="panel" id="9998">
                <animation type="Conditional" condition="controlgroup(9000).hasfocus | controlgroup(9002).hasfocus | controlgroup(100).hasfocus">
                    <effect type="fade" start="100" end="0" time="200"/>
                </animation>
                <posx>72</posx>
                <posy>row-21-begin</posy>
                <width>1800</width>
                <height>9-row</height>
                <onup>9123</onup>
                <onleft>9000</onleft>
                <onback>9000</onback>
                <orientation>horizontal</orientation>
                <onclick>Skin.SetString(showRecentMusicItems,false)</onclick>
                <onclick>activatewindow(Musiclibrary,musicdb://albums/$INFO[listitem.DBID])</onclick>
                <onclick>Control.SetFocus(50)</onclick>
                <content>$INFO[control.getlabel(9123)]</content>
                <itemlayout width="300" height="4-col">
                    <control type="image">
                        <posx>0</posx>
                        <posy>0</posy>
                        <width>4-col-gutter</width>
                        <height>4-col-gutter</height>
                        <aspectratio>stretch</aspectratio>
                        <texture border="6">defaultAlbumCover.png</texture>
                        <bordertexture border="6" colordiffuse="overlay">colors/black.png</bordertexture>
                        <bordersize>6</bordersize>
                        <colordiffuse>textboxInactive</colordiffuse>
                    </control>
                    <control type="label">
                        <visible>!controlgroup(9000).hasfocus</visible>
                        <posx>12</posx>
                        <posy>2-row</posy>
                        <width>240</width>
                        <height>2-row</height>
                        <align>center</align>
                        <aligny>center</aligny>
                        <font>regularStrong</font>
                        <textcolor>textDisabled</textcolor>
                        <label>$INFO[ListItem.title]</label>
                    </control>
                    <control type="label">
                        <visible>!controlgroup(9000).hasfocus</visible>
                        <posx>12</posx>
                        <posy>3-row</posy>
                        <width>240</width>
                        <height>2-row</height>
                        <align>center</align>
                        <aligny>center</aligny>
                        <font>buttonTitle</font>
                        <textcolor>textDisabled</textcolor>
                        <label>$INFO[ListItem.artist]</label>
                    </control>
                    <control type="image">
                        <posx>0</posx>
                        <posy>0</posy>
                        <width>4-col-gutter</width>
                        <height>4-col-gutter</height>
                        <aspectratio>stretch</aspectratio>
                        <texture border="6">$INFO[ListItem.Art(thumb)]</texture>
                        <bordertexture border="6" colordiffuse="overlay">colors/black.png</bordertexture>
                        <bordersize>6</bordersize>
                        <colordiffuse>ffffffff</colordiffuse>
                    </control>
                </itemlayout>
                <focusedlayout width="4-col" height="4-col">
                    <control type="group">
                        <animation type="focus" loop="false" reversible="false">
                            <effect type="rotatey" start="0" end="-15" center="132" tween="back" easing="out" time="300"/>
                            <effect type="rotatey" start="0" end="15" center="132" tween="back" easing="out" delay="300" time="300"/>
                            <effect type="zoom" start="95" end="110" center="auto" tween="back" easing="out" time="300"/>
                        </animation>
                        <control type="image">
                            <posx>0</posx>
                            <posy>0</posy>
                            <width>4-col-gutter</width>
                            <height>4-col-gutter</height>
                            <aspectratio>stretch</aspectratio>
                            <texture border="6">defaultAlbumCover.png</texture>
                            <bordertexture border="6" colordiffuse="ffFFFFFF">colors/white.png</bordertexture>
                            <bordersize>6</bordersize>
                        </control>
                        <control type="label">
                            <visible>!controlgroup(9000).hasfocus</visible>
                            <posx>12</posx>
                            <posy>2-row</posy>
                            <width>240</width>
                            <height>2-row</height>
                            <align>center</align>
                            <aligny>center</aligny>
                            <font>regularStrong</font>
                            <textcolor>textActive</textcolor>
                            <label>$INFO[ListItem.title]</label>
                        </control>
                        <control type="label">
                            <visible>!controlgroup(9000).hasfocus</visible>
                            <posx>12</posx>
                            <posy>3-row</posy>
                            <width>240</width>
                            <height>2-row</height>
                            <align>center</align>
                            <aligny>center</aligny>
                            <font>buttonTitle</font>
                            <textcolor>textActive</textcolor>
                            <label>$INFO[ListItem.artist]</label>
                        </control>
                        <control type="image">
                            <posx>0</posx>
                            <posy>0</posy>
                            <width>4-col-gutter</width>
                            <height>4-col-gutter</height>
                            <aspectratio>stretch</aspectratio>
                            <texture border="6">$INFO[ListItem.Art(thumb)]</texture>
                            <bordertexture border="6" colordiffuse="ffFFFFFF">colors/white.png</bordertexture>
                            <bordersize>6</bordersize>
                            <colordiffuse>ffffffff</colordiffuse>
                        </control>
                    </control>
                </focusedlayout>
            </control>

            <!--content selector-->
            <control type="list" id="9123">
                <animation type="Conditional" condition="controlgroup(9000).hasfocus | controlgroup(9002).hasfocus | controlgroup(100).hasfocus">
                    <effect type="fade" start="100" end="0" time="200"/>
                </animation>
                <posx>72</posx>
                <posy>672</posy>
                <width>24-col</width>
                <height>78</height>
                <onleft>9000</onleft>
                <ondown>9998</ondown>
                <onback>9000</onback>
                <orientation>horizontal</orientation>
                <itemlayout width="4-col" height="2-row">
                    <control type="label">
                        <posx>12</posx>
                        <posy>0</posy>
                        <width>4-col</width>
                        <height>2-row</height>
                        <font>buttonTitle</font>
                        <aligny>center</aligny>
                        <textcolor>textActive</textcolor>
                        <shadowcolor>-</shadowcolor>
                        <label>[B]$INFO[ListItem.property(textTitle)][/B]</label>
                    </control>
                </itemlayout>
                <focusedlayout width="4-col" height="78">
                    <control type="image">
                        <posx>0</posx>
                        <posy>56</posy>
                        <width>4-col-textbox</width>
                        <height>9</height>
                        <texture>colors/white.png</texture>
                        <colordiffuse>highlight</colordiffuse>
                        <aspectratio>stretch</aspectratio>
                        <animation effect="fade" start="100" end="20" time="750" condition="Control.HasFocus(9123)" pulse="true">Conditional</animation>
                    </control>
                    <control type="label">
                        <posx>12</posx>
                        <posy>0</posy>
                        <width>4-col</width>
                        <height>2-row</height>
                        <font>buttonTitle</font>
                        <aligny>center</aligny>
                        <textcolor>textActive</textcolor>
                        <shadowcolor>-</shadowcolor>
                        <label>[B]$INFO[ListItem.property(textTitle)][/B]</label>
                    </control>
                </focusedlayout>
                <content>
                    <item id="1">
                        <label>special://skin/extras/playlists/recentAlbums.xsp</label>
                        <property name="textTitle">31180</property>
                        <onclick>noop</onclick>
                    </item>
                    <item id="2">
                        <label>special://skin/extras/playlists/topAlbums.xsp</label>
                        <property name="textTitle">31187</property>
                        <onclick>noop</onclick>
                    </item>
                    <item id="3">
                        <label>special://skin/extras/playlists/randomAlbums.xsp</label>
                        <property name="textTitle">31181</property>
                        <onclick>noop</onclick>
                    </item>
                </content>
            </control>

        </control>
    </include>
</includes>
